sp_id,piece,score
0,<pad>,0
1,<s>,0
2,</s>,0
3,<unk>,0
4,<0x00>,0
5,<0x01>,0
6,<0x02>,0
7,<0x03>,0
8,<0x04>,0
9,<0x05>,0
10,<0x06>,0
11,<0x07>,0
12,<0x08>,0
13,<0x09>,0
14,<0x0A>,0
15,<0x0B>,0
16,<0x0C>,0
17,<0x0D>,0
18,<0x0E>,0
19,<0x0F>,0
20,<0x10>,0
21,<0x11>,0
22,<0x12>,0
23,<0x13>,0
24,<0x14>,0
25,<0x15>,0
26,<0x16>,0
27,<0x17>,0
28,<0x18>,0
29,<0x19>,0
30,<0x1A>,0
31,<0x1B>,0
32,<0x1C>,0
33,<0x1D>,0
34,<0x1E>,0
35,<0x1F>,0
36,<0x20>,0
37,<0x21>,0
38,<0x22>,0
39,<0x23>,0
40,<0x24>,0
41,<0x25>,0
42,<0x26>,0
43,<0x27>,0
44,<0x28>,0
45,<0x29>,0
46,<0x2A>,0
47,<0x2B>,0
48,<0x2C>,0
49,<0x2D>,0
50,<0x2E>,0
51,<0x2F>,0
52,<0x30>,0
53,<0x31>,0
54,<0x32>,0
55,<0x33>,0
56,<0x34>,0
57,<0x35>,0
58,<0x36>,0
59,<0x37>,0
60,<0x38>,0
61,<0x39>,0
62,<0x3A>,0
63,<0x3B>,0
64,<0x3C>,0
65,<0x3D>,0
66,<0x3E>,0
67,<0x3F>,0
68,<0x40>,0
69,<0x41>,0
70,<0x42>,0
71,<0x43>,0
72,<0x44>,0
73,<0x45>,0
74,<0x46>,0
75,<0x47>,0
76,<0x48>,0
77,<0x49>,0
78,<0x4A>,0
79,<0x4B>,0
80,<0x4C>,0
81,<0x4D>,0
82,<0x4E>,0
83,<0x4F>,0
84,<0x50>,0
85,<0x51>,0
86,<0x52>,0
87,<0x53>,0
88,<0x54>,0
89,<0x55>,0
90,<0x56>,0
91,<0x57>,0
92,<0x58>,0
93,<0x59>,0
94,<0x5A>,0
95,<0x5B>,0
96,<0x5C>,0
97,<0x5D>,0
98,<0x5E>,0
99,<0x5F>,0
100,<0x60>,0
101,<0x61>,0
102,<0x62>,0
103,<0x63>,0
104,<0x64>,0
105,<0x65>,0
106,<0x66>,0
107,<0x67>,0
108,<0x68>,0
109,<0x69>,0
110,<0x6A>,0
111,<0x6B>,0
112,<0x6C>,0
113,<0x6D>,0
114,<0x6E>,0
115,<0x6F>,0
116,<0x70>,0
117,<0x71>,0
118,<0x72>,0
119,<0x73>,0
120,<0x74>,0
121,<0x75>,0
122,<0x76>,0
123,<0x77>,0
124,<0x78>,0
125,<0x79>,0
126,<0x7A>,0
127,<0x7B>,0
128,<0x7C>,0
129,<0x7D>,0
130,<0x7E>,0
131,<0x7F>,0
132,<0x80>,0
133,<0x81>,0
134,<0x82>,0
135,<0x83>,0
136,<0x84>,0
137,<0x85>,0
138,<0x86>,0
139,<0x87>,0
140,<0x88>,0
141,<0x89>,0
142,<0x8A>,0
143,<0x8B>,0
144,<0x8C>,0
145,<0x8D>,0
146,<0x8E>,0
147,<0x8F>,0
148,<0x90>,0
149,<0x91>,0
150,<0x92>,0
151,<0x93>,0
152,<0x94>,0
153,<0x95>,0
154,<0x96>,0
155,<0x97>,0
156,<0x98>,0
157,<0x99>,0
158,<0x9A>,0
159,<0x9B>,0
160,<0x9C>,0
161,<0x9D>,0
162,<0x9E>,0
163,<0x9F>,0
164,<0xA0>,0
165,<0xA1>,0
166,<0xA2>,0
167,<0xA3>,0
168,<0xA4>,0
169,<0xA5>,0
170,<0xA6>,0
171,<0xA7>,0
172,<0xA8>,0
173,<0xA9>,0
174,<0xAA>,0
175,<0xAB>,0
176,<0xAC>,0
177,<0xAD>,0
178,<0xAE>,0
179,<0xAF>,0
180,<0xB0>,0
181,<0xB1>,0
182,<0xB2>,0
183,<0xB3>,0
184,<0xB4>,0
185,<0xB5>,0
186,<0xB6>,0
187,<0xB7>,0
188,<0xB8>,0
189,<0xB9>,0
190,<0xBA>,0
191,<0xBB>,0
192,<0xBC>,0
193,<0xBD>,0
194,<0xBE>,0
195,<0xBF>,0
196,<0xC0>,0
197,<0xC1>,0
198,<0xC2>,0
199,<0xC3>,0
200,<0xC4>,0
201,<0xC5>,0
202,<0xC6>,0
203,<0xC7>,0
204,<0xC8>,0
205,<0xC9>,0
206,<0xCA>,0
207,<0xCB>,0
208,<0xCC>,0
209,<0xCD>,0
210,<0xCE>,0
211,<0xCF>,0
212,<0xD0>,0
213,<0xD1>,0
214,<0xD2>,0
215,<0xD3>,0
216,<0xD4>,0
217,<0xD5>,0
218,<0xD6>,0
219,<0xD7>,0
220,<0xD8>,0
221,<0xD9>,0
222,<0xDA>,0
223,<0xDB>,0
224,<0xDC>,0
225,<0xDD>,0
226,<0xDE>,0
227,<0xDF>,0
228,<0xE0>,0
229,<0xE1>,0
230,<0xE2>,0
231,<0xE3>,0
232,<0xE4>,0
233,<0xE5>,0
234,<0xE6>,0
235,<0xE7>,0
236,<0xE8>,0
237,<0xE9>,0
238,<0xEA>,0
239,<0xEB>,0
240,<0xEC>,0
241,<0xED>,0
242,<0xEE>,0
243,<0xEF>,0
244,<0xF0>,0
245,<0xF1>,0
246,<0xF2>,0
247,<0xF3>,0
248,<0xF4>,0
249,<0xF5>,0
250,<0xF6>,0
251,<0xF7>,0
252,<0xF8>,0
253,<0xF9>,0
254,<0xFA>,0
255,<0xFB>,0
256,<0xFC>,0
257,<0xFD>,0
258,<0xFE>,0
259,<0xFF>,0
260,▁t,-0
261,▁a,-1
262,in,-2
263,he,-3
264,re,-4
265,on,-5
266,er,-6
267,▁the,-7
268,▁s,-8
269,▁w,-9
270,or,-10
271,at,-11
272,nd,-12
273,ou,-13
274,▁c,-14
275,it,-15
276,es,-16
277,▁f,-17
278,is,-18
279,en,-19
280,ing,-20
281,▁b,-21
282,▁p,-22
283,▁o,-23
284,an,-24
285,ed,-25
286,al,-26
287,▁to,-27
288,▁m,-28
289,ar,-29
290,▁and,-30
291,▁in,-31
292,▁of,-32
293,▁d,-33
294,le,-34
295,ic,-35
296,as,-36
297,om,-37
298,▁h,-38
299,ion,-39
300,▁th,-40
301,il,-41
302,▁T,-42
303,▁l,-43
304,ent,-44
305,ve,-45
306,ro,-46
307,▁y,-47
308,st,-48
309,▁I,-49
310,▁e,-50
311,▁re,-51
312,▁n,-52
313,▁S,-53
314,▁g,-54
315,et,-55
316,ct,-56
317,▁A,-57
318,▁you,-58
319,▁C,-59
320,ly,-60
321,id,-61
322,▁for,-62
323,▁is,-63
324,ay,-64
325,▁on,-65
326,▁be,-66
327,ot,-67
328,ow,-68
329,ol,-69
330,am,-70
331,ac,-71
332,ig,-72
333,el,-73
334,us,-74
335,ad,-75
336,im,-76
337,▁M,-77
338,ver,-78
339,ith,-79
340,ut,-80
341,▁st,-81
342,ation,-82
343,ur,-83
344,▁P,-84
345,▁with,-85
346,▁that,-86
347,ir,-87
348,▁B,-88
349,▁W,-89
350,ch,-90
351,ce,-91
352,▁it,-92
353,▁The,-93
354,▁he,-94
355,ill,-95
356,ers,-96
357,▁al,-97
358,un,-98
359,▁an,-99
360,ul,-100
361,▁D,-101
362,▁H,-102
363,▁F,-103
364,ra,-104
365,out,-105
366,▁pro,-106
367,▁as,-107
368,▁wh,-108
369,ke,-109
370,se,-110
371,▁are,-111
372,ter,-112
373,▁we,-113
374,if,-114
375,oo,-115
376,▁ha,-116
377,ge,-117
378,▁R,-118
379,our,-119
380,pp,-120
381,ate,-121
382,▁at,-122
383,ess,-123
384,▁con,-124
385,▁com,-125
386,▁or,-126
387,▁L,-127
388,est,-128
389,her,-129
390,ore,-130
391,ment,-131
392,▁fr,-132
393,igh,-133
394,ab,-134
395,▁-,-135
396,▁N,-136
397,▁se,-137
398,▁ne,-138
399,ort,-139
400,ld,-140
401,▁G,-141
402,▁E,-142
403,ist,-143
404,▁your,-144
405,ri,-145
406,op,-146
407,▁(,-147
408,▁ex,-148
409,ity,-149
410,ure,-150
411,em,-151
412,▁O,-152
413,▁v,-153
414,qu,-154
415,ant,-155
416,art,-156
417,ive,-157
418,▁r,-158
419,▁was,-159
420,ust,-160
421,▁have,-161
422,um,-162
423,▁from,-163
424,pe,-164
425,▁this,-165
426,▁de,-166
427,oc,-167
428,▁sh,-168
429,th,-169
430,ain,-170
431,ies,-171
432,up,-172
433,▁ch,-173
434,▁can,-174
435,▁will,-175
436,and,-176
437,▁by,-177
438,os,-178
439,ight,-179
440,nt,-180
441,ie,-181
442,▁us,-182
443,all,-183
444,ome,-184
445,ard,-185
446,▁not,-186
447,ud,-187
448,res,-188
449,▁le,-189
450,▁J,-190
451,ast,-191
452,▁pl,-192
453,ost,-193
454,▁su,-194
455,▁ab,-195
456,ear,-196
457,iv,-197
458,ide,-198
459,ack,-199
460,▁wor,-200
461,ial,-201
462,rou,-202
463,gh,-203
464,▁all,-204
465,ell,-205
466,od,-206
467,ak,-207
468,te,-208
469,ould,-209
470,ine,-210
471,▁j,-211
472,..,-212
473,red,-213
474,ag,-214
475,▁has,-215
476,ice,-216
477,▁Th,-217
478,▁U,-218
479,age,-219
480,▁do,-220
481,▁k,-221
482,fe,-222
483,ook,-223
484,▁ad,-224
485,per,-225
486,▁In,-226
487,ip,-227
488,▁comp,-228
489,ake,-229
490,▁out,-230
491,ions,-231
492,▁up,-232
493,ally,-233
494,▁but,-234
495,▁me,-235
496,are,-236
497,▁whe,-237
498,pt,-238
499,ry,-239
500,one,-240
501,▁our,-241
502,able,-242
503,og,-243
504,▁en,-244
505,▁“,-245
506,▁more,-246
507,ind,-247
508,ite,-248
509,ail,-249
510,ther,-250
511,ich,-251
512,▁Y,-252
513,▁their,-253
514,ime,-254
515,very,-255
516,▁so,-256
517,cc,-257
518,▁cl,-258
519,▁sa,-259
520,ood,-260
521,ong,-261
522,▁my,-262
523,ated,-263
524,▁K,-264
525,for,-265
526,ame,-266
527,iz,-267
528,ber,-268
529,▁they,-269
530,▁St,-270
531,ace,-271
532,▁te,-272
533,▁one,-273
534,ous,-274
535,ans,-275
536,so,-276
537,ike,-277
538,act,-278
539,▁about,-279
540,pl,-280
541,ase,-281
542,du,-282
543,▁cont,-283
544,▁V,-284
545,ick,-285
546,▁im,-286
547,ia,-287
548,▁inc,-288
549,ign,-289
550,▁work,-290
551,ance,-291
552,▁un,-292
553,ree,-293
554,▁who,-294
555,▁off,-295
556,▁fe,-296
557,ire,-297
558,ue,-298
559,▁man,-299
560,"▁""",-300
561,ach,-301
562,▁tr,-302
563,ub,-303
564,ll,-304
565,▁go,-305
566,▁It,-306
567,reat,-307
568,ction,-308
569,▁year,-309
570,▁his,-310
571,▁new,-311
572,ne,-312
573,ib,-313
574,▁app,-314
575,ays,-315
576,ult,-316
577,erv,-317
578,▁Ch,-318
579,und,-319
580,▁res,-320
581,▁We,-321
582,ap,-322
583,ep,-323
584,ass,-324
585,ark,-325
586,ff,-326
587,▁qu,-327
588,ations,-328
589,ary,-329
590,▁per,-330
591,▁sp,-331
592,ile,-332
593,▁also,-333
594,ove,-334
595,▁int,-335
596,▁which,-336
597,form,-337
598,▁time,-338
599,ven,-339
600,ount,-340
601,▁get,-341
602,own,-342
603,▁like,-343
604,▁some,-344
605,▁other,-345
606,ond,-346
607,ings,-347
608,ents,-348
609,▁any,-349
610,vel,-350
611,ical,-351
612,▁been,-352
613,ence,-353
614,▁part,-354
615,av,-355
616,▁over,-356
617,▁This,-357
618,▁dis,-358
619,ition,-359
620,ress,-360
621,ors,-361
622,▁rec,-362
623,▁He,-363
624,▁ar,-364
625,ck,-365
626,▁them,-366
627,▁sc,-367
628,ild,-368
629,▁pe,-369
630,ink,-370
631,port,-371
632,▁ag,-372
633,▁said,-373
634,low,-374
635,▁ro,-375
636,▁when,-376
637,▁her,-377
638,ound,-378
639,ose,-379
640,mer,-380
641,▁kn,-381
642,int,-382
643,ough,-383
644,oy,-384
645,ob,-385
646,ens,-386
647,ord,-387
648,ish,-388
649,irst,-389
650,▁just,-390
651,▁pre,-391
652,▁pr,-392
653,ov,-393
654,▁need,-394
655,ru,-395
656,▁spe,-396
657,wn,-397
658,▁acc,-398
659,▁what,-399
660,ren,-400
661,▁there,-401
662,▁if,-402
663,▁than,-403
664,day,-404
665,▁Re,-405
666,▁its,-406
667,▁would,-407
668,vers,-408
669,▁had,-409
670,ater,-410
671,ade,-411
672,ning,-412
673,fter,-413
674,▁were,-414
675,lud,-415
676,▁am,-416
677,old,-417
678,▁des,-418
679,▁into,-419
680,lp,-420
681,rough,-421
682,ory,-422
683,itt,-423
684,▁–,-424
685,ople,-425
686,▁tw,-426
687,ang,-427
688,use,-428
689,▁how,-429
690,ool,-430
691,lic,-431
692,▁help,-432
693,anc,-433
694,▁first,-434
695,▁bec,-435
696,▁add,-436
697,ks,-437
698,...,-438
699,ons,-439
700,▁make,-440
701,amp,-441
702,hed,-442
703,ft,-443
704,▁comm,-444
705,▁prov,-445
706,▁includ,-446
707,▁look,-447
708,▁Wh,-448
709,les,-449
710,▁people,-450
711,▁You,-451
712,gr,-452
713,ual,-453
714,▁bl,-454
715,▁col,-455
716,▁serv,-456
717,ments,-457
718,▁know,-458
719,ian,-459
720,ful,-460
721,▁produ,-461
722,▁Ne,-462
723,ates,-463
724,iew,-464
725,tern,-465
726,ious,-466
727,▁em,-467
728,▁she,-468
729,round,-469
730,rent,-470
731,▁every,-471
732,ating,-472
733,▁may,-473
734,▁through,-474
735,▁no,-475
736,▁back,-476
737,ict,-477
738,▁only,-478
739,pport,-479
740,▁want,-480
741,▁bu,-481
742,▁most,-482
743,cts,-483
744,ices,-484
745,▁As,-485
746,▁ph,-486
747,▁see,-487
748,▁well,-488
749,▁two,-489
750,we,-490
751,▁ind,-491
752,ities,-492
753,▁If,-493
754,▁bet,-494
755,ise,-495
756,▁use,-496
757,xt,-497
758,com,-498
759,ont,-499
760,▁und,-500
761,je,-501
762,▁after,-502
763,iss,-503
764,ph,-504
765,▁play,-505
766,▁Se,-506
767,ause,-507
768,ife,-508
769,▁co,-509
770,iness,-510
771,oth,-511
772,ock,-512
773,lect,-513
774,row,-514
775,ily,-515
776,▁|,-516
777,▁act,-517
778,▁&,-518
779,enc,-519
780,▁exper,-520
781,urn,-521
782,hen,-522
783,▁fl,-523
784,▁cons,-524
785,als,-525
786,▁years,-526
787,ting,-527
788,▁these,-528
789,cial,-529
790,ert,-530
791,▁tra,-531
792,aw,-532
793,▁$,-533
794,▁Un,-534
795,▁Com,-535
796,▁stud,-536
797,▁An,-537
798,▁For,-538
799,ange,-539
800,▁good,-540
801,ures,-541
802,ational,-542
803,bs,-543
804,aking,-544
805,▁Pro,-545
806,vent,-546
807,▁now,-547
808,any,-548
809,▁ke,-549
810,▁under,-550
811,fore,-551
812,▁bus,-552
813,ased,-553
814,hing,-554
815,ific,-555
816,▁sm,-556
817,▁many,-557
818,ward,-558
819,▁reg,-559
820,get,-560
821,▁very,-561
822,oint,-562
823,▁way,-563
824,ts,-564
825,▁imp,-565
826,▁wee,-566
827,erson,-567
828,▁fin,-568
829,▁dif,-569
830,▁And,-570
831,▁De,-571
832,▁start,-572
833,▁gu,-573
834,ience,-574
835,fect,-575
836,formation,-576
837,uring,-577
838,▁rel,-578
839,▁great,-579
840,yst,-580
841,ility,-581
842,▁could,-582
843,▁dec,-583
844,▁rem,-584
845,uch,-585
846,ible,-586
847,▁even,-587
848,▁inv,-588
849,hip,-589
850,oss,-590
851,▁sec,-591
852,ty,-592
853,).,-593
854,▁loc,-594
855,ident,-595
856,rit,-596
857,alth,-597
858,ork,-598
859,▁where,-599
860,ics,-600
861,▁day,-601
862,▁own,-602
863,▁show,-603
864,cess,-604
865,velop,-605
866,elf,-606
867,ull,-607
868,hes,-608
869,▁high,-609
870,its,-610
871,nds,-611
872,ath,-612
873,▁find,-613
874,▁don,-614
875,▁home,-615
876,air,-616
877,line,-617
878,olog,-618
879,▁should,-619
880,▁here,-620
881,lease,-621
882,chool,-622
883,▁ass,-623
884,▁ent,-624
885,▁best,-625
886,ied,-626
887,▁down,-627
888,▁then,-628
889,ble,-629
890,▁right,-630
891,The,-631
892,▁Sh,-632
893,▁br,-633
894,ular,-634
895,ited,-635
896,▁ac,-636
897,▁set,-637
898,arch,-638
899,▁Al,-639
900,▁New,-640
901,ract,-641
902,▁car,-642
903,▁av,-643
904,▁read,-644
905,▁mon,-645
906,▁fam,-646
907,gan,-647
908,▁min,-648
909,ix,-649
910,pect,-650
911,▁take,-651
912,▁design,-652
913,ner,-653
914,▁too,-654
915,erm,-655
916,▁ins,-656
917,▁att,-657
918,▁inst,-658
919,▁business,-659
920,ystem,-660
921,ative,-661
922,||,-662
923,.”,-663
924,▁much,-664
925,▁long,-665
926,ys,-666
927,▁che,-667
928,▁information,-668
929,io,-669
930,▁last,-670
931,▁made,-671
932,▁Cl,-672
933,▁Be,-673
934,gram,-674
935,omet,-675
936,ason,-676
937,other,-677
938,ues,-678
939,▁Fr,-679
940,▁did,-680
941,ax,-681
942,▁because,-682
943,ollow,-683
944,rib,-684
945,ject,-685
946,▁team,-686
947,ank,-687
948,▁call,-688
949,▁before,-689
950,▁think,-690
951,"),",-691
952,arket,-692
953,me,-693
954,▁world,-694
955,ale,-695
956,atch,-696
957,▁But,-697
958,pen,-698
959,▁cre,-699
960,oun,-700
961,▁Le,-701
962,▁again,-702
963,▁vis,-703
964,▁sur,-704
965,az,-705
966,▁art,-706
967,ient,-707
968,ower,-708
969,way,-709
970,▁requ,-710
971,▁Ad,-711
972,pr,-712
973,▁person,-713
974,▁being,-714
975,▁pres,-715
976,▁develop,-716
977,▁him,-717
978,▁mem,-718
979,ustom,-719
980,ng,-720
981,rest,-721
982,▁diffe,-722
983,ug,-723
984,chn,-724
985,ener,-725
986,▁such,-726
987,alk,-727
988,▁support,-728
989,arn,-729
990,▁inte,-730
991,land,-731
992,▁life,-732
993,ouse,-733
994,▁disc,-734
995,ving,-735
996,▁does,-736
997,unity,-737
998,ince,-738
999,▁those,-739
1000,▁Ar,-740
1001,ave,-741
1002,arm,-742
1003,▁med,-743
1004,▁while,-744
1005,ins,-745
1006,ivers,-746
1007,▁provid,-747
1008,irect,-748
1009,ash,-749
1010,▁ra,-750
1011,ced,-751
1012,ss,-752
1013,view,-753
1014,▁sk,-754
1015,▁lead,-755
1016,▁sim,-756
1017,akes,-757
1018,▁free,-758
1019,▁mod,-759
1020,▁pol,-760
1021,ier,-761
1022,▁end,-762
1023,▁around,-763
1024,▁used,-764
1025,ces,-765
1026,ality,-766
1027,ublic,-767
1028,ives,-768
1029,▁gr,-769
1030,ailable,-770
1031,▁cur,-771
1032,▁each,-772
1033,ple,-773
1034,read,-774
1035,▁comple,-775
1036,ather,-776
1037,ually,-777
1038,▁post,-778
1039,▁love,-779
1040,led,-780
1041,ional,-781
1042,▁ret,-782
1043,▁care,-783
1044,der,-784
1045,ize,-785
1046,▁trans,-786
1047,▁det,-787
1048,ric,-788
1049,▁bo,-789
1050,▁follow,-790
1051,roup,-791
1052,▁child,-792
1053,▁eas,-793
1054,▁On,-794
1055,ars,-795
1056,▁book,-796
1057,ines,-797
1058,▁ed,-798
1059,ages,-799
1060,▁There,-800
1061,▁ser,-801
1062,▁num,-802
1063,▁system,-803
1064,▁count,-804
1065,",”",-805
1066,ene,-806
1067,▁really,-807
1068,imes,-808
1069,ets,-809
1070,▁program,-810
1071,▁Te,-811
1072,oad,-812
1073,▁run,-813
1074,▁All,-814
1075,▁How,-815
1076,ton,-816
1077,au,-817
1078,▁top,-818
1079,▁str,-819
1080,iet,-820
1081,▁So,-821
1082,iel,-822
1083,▁cour,-823
1084,▁char,-824
1085,▁place,-825
1086,▁found,-826
1087,▁feel,-827
1088,▁list,-828
1089,▁going,-829
1090,ah,-830
1091,▁custom,-831
1092,▁del,-832
1093,▁form,-833
1094,man,-834
1095,ness,-835
1096,▁prof,-836
1097,▁inter,-837
1098,ittle,-838
1099,▁month,-839
1100,ute,-840
1101,▁available,-841
1102,▁sign,-842
1103,▁sub,-843
1104,▁still,-844
1105,▁somet,-845
1106,ature,-846
1107,▁They,-847
1108,▁To,-848
1109,ames,-849
1110,▁cle,-850
1111,▁three,-851
1112,▁fun,-852
1113,▁Bl,-853
1114,▁Pl,-854
1115,▁both,-855
1116,▁gl,-856
1117,ways,-857
1118,cept,-858
1119,▁market,-859
1120,orn,-860
1121,▁health,-861
1122,▁though,-862
1123,▁different,-863
1124,▁few,-864
1125,▁aut,-865
1126,ved,-866
1127,ired,-867
1128,ital,-868
1129,meric,-869
1130,▁open,-870
1131,▁pur,-871
1132,▁report,-872
1133,▁happ,-873
1134,▁Ex,-874
1135,▁week,-875
1136,▁rep,-876
1137,▁adv,-877
1138,ering,-878
1139,".""",-879
1140,▁lot,-880
1141,▁hand,-881
1142,bers,-882
1143,▁Sc,-883
1144,▁keep,-884
1145,▁game,-885
1146,tt,-886
1147,orth,-887
1148,ween,-888
1149,ata,-889
1150,▁techn,-890
1151,▁point,-891
1152,▁plan,-892
1153,▁company,-893
1154,▁say,-894
1155,▁She,-895
1156,iqu,-896
1157,▁school,-897
1158,▁lar,-898
1159,▁ext,-899
1160,ants,-900
1161,ining,-901
1162,▁exp,-902
1163,oot,-903
1164,atur,-904
1165,ross,-905
1166,▁frie,-906
1167,▁sol,-907
1168,▁same,-908
1169,▁including,-909
1170,ology,-910
1171,▁process,-911
1172,att,-912
1173,▁family,-913
1174,▁using,-914
1175,uc,-915
1176,▁exc,-916
1177,▁little,-917
1178,▁fil,-918
1179,▁state,-919
1180,▁met,-920
1181,▁i,-921
1182,▁import,-922
1183,▁ev,-923
1184,ized,-924
1185,els,-925
1186,ott,-926
1187,ling,-927
1188,▁What,-928
1189,gg,-929
1190,▁Q,-930
1191,▁between,-931
1192,▁during,-932
1193,oh,-933
1194,ution,-934
1195,▁experience,-935
1196,▁Col,-936
1197,▁next,-937
1198,iving,-938
1199,ik,-939
1200,be,-940
1201,less,-941
1202,uss,-942
1203,ished,-943
1204,▁Tr,-944
1205,▁real,-945
1206,▁water,-946
1207,ves,-947
1208,▁Americ,-948
1209,▁allow,-949
1210,▁build,-950
1211,ody,-951
1212,aint,-952
1213,▁things,-953
1214,reen,-954
1215,▁come,-955
1216,▁service,-956
1217,▁contin,-957
1218,▁cent,-958
1219,ms,-959
1220,thing,-960
1221,▁opt,-961
1222,ield,-962
1223,▁var,-963
1224,▁Ph,-964
1225,uck,-965
1226,ists,-966
1227,arly,-967
1228,▁dri,-968
1229,ern,-969
1230,over,-970
1231,▁win,-971
1232,▁rece,-972
1233,▁appro,-973
1234,▁small,-974
1235,▁big,-975
1236,▁cr,-976
1237,cent,-977
1238,▁rest,-978
1239,▁online,-979
1240,self,-980
1241,ever,-981
1242,rand,-982
1243,ex,-983
1244,▁organ,-984
1245,ger,-985
1246,▁better,-986
1247,▁always,-987
1248,▁ref,-988
1249,▁bel,-989
1250,▁mus,-990
1251,▁put,-991
1252,▁sure,-992
1253,▁full,-993
1254,▁pass,-994
1255,aut,-995
1256,ware,-996
1257,ined,-997
1258,illion,-998
1259,▁With,-999
1260,▁since,-1000
1261,▁try,-1001
1262,gy,-1002
1263,iversity,-1003
1264,▁pri,-1004
1265,▁Ind,-1005
1266,▁iss,-1006
1267,▁interest,-1007
1268,▁poss,-1008
1269,ffect,-1009
1270,▁When,-1010
1271,▁quest,-1011
1272,▁pat,-1012
1273,▁gener,-1013
1274,▁group,-1014
1275,▁ve,-1015
1276,",""",-1016
1277,▁result,-1017
1278,▁mov,-1018
1279,▁Or,-1019
1280,▁stand,-1020
1281,▁days,-1021
1282,▁ty,-1022
1283,▁phot,-1023
1284,▁head,-1024
1285,▁second,-1025
1286,▁class,-1026
1287,▁direct,-1027
1288,ps,-1028
1289,▁something,-1029
1290,▁today,-1030
1291,br,-1031
1292,ploy,-1032
1293,▁special,-1033
1294,▁ide,-1034
1295,▁partic,-1035
1296,▁dist,-1036
1297,▁perform,-1037
1298,ours,-1038
1299,▁resp,-1039
1300,▁provide,-1040
1301,ared,-1041
1302,▁pay,-1042
1303,▁val,-1043
1304,▁tri,-1044
1305,▁Con,-1045
1306,▁sl,-1046
1307,▁def,-1047
1308,▁Chr,-1048
1309,▁ann,-1049
1310,joy,-1050
1311,▁services,-1051
1312,▁hard,-1052
1313,▁bro,-1053
1314,pping,-1054
1315,ok,-1055
1316,▁conf,-1056
1317,▁wom,-1057
1318,ccess,-1058
1319,▁Our,-1059
1320,▁without,-1060
1321,▁another,-1061
1322,ision,-1062
1323,ients,-1063
1324,▁—,-1064
1325,▁Z,-1065
1326,work,-1066
1327,▁number,-1067
1328,▁cor,-1068
1329,con,-1069
1330,▁must,-1070
1331,ER,-1071
1332,oney,-1072
1333,▁vide,-1073
1334,▁give,-1074
1335,ards,-1075
1336,▁current,-1076
1337,stand,-1077
1338,▁old,-1078
1339,ium,-1079
1340,ically,-1080
1341,ior,-1081
1342,outh,-1082
1343,oor,-1083
1344,ope,-1084
1345,▁access,-1085
1346,▁At,-1086
1347,▁able,-1087
1348,iver,-1088
1349,ately,-1089
1350,▁soc,-1090
1351,▁Sp,-1091
1352,▁meet,-1092
1353,aj,-1093
1354,▁got,-1094
1355,▁bre,-1095
1356,▁webs,-1096
1357,▁important,-1097
1358,▁grow,-1098
1359,ote,-1099
1360,raph,-1100
1361,▁Cent,-1101
1362,▁invest,-1102
1363,▁area,-1103
1364,▁cost,-1104
1365,▁fact,-1105
1366,ense,-1106
1367,▁light,-1107
1368,▁public,-1108
1369,▁Is,-1109
1370,ered,-1110
1371,▁Res,-1111
1372,ral,-1112
1373,▁wr,-1113
1374,▁unt,-1114
1375,▁US,-1115
1376,rence,-1116
1377,▁visit,-1117
1378,pped,-1118
1379,ruct,-1119
1380,ems,-1120
1381,▁proble,-1121
1382,▁working,-1122
1383,▁incre,-1123
1384,ats,-1124
1385,▁ob,-1125
1386,▁never,-1126
1387,▁ask,-1127
1388,ample,-1128
1389,ann,-1129
1390,▁students,-1130
1391,▁might,-1131
1392,▁level,-1132
1393,▁looking,-1133
1394,▁No,-1134
1395,▁data,-1135
1396,inal,-1136
1397,▁four,-1137
1398,ley,-1138
1399,▁sal,-1139
1400,▁proper,-1140
1401,▁expl,-1141
1402,▁site,-1142
1403,ffic,-1143
1404,▁sing,-1144
1405,rol,-1145
1406,▁fac,-1146
1407,ww,-1147
1408,▁rese,-1148
1409,▁Comm,-1149
1410,▁That,-1150
1411,▁order,-1151
1412,ird,-1152
1413,▁local,-1153
1414,▁food,-1154
1415,▁season,-1155
1416,▁let,-1156
1417,ission,-1157
1418,ember,-1158
1419,ency,-1159
1420,ery,-1160
1421,▁event,-1161
1422,ential,-1162
1423,eng,-1163
1424,▁profess,-1164
1425,▁Man,-1165
1426,▁enjoy,-1166
1427,▁night,-1167
1428,▁children,-1168
1429,▁test,-1169
1430,▁My,-1170
1431,▁check,-1171
1432,▁eng,-1172
1433,▁ca,-1173
1434,lection,-1174
1435,▁Pr,-1175
1436,▁making,-1176
1437,▁sit,-1177
1438,▁spec,-1178
1439,▁pos,-1179
1440,▁offer,-1180
1441,▁view,-1181
1442,ertain,-1182
1443,ording,-1183
1444,▁past,-1184
1445,▁inf,-1185
1446,▁addition,-1186
1447,▁within,-1187
1448,here,-1188
1449,▁until,-1189
1450,let,-1190
1451,▁oper,-1191
1452,gin,-1192
1453,▁community,-1193
1454,▁power,-1194
1455,▁room,-1195
1456,▁el,-1196
1457,▁pop,-1197
1458,▁prom,-1198
1459,▁',-1199
1460,ently,-1200
1461,▁products,-1201
1462,ids,-1202
1463,▁product,-1203
1464,ator,-1204
1465,tend,-1205
1466,▁less,-1206
1467,▁against,-1207
1468,ains,-1208
1469,utes,-1209
1470,▁job,-1210
1471,sh,-1211
1472,▁Mar,-1212
1473,▁est,-1213
1474,ney,-1214
1475,ged,-1215
1476,urs,-1216
1477,▁law,-1217
1478,iron,-1218
1479,ina,-1219
1480,med,-1220
1481,ieve,-1221
1482,ream,-1222
1483,ases,-1223
1484,▁conc,-1224
1485,▁intern,-1225
1486,to,-1226
1487,enn,-1227
1488,▁prote,-1228
1489,▁email,-1229
1490,ised,-1230
1491,▁Br,-1231
1492,▁May,-1232
1493,We,-1233
1494,▁quality,-1234
1495,orm,-1235
1496,ivid,-1236
1497,▁indust,-1237
1498,ories,-1238
1499,▁turn,-1239
1500,ills,-1240
1501,▁University,-1241
1502,ified,-1242
1503,IN,-1243
1504,▁impro,-1244
1505,▁App,-1245
1506,▁website,-1246
1507,agement,-1247
1508,icle,-1248
1509,▁toget,-1249
1510,▁together,-1250
1511,▁creat,-1251
1512,▁Fe,-1252
1513,▁away,-1253
1514,irl,-1254
1515,load,-1255
1516,istr,-1256
1517,co,-1257
1518,ode,-1258
1519,▁leg,-1259
1520,▁Co,-1260
1521,▁project,-1261
1522,▁Fl,-1262
1523,iday,-1263
1524,ique,-1264
1525,pend,-1265
1526,bo,-1266
1527,▁contact,-1267
1528,▁equ,-1268
1529,aring,-1269
1530,ury,-1270
1531,▁complete,-1271
1532,▁success,-1272
1533,▁says,-1273
1534,▁include,-1274
1535,▁pract,-1275
1536,▁dr,-1276
1537,▁easy,-1277
1538,▁learn,-1278
1539,▁Can,-1279
1540,▁Car,-1280
1541,por,-1281
1542,atter,-1282
1543,iety,-1283
1544,▁change,-1284
1545,ocus,-1285
1546,▁needs,-1286
1547,▁offic,-1287
1548,▁applic,-1288
1549,▁large,-1289
1550,arent,-1290
1551,▁supp,-1291
1552,ret,-1292
1553,ability,-1293
1554,oci,-1294
1555,▁detail,-1295
1556,▁along,-1296
1557,▁course,-1297
1558,▁news,-1298
1559,▁Christ,-1299
1560,▁Cont,-1300
1561,ec,-1301
1562,vern,-1302
1563,▁la,-1303
1564,part,-1304
1565,▁.,-1305
1566,aster,-1306
1567,▁chang,-1307
1568,▁One,-1308
1569,ider,-1309
1570,▁members,-1310
1571,hor,-1311
1572,▁employ,-1312
1573,ism,-1313
1574,ump,-1314
1575,osed,-1315
1576,room,-1316
1577,▁present,-1317
1578,▁beaut,-1318
1579,yle,-1319
1580,▁name,-1320
1581,atures,-1321
1582,▁expect,-1322
1583,▁air,-1323
1584,▁cap,-1324
1585,mber,-1325
1586,▁Ste,-1326
1587,lish,-1327
1588,augh,-1328
1589,ym,-1329
1590,min,-1330
1591,rap,-1331
1592,the,-1332
1593,▁video,-1333
1594,une,-1334
1595,▁money,-1335
1596,sc,-1336
1597,▁sw,-1337
1598,ift,-1338
1599,Th,-1339
1600,ising,-1340
1601,▁activ,-1341
1602,▁times,-1342
1603,iting,-1343
1604,▁Me,-1344
1605,ffe,-1345
1606,▁fav,-1346
1607,ane,-1347
1608,itions,-1348
1609,▁bas,-1349
1610,▁buy,-1350
1611,by,-1351
1612,enef,-1352
1613,side,-1353
1614,▁Eng,-1354
1615,▁house,-1355
1616,▁pa,-1356
1617,ably,-1357
1618,ries,-1358
1619,▁En,-1359
1620,▁dra,-1360
1621,cl,-1361
1622,▁hist,-1362
1623,▁please,-1363
1624,ify,-1364
1625,▁perfect,-1365
1626,▁ce,-1366
1627,▁opport,-1367
1628,▁left,-1368
1629,▁why,-1369
1630,▁music,-1370
1631,▁beh,-1371
1632,!!,-1372
1633,▁thing,-1373
1634,aff,-1374
1635,▁cond,-1375
1636,rie,-1376
1637,pecial,-1377
1638,ON,-1378
1639,ron,-1379
1640,▁These,-1380
1641,aterial,-1381
1642,veral,-1382
1643,ready,-1383
1644,▁/,-1384
1645,book,-1385
1646,▁govern,-1386
1647,ored,-1387
1648,▁case,-1388
1649,▁dem,-1389
1650,fort,-1390
1651,▁trad,-1391
1652,▁live,-1392
1653,▁dev,-1393
1654,ohn,-1394
1655,ived,-1395
1656,▁Am,-1396
1657,ots,-1397
1658,▁create,-1398
1659,viron,-1399
1660,alf,-1400
1661,▁Do,-1401
1662,▁short,-1402
1663,ten,-1403
1664,son,-1404
1665,▁account,-1405
1666,ization,-1406
1667,▁conne,-1407
1668,▁treat,-1408
1669,▁following,-1409
1670,▁below,-1410
1671,▁million,-1411
1672,▁const,-1412
1673,▁story,-1413
1674,▁side,-1414
1675,▁understand,-1415
1676,▁Che,-1416
1677,itive,-1417
1678,▁having,-1418
1679,▁review,-1419
1680,ention,-1420
1681,▁Med,-1421
1682,▁makes,-1422
1683,ES,-1423
1684,▁hot,-1424
1685,ows,-1425
1686,▁hum,-1426
1687,▁line,-1427
1688,▁research,-1428
1689,▁camp,-1429
1690,▁After,-1430
1691,rop,-1431
1692,▁ever,-1432
1693,▁personal,-1433
1694,▁move,-1434
1695,▁page,-1435
1696,▁across,-1436
1697,▁focus,-1437
1698,▁word,-1438
1699,AT,-1439
1700,▁country,-1440
1701,osp,-1441
1702,▁writ,-1442
1703,▁soft,-1443
1704,uly,-1444
1705,▁kind,-1445
1706,vious,-1446
1707,▁effect,-1447
1708,▁Your,-1448
1709,▁based,-1449
1710,▁record,-1450
1711,ienc,-1451
1712,▁Count,-1452
1713,ajor,-1453
1714,▁link,-1454
1715,▁already,-1455
1716,of,-1456
1717,▁comes,-1457
1718,▁mar,-1458
1719,uture,-1459
1720,▁enough,-1460
1721,▁getting,-1461
1722,ances,-1462
1723,▁Ass,-1463
1724,▁educ,-1464
1725,ured,-1465
1726,ividual,-1466
1727,▁women,-1467
1728,▁possible,-1468
1729,▁cou,-1469
1730,▁done,-1470
1731,▁pot,-1471
1732,uper,-1472
1733,▁benef,-1473
1734,▁elect,-1474
1735,ush,-1475
1736,oice,-1476
1737,▁friends,-1477
1738,▁bit,-1478
1739,▁share,-1479
1740,▁become,-1480
1741,orts,-1481
1742,aces,-1482
1743,ination,-1483
1744,iam,-1484
1745,▁mil,-1485
1746,▁minutes,-1486
1747,▁several,-1487
1748,ones,-1488
1749,iven,-1489
1750,uro,-1490
1751,ead,-1491
1752,▁social,-1492
1753,fer,-1493
1754,ee,-1494
1755,▁John,-1495
1756,▁pack,-1496
1757,▁es,-1497
1758,▁often,-1498
1759,▁quick,-1499
1760,▁men,-1500
1761,▁fund,-1501
1762,▁Please,-1502
1763,wards,-1503
1764,ister,-1504
1765,▁net,-1505
1766,conom,-1506
1767,▁Des,-1507
1768,inc,-1508
1769,▁Serv,-1509
1770,▁tell,-1510
1771,uff,-1511
1772,▁talk,-1512
1773,▁hours,-1513
1774,unch,-1514
1775,▁cut,-1515
1776,▁bring,-1516
1777,▁vers,-1517
1778,▁tre,-1518
1779,aim,-1519
1780,vironment,-1520
1781,▁development,-1521
1782,▁won,-1522
1783,▁return,-1523
1784,▁:,-1524
1785,oose,-1525
1786,▁Comp,-1526
1787,▁Rep,-1527
1788,arl,-1528
1789,▁Inst,-1529
1790,▁city,-1530
1791,yn,-1531
1792,▁body,-1532
1793,▁purch,-1533
1794,AR,-1534
1795,app,-1535
1796,ides,-1536
1797,OR,-1537
1798,iful,-1538
1799,▁Wor,-1539
1800,▁mult,-1540
1801,▁didn,-1541
1802,mend,-1542
1803,ips,-1543
1804,ape,-1544
1805,ograph,-1545
1806,AN,-1546
1807,arr,-1547
1808,▁Tw,-1548
1809,ners,-1549
1810,oon,-1550
1811,reet,-1551
1812,▁deal,-1552
1813,▁Intern,-1553
1814,▁others,-1554
1815,".,",-1555
1816,▁X,-1556
1817,ript,-1557
1818,▁called,-1558
1819,ted,-1559
1820,▁sum,-1560
1821,▁...,-1561
1822,▁hold,-1562
1823,▁individual,-1563
1824,▁started,-1564
1825,▁young,-1565
1826,▁jo,-1566
1827,▁material,-1567
1828,err,-1568
1829,▁Here,-1569
1830,idd,-1570
1831,▁mom,-1571
1832,▁pie,-1572
1833,▁City,-1573
1834,▁compet,-1574
1835,▁non,-1575
1836,▁industry,-1576
1837,ball,-1577
1838,▁ens,-1578
1839,▁orig,-1579
1840,▁American,-1580
1841,▁percent,-1581
1842,▁months,-1582
1843,utions,-1583
1844,▁land,-1584
1845,ights,-1585
1846,▁doing,-1586
1847,▁clean,-1587
1848,ober,-1588
1849,▁future,-1589
1850,▁Gu,-1590
1851,▁term,-1591
1852,▁far,-1592
1853,lished,-1593
1854,▁rele,-1594
1855,ource,-1595
1856,▁Gr,-1596
1857,nder,-1597
1858,ched,-1598
1859,ai,-1599
1860,ateg,-1600
1861,▁major,-1601
1862,▁wa,-1602
1863,lement,-1603
1864,ference,-1604
1865,urity,-1605
1866,▁space,-1606
1867,acy,-1607
1868,ained,-1608
1869,▁store,-1609
1870,▁However,-1610
1871,▁Ab,-1611
1872,▁control,-1612
1873,fact,-1613
1874,▁commun,-1614
1875,ges,-1615
1876,lege,-1616
1877,▁doesn,-1617
1878,▁came,-1618
1879,▁offers,-1619
1880,▁took,-1620
1881,▁Dr,-1621
1882,▁cover,-1622
1883,▁Not,-1623
1884,▁yet,-1624
1885,ford,-1625
1886,▁low,-1626
1887,▁mind,-1627
1888,▁five,-1628
1889,▁blog,-1629
1890,▁chall,-1630
1891,▁means,-1631
1892,▁State,-1632
1893,▁games,-1633
1894,oll,-1634
1895,▁Bro,-1635
1896,▁occ,-1636
1897,▁comb,-1637
1898,anies,-1638
1899,▁heart,-1639
1900,▁School,-1640
1901,▁least,-1641
1902,rodu,-1642
1903,▁series,-1643
1904,▁lim,-1644
1905,ctor,-1645
1906,▁Ke,-1646
1907,▁Min,-1647
1908,▁invol,-1648
1909,ches,-1649
1910,▁pict,-1650
1911,▁Now,-1651
1912,▁*,-1652
1913,most,-1653
1914,ither,-1654
1915,▁strong,-1655
1916,▁step,-1656
1917,ilities,-1657
1918,jects,-1658
1919,▁--,-1659
1920,▁fore,-1660
1921,sel,-1661
1922,▁features,-1662
1923,pos,-1663
1924,▁More,-1664
1925,yl,-1665
1926,▁early,-1666
1927,▁once,-1667
1928,ilt,-1668
1929,urther,-1669
1930,▁range,-1670
1931,▁require,-1671
1932,▁went,-1672
1933,▁Bo,-1673
1934,▁single,-1674
1935,▁specific,-1675
1936,sw,-1676
1937,▁key,-1677
1938,▁ste,-1678
1939,▁customers,-1679
1940,It,-1680
1941,▁price,-1681
1942,▁mean,-1682
1943,▁United,-1683
1944,▁ey,-1684
1945,▁hig,-1685
1946,▁close,-1686
1947,▁main,-1687
1948,▁God,-1688
1949,▁tem,-1689
1950,▁government,-1690
1951,▁told,-1691
1952,▁Jan,-1692
1953,▁Ed,-1693
1954,▁stay,-1694
1955,ille,-1695
1956,▁tool,-1696
1957,▁ago,-1697
1958,illed,-1698
1959,▁discuss,-1699
1960,▁Im,-1700
1961,▁upd,-1701
1962,▁redu,-1702
1963,▁break,-1703
1964,▁hope,-1704
1965,▁appear,-1705
1966,▁charact,-1706
1967,rew,-1707
1968,▁thought,-1708
1969,▁install,-1709
1970,▁priv,-1710
1971,resent,-1711
1972,▁walk,-1712
1973,//,-1713
1974,▁technology,-1714
1975,atic,-1715
1976,hers,-1716
1977,▁Pe,-1717
1978,atural,-1718
1979,▁happen,-1719
1980,aken,-1720
1981,▁tax,-1721
1982,▁By,-1722
1983,▁x,-1723
1984,▁beautiful,-1724
1985,▁wind,-1725
1986,anks,-1726
1987,resh,-1727
1988,▁begin,-1728
1989,▁announ,-1729
1990,▁sn,-1730
1991,ging,-1731
1992,ources,-1732
1993,▁pick,-1733
1994,af,-1734
1995,org,-1735
1996,isk,-1736
1997,▁questions,-1737
1998,▁field,-1738
1999,de,-1739
2000,▁favor,-1740
2001,irm,-1741
2002,eral,-1742
2003,ancial,-1743
2004,come,-1744
2005,▁Pre,-1745
2006,ourn,-1746
2007,://,-1747
2008,itor,-1748
2009,AS,-1749
2010,isc,-1750
2011,▁typ,-1751
2012,▁Em,-1752
2013,▁prep,-1753
2014,ony,-1754
2015,▁Park,-1755
2016,ibr,-1756
2017,▁Cal,-1757
2018,▁everything,-1758
2019,gle,-1759
2020,▁Add,-1760
2021,▁certain,-1761
2022,▁enc,-1762
2023,▁friend,-1763
2024,▁added,-1764
2025,ew,-1765
2026,▁York,-1766
2027,▁environment,-1767
2028,▁Qu,-1768
2029,arning,-1769
2030,▁Sm,-1770
2031,▁building,-1771
2032,ief,-1772
2033,irt,-1773
2034,▁mess,-1774
2035,back,-1775
2036,cle,-1776
2037,aur,-1777
2038,▁content,-1778
2039,ians,-1779
2040,▁recom,-1780
2041,▁known,-1781
2042,ama,-1782
2043,aps,-1783
2044,▁girl,-1784
2045,nes,-1785
2046,▁Mc,-1786
2047,▁later,-1787
2048,▁pub,-1788
2049,▁search,-1789
2050,▁travel,-1790
2051,ests,-1791
2052,▁ener,-1792
2053,raft,-1793
2054,year,-1794
2055,▁actually,-1795
2056,▁companies,-1796
2057,▁sound,-1797
2058,play,-1798
2059,▁problem,-1799
2060,▁address,-1800
2061,ensive,-1801
2062,▁anal,-1802
2063,▁North,-1803
2064,▁media,-1804
2065,▁tot,-1805
2066,▁works,-1806
2067,▁study,-1807
2068,▁press,-1808
2069,▁improve,-1809
2070,▁taking,-1810
2071,ural,-1811
2072,▁manag,-1812
2073,▁vol,-1813
2074,gest,-1814
2075,▁official,-1815
2076,▁County,-1816
2077,▁Per,-1817
2078,▁track,-1818
2079,▁watch,-1819
2080,wh,-1820
2081,ino,-1821
2082,lebr,-1822
2083,▁half,-1823
2084,abor,-1824
2085,▁card,-1825
2086,▁wond,-1826
2087,▁South,-1827
2088,ental,-1828
2089,▁Su,-1829
2090,▁staff,-1830
2091,▁someone,-1831
2092,▁National,-1832
2093,▁training,-1833
2094,▁results,-1834
2095,atest,-1835
2096,icy,-1836
2097,ided,-1837
2098,ster,-1838
2099,opy,-1839
2100,▁provides,-1840
2101,AL,-1841
2102,▁ident,-1842
2103,▁film,-1843
2104,ocu,-1844
2105,▁Gl,-1845
2106,▁professional,-1846
2107,▁Euro,-1847
2108,▁unique,-1848
2109,fully,-1849
2110,▁seen,-1850
2111,RE,-1851
2112,▁econom,-1852
2113,▁Just,-1853
2114,cer,-1854
2115,▁front,-1855
2116,▁maint,-1856
2117,▁sell,-1857
2118,▁z,-1858
2119,▁Center,-1859
2120,▁everyone,-1860
2121,▁port,-1861
2122,▁near,-1862
2123,▁While,-1863
2124,▁host,-1864
2125,▁miss,-1865
2126,▁issues,-1866
2127,▁face,-1867
2128,▁Pres,-1868
2129,▁mor,-1869
2130,▁Some,-1870
2131,rain,-1871
2132,▁Inc,-1872
2133,▁simple,-1873
2134,▁respons,-1874
2135,urch,-1875
2136,ued,-1876
2137,cted,-1877
2138,itted,-1878
2139,roll,-1879
2140,▁web,-1880
2141,go,-1881
2142,▁ant,-1882
2143,▁dig,-1883
2144,▁cook,-1884
2145,▁due,-1885
2146,▁Aust,-1886
2147,▁particular,-1887
2148,▁Don,-1888
2149,not,-1889
2150,time,-1890
2151,▁oil,-1891
2152,▁cred,-1892
2153,▁recommend,-1893
2154,pper,-1894
2155,ibility,-1895
2156,▁Part,-1896
2157,▁whole,-1897
2158,▁Pol,-1898
2159,▁aud,-1899
2160,▁Dep,-1900
2161,▁click,-1901
2162,▁mot,-1902
2163,▁Acc,-1903
2164,▁office,-1904
2165,▁relations,-1905
2166,▁Oct,-1906
2167,▁World,-1907
2168,lex,-1908
2169,▁age,-1909
2170,▁bar,-1910
2171,▁six,-1911
2172,▁performance,-1912
2173,hod,-1913
2174,pecially,-1914
2175,pro,-1915
2176,ators,-1916
2177,▁particip,-1917
2178,▁fall,-1918
2179,▁eff,-1919
2180,imate,-1920
2181,▁given,-1921
2182,obile,-1922
2183,nding,-1923
2184,icult,-1924
2185,▁foot,-1925
2186,▁history,-1926
2187,ison,-1927
2188,▁areas,-1928
2189,▁Stud,-1929
2190,iod,-1930
2191,▁Will,-1931
2192,ply,-1932
2193,place,-1933
2194,▁author,-1934
2195,ites,-1935
2196,▁size,-1936
2197,omes,-1937
2198,▁events,-1938
2199,▁above,-1939
2200,▁among,-1940
2201,aining,-1941
2202,asing,-1942
2203,▁Friday,-1943
2204,▁black,-1944
2205,▁points,-1945
2206,▁ess,-1946
2207,▁Apr,-1947
2208,▁prob,-1948
2209,▁Post,-1949
2210,▁designed,-1950
2211,ables,-1951
2212,▁Reg,-1952
2213,▁red,-1953
2214,ops,-1954
2215,▁bed,-1955
2216,▁believe,-1956
2217,EN,-1957
2218,▁log,-1958
2219,▁htt,-1959
2220,▁mag,-1960
2221,▁print,-1961
2222,▁color,-1962
2223,▁reason,-1963
2224,ED,-1964
2225,IS,-1965
2226,crib,-1966
2227,itch,-1967
2228,▁From,-1968
2229,ogn,-1969
2230,In,-1970
2231,umb,-1971
2232,▁Sec,-1972
2233,▁High,-1973
2234,▁energy,-1974
2235,ili,-1975
2236,▁details,-1976
2237,▁pain,-1977
2238,obal,-1978
2239,▁select,-1979
2240,▁includes,-1980
2241,▁experienc,-1981
2242,ask,-1982
2243,ands,-1983
2244,▁Day,-1984
2245,ulation,-1985
2246,▁assist,-1986
2247,▁sex,-1987
2248,▁management,-1988
2249,▁further,-1989
2250,ety,-1990
2251,▁cult,-1991
2252,▁parent,-1992
2253,▁question,-1993
2254,ledge,-1994
2255,ufact,-1995
2256,▁continue,-1996
2257,▁anything,-1997
2258,aturday,-1998
2259,▁amount,-1999
2260,▁pret,-2000
2261,idence,-2001
2262,▁Bar,-2002
2263,vert,-2003
2264,IT,-2004
2265,▁Aug,-2005
2266,ung,-2006
2267,oved,-2007
2268,itional,-2008
2269,▁according,-2009
2270,▁coming,-2010
2271,▁latest,-2011
2272,▁property,-2012
2273,▁forward,-2013
2274,▁feature,-2014
2275,▁et,-2015
2276,▁fre,-2016
2277,▁text,-2017
2278,ruction,-2018
2279,▁soon,-2019
2280,ole,-2020
2281,▁dou,-2021
2282,▁phys,-2022
2283,▁Europe,-2023
2284,▁various,-2024
2285,nov,-2025
2286,▁phone,-2026
2287,my,-2027
2288,astic,-2028
2289,cript,-2029
2290,ouch,-2030
2291,▁June,-2031
2292,ze,-2032
2293,▁claim,-2033
2294,uation,-2034
2295,▁living,-2035
2296,▁popular,-2036
2297,▁weeks,-2037
2298,itc,-2038
2299,▁entire,-2039
2300,itter,-2040
2301,though,-2041
2302,edd,-2042
2303,▁extra,-2043
2304,aily,-2044
2305,▁type,-2045
2306,▁March,-2046
2307,▁idea,-2047
2308,▁value,-2048
2309,IC,-2049
2310,▁third,-2050
2311,▁white,-2051
2312,▁Sund,-2052
2313,▁Ge,-2053
2314,▁whether,-2054
2315,▁wide,-2055
2316,head,-2056
2317,This,-2057
2318,elt,-2058
2319,▁comput,-2059
2320,new,-2060
2321,▁celebr,-2061
2322,▁sent,-2062
2323,▁pretty,-2063
2324,aching,-2064
2325,▁par,-2065
2326,▁deb,-2066
2327,▁bad,-2067
2328,▁receive,-2068
2329,▁Mr,-2069
2330,▁date,-2070
2331,▁taken,-2071
2332,▁opportunity,-2072
2333,▁El,-2073
2334,icro,-2074
2335,▁safe,-2075
2336,▁final,-2076
2337,▁diff,-2077
2338,AC,-2078
2339,▁kids,-2079
2340,▁required,-2080
2341,ctions,-2081
2342,▁needed,-2082
2343,▁fire,-2083
2344,urance,-2084
2345,▁West,-2085
2346,▁comfort,-2086
2347,▁almost,-2087
2348,onday,-2088
2349,▁potential,-2089
2350,▁skin,-2090
2351,selves,-2091
2352,▁docu,-2092
2353,▁sugg,-2093
2354,▁consider,-2094
2355,val,-2095
2356,▁trying,-2096
2357,▁Bu,-2097
2358,▁example,-2098
2359,▁quite,-2099
2360,▁Us,-2100
2361,▁Saturday,-2101
2362,▁Cor,-2102
2363,▁brand,-2103
2364,▁ready,-2104
2365,▁Health,-2105
2366,....,-2106
2367,▁meas,-2107
2368,▁fit,-2108
2369,ires,-2109
2370,▁Tra,-2110
2371,▁consum,-2111
2372,"▁,",-2112
2373,▁Off,-2113
2374,ees,-2114
2375,▁hon,-2115
2376,▁currently,-2116
2377,ilar,-2117
2378,ival,-2118
2379,▁Sept,-2119
2380,▁sho,-2120
2381,▁financial,-2121
2382,▁ach,-2122
2383,itting,-2123
2384,▁either,-2124
2385,▁items,-2125
2386,▁park,-2126
2387,▁veh,-2127
2388,▁answ,-2128
2389,▁Art,-2129
2390,ises,-2130
2391,ring,-2131
2392,▁Jo,-2132
2393,▁member,-2133
2394,▁road,-2134
2395,uary,-2135
2396,▁wanted,-2136
2397,▁box,-2137
2398,▁human,-2138
2399,▁style,-2139
2400,▁yourself,-2140
2401,▁ensure,-2141
2402,▁His,-2142
2403,▁coll,-2143
2404,▁especially,-2144
2405,▁paper,-2145
2406,amer,-2146
2407,▁provided,-2147
2408,▁period,-2148
2409,▁common,-2149
2410,▁April,-2150
2411,ese,-2151
2412,▁relationship,-2152
2413,▁natural,-2153
2414,▁ways,-2154
2415,▁Read,-2155
2416,▁options,-2156
2417,▁July,-2157
2418,▁summer,-2158
2419,▁Pa,-2159
2420,used,-2160
2421,irc,-2161
2422,▁held,-2162
2423,▁dam,-2163
2424,▁crit,-2164
2425,▁via,-2165
2426,▁users,-2166
2427,arter,-2167
2428,▁attend,-2168
2429,▁happy,-2169
2430,aced,-2170
2431,ively,-2171
2432,▁throughout,-2172
2433,gress,-2173
2434,▁swe,-2174
2435,▁engine,-2175
2436,ek,-2176
2437,ler,-2177
2438,angu,-2178
2439,▁takes,-2179
2440,▁self,-2180
2441,▁recent,-2181
2442,▁players,-2182
2443,▁choose,-2183
2444,▁previous,-2184
2445,▁isn,-2185
2446,▁TH,-2186
2447,▁tit,-2187
2448,▁running,-2188
2449,▁recently,-2189
2450,▁software,-2190
2451,▁created,-2191
2452,▁Dav,-2192
2453,▁seem,-2193
2454,ox,-2194
2455,azing,-2195
2456,verage,-2196
2457,ams,-2197
2458,▁issue,-2198
2459,▁clients,-2199
2460,▁Feb,-2200
2461,ication,-2201
2462,ada,-2202
2463,▁behind,-2203
2464,▁inj,-2204
2465,ana,-2205
2466,▁Aut,-2206
2467,▁clear,-2207
2468,▁network,-2208
2469,--,-2209
2470,▁init,-2210
2471,▁impact,-2211
2472,▁Val,-2212
2473,▁flow,-2213
2474,▁Fin,-2214
2475,▁couple,-2215
2476,▁represent,-2216
2477,▁bott,-2217
2478,▁received,-2218
2479,▁sales,-2219
2480,▁Monday,-2220
2481,▁version,-2221
2482,ux,-2222
2483,▁hol,-2223
2484,itten,-2224
2485,▁super,-2225
2486,▁insp,-2226
2487,oogle,-2227
2488,▁song,-2228
2489,▁education,-2229
2490,oura,-2230
2491,ried,-2231
2492,▁Af,-2232
2493,ades,-2233
2494,▁favorite,-2234
2495,anced,-2235
2496,▁download,-2236
2497,▁Sw,-2237
2498,▁reading,-2238
2499,▁States,-2239
2500,▁role,-2240
2501,cast,-2241
2502,uge,-2242
2503,▁Sunday,-2243
2504,▁stri,-2244
2505,▁else,-2245
2506,apt,-2246
2507,▁Get,-2247
2508,▁nice,-2248
2509,where,-2249
2510,▁security,-2250
2511,▁cup,-2251
2512,St,-2252
2513,▁di,-2253
2514,▁pan,-2254
2515,▁po,-2255
2516,▁problems,-2256
2517,▁probably,-2257
2518,▁regular,-2258
2519,oud,-2259
2520,▁shows,-2260
2521,oid,-2261
2522,▁House,-2262
2523,OU,-2263
2524,▁President,-2264
2525,▁method,-2265
2526,▁Mon,-2266
2527,▁cool,-2267
2528,▁outside,-2268
2529,▁collect,-2269
2530,arth,-2270
2531,▁morning,-2271
2532,atform,-2272
2533,▁Direct,-2273
2534,▁fresh,-2274
2535,reme,-2275
2536,ume,-2276
2537,earch,-2277
2538,idge,-2278
2539,▁increase,-2279
2540,▁action,-2280
2541,▁ele,-2281
2542,.),-2282
2543,▁table,-2283
2544,▁accom,-2284
2545,▁sle,-2285
2546,▁likely,-2286
2547,▁Her,-2287
2548,▁Face,-2288
2549,eth,-2289
2550,amed,-2290
2551,▁fast,-2291
2552,par,-2292
2553,▁asked,-2293
2554,▁dog,-2294
2555,▁simply,-2295
2556,▁position,-2296
2557,ounc,-2297
2558,▁ground,-2298
2559,mit,-2299
2560,▁difficult,-2300
2561,bor,-2301
2562,▁Associ,-2302
2563,▁party,-2303
2564,overed,-2304
2565,▁original,-2305
2566,ification,-2306
2567,▁writing,-2307
2568,▁Int,-2308
2569,▁model,-2309
2570,▁Red,-2310
2571,eter,-2311
2572,▁manufact,-2312
2573,▁Up,-2313
2574,▁customer,-2314
2575,▁signific,-2315
2576,▁wonder,-2316
2577,aving,-2317
2578,ague,-2318
2579,▁inside,-2319
2580,▁skills,-2320
2581,erc,-2321
2582,▁leave,-2322
2583,aging,-2323
2584,▁goal,-2324
2585,aker,-2325
2586,▁board,-2326
2587,istration,-2327
2588,icles,-2328
2589,▁article,-2329
2590,adem,-2330
2591,▁Mich,-2331
2592,▁mix,-2332
2593,▁learning,-2333
2594,▁anim,-2334
2595,▁ful,-2335
2596,▁Black,-2336
2597,hib,-2337
2598,▁changes,-2338
2599,▁necess,-2339
2600,▁America,-2340
2601,ID,-2341
2602,▁risk,-2342
2603,hel,-2343
2604,▁contrib,-2344
2605,aby,-2345
2606,based,-2346
2607,▁recogn,-2347
2608,artment,-2348
2609,▁abs,-2349
2610,▁hit,-2350
2611,▁release,-2351
2612,face,-2352
2613,icated,-2353
2614,▁TV,-2354
2615,▁Are,-2355
2616,right,-2356
2617,▁anyone,-2357
2618,▁lives,-2358
2619,▁polit,-2359
2620,ursday,-2360
2621,▁systems,-2361
2622,▁Soc,-2362
2623,▁town,-2363
2624,▁stra,-2364
2625,▁career,-2365
2626,▁Ser,-2366
2627,ham,-2367
2628,▁books,-2368
2629,uit,-2369
2630,▁former,-2370
2631,▁however,-2371
2632,▁base,-2372
2633,▁knowledge,-2373
2634,rict,-2374
2635,▁application,-2375
2636,ecut,-2376
2637,▁Wed,-2377
2638,medi,-2378
2639,▁tour,-2379
2640,▁mark,-2380
2641,▁stop,-2381
2642,ules,-2382
2643,▁Austral,-2383
2644,iple,-2384
2645,▁located,-2385
2646,▁ball,-2386
2647,lus,-2387
2648,ession,-2388
2649,▁included,-2389
2650,▁Free,-2390
2651,▁sat,-2391
2652,▁accept,-2392
2653,uesday,-2393
2654,ming,-2394
2655,▁lo,-2395
2656,ester,-2396
2657,li,-2397
2658,▁exist,-2398
2659,▁match,-2399
2660,▁private,-2400
2661,▁medical,-2401
2662,OT,-2402
2663,▁additional,-2403
2664,▁ple,-2404
2665,▁fail,-2405
2666,▁cal,-2406
2667,▁Bus,-2407
2668,▁etc,-2408
2669,name,-2409
2670,▁activities,-2410
2671,▁total,-2411
2672,▁meeting,-2412
2673,▁projects,-2413
2674,ST,-2414
2675,izing,-2415
2676,▁words,-2416
2677,arget,-2417
2678,▁squ,-2418
2679,oring,-2419
2680,▁matter,-2420
2681,aign,-2421
2682,▁fig,-2422
2683,▁UK,-2423
2684,▁saf,-2424
2685,▁News,-2425
2686,▁leaders,-2426
2687,ny,-2427
2688,iff,-2428
2689,▁looks,-2429
2690,▁Nove,-2430
2691,ground,-2431
2692,▁variety,-2432
2693,▁longer,-2433
2694,adu,-2434
2695,wood,-2435
2696,▁round,-2436
2697,ville,-2437
2698,▁weeke,-2438
2699,▁playing,-2439
2700,▁January,-2440
2701,ipping,-2441
2702,▁growth,-2442
2703,rug,-2443
2704,▁late,-2444
2705,iol,-2445
2706,ky,-2446
2707,empt,-2447
2708,▁concern,-2448
2709,▁autom,-2449
2710,▁production,-2450
2711,▁hair,-2451
2712,▁practice,-2452
2713,▁worked,-2453
2714,▁character,-2454
2715,▁Act,-2455
2716,ude,-2456
2717,▁Sal,-2457
2718,mon,-2458
2719,▁October,-2459
2720,▁treatment,-2460
2721,▁worth,-2461
2722,▁lay,-2462
2723,▁Of,-2463
2724,irth,-2464
2725,▁Every,-2465
2726,Wh,-2466
2727,na,-2467
2728,▁drive,-2468
2729,▁hy,-2469
2730,▁significant,-2470
2731,▁tal,-2471
2732,▁suggest,-2472
2733,▁defin,-2473
2734,cing,-2474
2735,elcome,-2475
2736,nesday,-2476
2737,▁programs,-2477
2738,▁sun,-2478
2739,▁nothing,-2479
2740,▁screen,-2480
2741,▁Department,-2481
2742,▁wall,-2482
2743,▁determ,-2483
2744,▁September,-2484
2745,▁death,-2485
2746,ipment,-2486
2747,▁mach,-2487
2748,mercial,-2488
2749,iddle,-2489
2750,▁August,-2490
2751,▁cand,-2491
2752,▁Har,-2492
2753,cember,-2493
2754,reg,-2494
2755,▁San,-2495
2756,airs,-2496
2757,▁police,-2497
2758,▁Facebook,-2498
2759,▁general,-2499
2760,▁true,-2500
2761,▁student,-2501
2762,ipe,-2502
2763,▁amazing,-2503
2764,▁deg,-2504
2765,▁purchase,-2505
2766,▁rather,-2506
2767,▁exam,-2507
2768,▁Ac,-2508
2769,▁Thursday,-2509
2770,▁First,-2510
2771,off,-2511
2772,oke,-2512
2773,gar,-2513
2774,imum,-2514
2775,▁function,-2515
2776,che,-2516
2777,▁photos,-2517
2778,▁Let,-2518
2779,eds,-2519
2780,▁Then,-2520
2781,pm,-2521
2782,ouncil,-2522
2783,▁national,-2523
2784,▁leading,-2524
2785,▁image,-2525
2786,▁chance,-2526
2787,▁international,-2527
2788,▁platform,-2528
2789,▁Google,-2529
2790,▁arri,-2530
2791,oom,-2531
2792,▁Tuesday,-2532
2793,▁associ,-2533
2794,▁allows,-2534
2795,▁Sim,-2535
2796,▁teac,-2536
2797,ha,-2537
2798,▁built,-2538
2799,▁seems,-2539
2800,▁loss,-2540
2801,ashing,-2541
2802,▁challeng,-2542
2803,▁clos,-2543
2804,▁plans,-2544
2805,ought,-2545
2806,cy,-2546
2807,▁providing,-2547
2808,▁credit,-2548
2809,lin,-2549
2810,▁stat,-2550
2811,▁draw,-2551
2812,▁Also,-2552
2813,▁quickly,-2553
2814,▁Ag,-2554
2815,▁estab,-2555
2816,▁higher,-2556
2817,ING,-2557
2818,str,-2558
2819,▁hands,-2559
2820,iber,-2560
2821,▁Mus,-2561
2822,▁Street,-2562
2823,▁movie,-2563
2824,▁Pat,-2564
2825,▁November,-2565
2826,oph,-2566
2827,olution,-2567
2828,▁introdu,-2568
2829,▁Dis,-2569
2830,▁similar,-2570
2831,▁touch,-2571
2832,iter,-2572
2833,▁usually,-2573
2834,arden,-2574
2835,▁choice,-2575
2836,▁rad,-2576
2837,▁Net,-2577
2838,▁regard,-2578
2839,▁comment,-2579
2840,▁decision,-2580
2841,▁bud,-2581
2842,▁deep,-2582
2843,itchen,-2583
2844,light,-2584
2845,mas,-2585
2846,▁Group,-2586
2847,AM,-2587
2848,▁moment,-2588
2849,▁prior,-2589
2850,▁tast,-2590
2851,▁ideas,-2591
2852,▁easily,-2592
2853,hern,-2593
2854,▁excell,-2594
2855,▁sil,-2595
2856,▁rate,-2596
2857,▁encoura,-2597
2858,▁collection,-2598
2859,▁attack,-2599
2860,urg,-2600
2861,▁International,-2601
2862,now,-2602
2863,▁infl,-2603
2864,▁Out,-2604
2865,▁commit,-2605
2866,▁inde,-2606
2867,ederal,-2607
2868,▁safety,-2608
2869,▁bal,-2609
2870,▁prevent,-2610
2871,▁cell,-2611
2872,▁Wind,-2612
2873,▁court,-2613
2874,▁apply,-2614
2875,▁reported,-2615
2876,▁af,-2616
2877,▁decided,-2617
2878,▁December,-2618
2879,put,-2619
2880,▁ut,-2620
2881,▁Calif,-2621
2882,▁Wednesday,-2622
2883,ondon,-2623
2884,▁center,-2624
2885,sp,-2625
2886,example,-2626
2887,▁Air,-2627
2888,▁integr,-2628
2889,▁released,-2629
2890,▁dom,-2630
2891,▁ord,-2631
2892,ournal,-2632
2893,▁file,-2633
2894,▁Cons,-2634
2895,ached,-2635
2896,▁location,-2636
2897,▁vict,-2637
2898,amb,-2638
2899,▁club,-2639
2900,▁cannot,-2640
2901,▁cause,-2641
2902,idents,-2642
2903,▁agree,-2643
2904,ma,-2644
2905,▁ill,-2645
2906,▁parents,-2646
2907,▁Cour,-2647
2908,▁La,-2648
2909,▁marketing,-2649
2910,ospital,-2650
2911,▁op,-2651
2912,▁saw,-2652
2913,▁piece,-2653
2914,▁expected,-2654
2915,▁Any,-2655
2916,▁lost,-2656
2917,▁display,-2657
2918,▁digital,-2658
2919,▁iP,-2659
2920,▁investig,-2660
2921,▁Design,-2661
2922,▁weekend,-2662
2923,▁Most,-2663
2924,▁Ang,-2664
2925,▁Well,-2665
2926,▁respect,-2666
2927,▁PM,-2667
2928,▁mass,-2668
2929,▁exact,-2669
2930,eal,-2670
2931,▁Home,-2671
2932,reng,-2672
2933,▁daily,-2673
2934,▁tick,-2674
2935,▁announced,-2675
2936,ructure,-2676
2937,▁norm,-2677
2938,▁ri,-2678
2939,OM,-2679
2940,▁benefits,-2680
2941,▁user,-2681
2942,ishing,-2682
2943,▁protect,-2683
2944,ivery,-2684
2945,▁partners,-2685
2946,ilies,-2686
2947,hood,-2687
2948,▁campaign,-2688
2949,▁Ob,-2689
2950,illing,-2690
2951,▁involved,-2691
2952,▁bra,-2692
2953,▁langu,-2693
2954,▁effic,-2694
2955,ray,-2695
2956,avy,-2696
2957,▁Click,-2697
2958,▁boy,-2698
2959,ples,-2699
2960,▁sche,-2700
2961,▁http,-2701
2962,▁send,-2702
2963,▁drink,-2703
2964,▁aw,-2704
2965,▁sens,-2705
2966,rown,-2706
2967,▁modern,-2707
2968,▁wood,-2708
2969,▁woman,-2709
2970,▁neg,-2710
2971,key,-2711
2972,rec,-2712
2973,ET,-2713
2974,atory,-2714
2975,unities,-2715
2976,▁Sen,-2716
2977,▁bag,-2717
2978,▁dest,-2718
2979,▁related,-2719
2980,ruary,-2720
2981,▁global,-2721
2982,uel,-2722
2983,▁Over,-2723
2984,▁Business,-2724
2985,lim,-2725
2986,▁rout,-2726
2987,just,-2727
2988,▁expert,-2728
2989,▁mobile,-2729
2990,▁save,-2730
2991,▁computer,-2731
2992,▁standard,-2732
2993,oday,-2733
2994,ellow,-2734
2995,▁goes,-2735
2996,▁War,-2736
2997,▁College,-2737
2998,▁restaur,-2738
2999,▁floor,-2739
3000,▁rights,-2740
3001,▁London,-2741
3002,▁pers,-2742
3003,▁circ,-2743
3004,▁ability,-2744
3005,▁mother,-2745
3006,▁corre,-2746
3007,▁green,-2747
3008,▁myself,-2748
3009,▁immedi,-2749
3010,▁ep,-2750
3011,▁option,-2751
3012,board,-2752
3013,▁parts,-2753
3014,▁feed,-2754
3015,ica,-2755
3016,▁ded,-2756
3017,attle,-2757
3018,▁huge,-2758
3019,▁contract,-2759
3020,EC,-2760
3021,zz,-2761
3022,▁Rec,-2762
3023,▁Cr,-2763
3024,▁warm,-2764
3025,▁gra,-2765
3026,ornia,-2766
3027,enge,-2767
3028,▁president,-2768
3029,▁enter,-2769
3030,▁Prof,-2770
3031,▁target,-2771
3032,uk,-2772
3033,▁arch,-2773
3034,ett,-2774
3035,atives,-2775
3036,▁serious,-2776
3037,aves,-2777
3038,▁innov,-2778
3039,iring,-2779
3040,ivity,-2780
3041,▁earn,-2781
3042,ault,-2782
3043,▁emer,-2783
3044,▁English,-2784
3045,asons,-2785
3046,▁surpr,-2786
3047,▁tools,-2787
3048,erve,-2788
3049,▁gen,-2789
3050,band,-2790
3051,▁fight,-2791
3052,▁helps,-2792
3053,▁played,-2793
3054,unt,-2794
3055,iding,-2795
3056,▁weight,-2796
3057,▁dress,-2797
3058,istic,-2798
3059,ibrary,-2799
3060,▁roll,-2800
3061,▁award,-2801
3062,▁gives,-2802
3063,edding,-2803
3064,like,-2804
3065,ara,-2805
3066,▁note,-2806
3067,▁trust,-2807
3068,▁photo,-2808
3069,OS,-2809
3070,▁request,-2810
3071,▁capt,-2811
3072,▁Check,-2812
3073,cription,-2813
3074,partment,-2814
3075,▁legal,-2815
3076,akers,-2816
3077,▁ones,-2817
3078,▁hear,-2818
3079,aught,-2819
3080,▁bank,-2820
3081,▁code,-2821
3082,▁stock,-2822
3083,▁levels,-2823
3084,▁Other,-2824
3085,▁solutions,-2825
3086,pri,-2826
3087,▁costs,-2827
3088,▁Service,-2828
3089,▁patients,-2829
3090,▁sym,-2830
3091,▁door,-2831
3092,▁admin,-2832
3093,▁lab,-2833
3094,▁sus,-2834
3095,▁conditions,-2835
3096,▁February,-2836
3097,ram,-2837
3098,acing,-2838
3099,EO,-2839
3100,▁sense,-2840
3101,▁published,-2841
3102,▁sold,-2842
3103,▁giving,-2843
3104,▁approach,-2844
3105,▁Book,-2845
3106,▁dry,-2846
3107,▁Brit,-2847
3108,ension,-2848
3109,▁opp,-2849
3110,▁remember,-2850
3111,▁Produ,-2851
3112,▁Trans,-2852
3113,erous,-2853
3114,▁attention,-2854
3115,▁interested,-2855
3116,▁Hol,-2856
3117,▁Play,-2857
3118,▁starting,-2858
3119,▁highly,-2859
3120,▁gets,-2860
3121,▁deliver,-2861
3122,pose,-2862
3123,▁Par,-2863
3124,▁prim,-2864
3125,▁Techn,-2865
3126,▁source,-2866
3127,▁sale,-2867
3128,AP,-2868
3129,add,-2869
3130,▁California,-2870
3131,▁resources,-2871
3132,▁instead,-2872
3133,▁qual,-2873
3134,▁subs,-2874
3135,▁sett,-2875
3136,▁heat,-2876
3137,ael,-2877
3138,www,-2878
3139,▁average,-2879
3140,EL,-2880
3141,urt,-2881
3142,izes,-2882
3143,▁AM,-2883
3144,orge,-2884
3145,hold,-2885
3146,iction,-2886
3147,▁reach,-2887
3148,▁themselves,-2888
3149,aged,-2889
3150,▁express,-2890
3151,▁condition,-2891
3152,▁Law,-2892
3153,▁planning,-2893
3154,▁fine,-2894
3155,▁Del,-2895
3156,▁join,-2896
3157,▁Gener,-2897
3158,▁equipment,-2898
3159,▁organization,-2899
3160,▁materials,-2900
3161,▁solution,-2901
3162,▁vac,-2902
3163,▁mid,-2903
3164,▁sites,-2904
3165,▁written,-2905
3166,▁Afric,-2906
3167,▁cases,-2907
3168,▁imm,-2908
3169,irit,-2909
3170,wide,-2910
3171,▁Christmas,-2911
3172,▁streng,-2912
3173,▁lower,-2913
3174,▁Services,-2914
3175,▁firm,-2915
3176,▁upon,-2916
3177,mission,-2917
3178,▁describ,-2918
3179,ening,-2919
3180,apan,-2920
3181,vey,-2921
3182,▁Je,-2922
3183,▁Program,-2923
3184,▁Sch,-2924
3185,ength,-2925
3186,▁www,-2926
3187,▁Thanks,-2927
3188,▁businesses,-2928
3189,▁cat,-2929
3190,▁images,-2930
3191,ule,-2931
3192,▁subject,-2932
3193,▁Rem,-2933
3194,▁effective,-2934
3195,▁healthy,-2935
3196,▁interview,-2936
3197,▁fans,-2937
3198,▁groups,-2938
3199,mm,-2939
3200,▁began,-2940
3201,ashion,-2941
3202,▁multiple,-2942
3203,▁player,-2943
3204,ida,-2944
3205,▁Av,-2945
3206,▁positive,-2946
3207,▁Spe,-2947
3208,▁plant,-2948
3209,▁defe,-2949
3210,▁policy,-2950
3211,▁prem,-2951
3212,▁countries,-2952
3213,rom,-2953
3214,ald,-2954
3215,▁write,-2955
3216,aches,-2956
3217,▁insurance,-2957
3218,▁slow,-2958
3219,▁lif,-2959
3220,▁answer,-2960
3221,king,-2961
3222,arant,-2962
3223,▁Go,-2963
3224,ration,-2964
3225,ysis,-2965
3226,▁viol,-2966
3227,▁item,-2967
3228,▁families,-2968
3229,bum,-2969
3230,▁dise,-2970
3231,ography,-2971
3232,urer,-2972
3233,▁led,-2973
3234,▁Hot,-2974
3235,▁interesting,-2975
3236,▁consult,-2976
3237,rought,-2977
3238,olf,-2978
3239,▁picture,-2979
3240,ocol,-2980
3241,▁Met,-2981
3242,▁completely,-2982
3243,iles,-2983
3244,enty,-2984
3245,▁dream,-2985
3246,urb,-2986
3247,▁message,-2987
3248,▁lic,-2988
3249,▁document,-2989
3250,▁Great,-2990
3251,▁copy,-2991
3252,▁Loc,-2992
3253,sy,-2993
3254,ato,-2994
3255,rup,-2995
3256,▁trip,-2996
3257,ager,-2997
3258,▁types,-2998
3259,▁gift,-2999
3260,bit,-3000
3261,▁employees,-3001
3262,▁Even,-3002
3263,▁hour,-3003
3264,lev,-3004
3265,press,-3005
3266,▁opportunities,-3006
3267,▁David,-3007
3268,▁King,-3008
3269,▁broad,-3009
3270,▁block,-3010
3271,▁directly,-3011
3272,▁Mod,-3012
3273,elling,-3013
3274,erved,-3014
3275,▁Whe,-3015
3276,orage,-3016
3277,▁div,-3017
3278,arlier,-3018
3279,▁Phot,-3019
3280,▁Since,-3020
3281,▁commercial,-3021
3282,iant,-3022
3283,▁eye,-3023
3284,▁Found,-3024
3285,ey,-3025
3286,▁achieve,-3026
3287,▁offe,-3027
3288,▁Why,-3028
3289,oul,-3029
3290,▁Sub,-3030
3291,ffects,-3031
3292,▁camer,-3032
3293,▁gar,-3033
3294,▁pull,-3034
3295,▁rock,-3035
3296,itation,-3036
3297,gu,-3037
3298,▁except,-3038
3299,ffee,-3039
3300,▁hor,-3040
3301,IL,-3041
3302,▁According,-3042
3303,▁East,-3043
3304,▁fully,-3044
3305,▁stru,-3045
3306,▁growing,-3046
3307,▁traditional,-3047
3308,▁band,-3048
3309,▁Many,-3049
3310,▁wasn,-3050
3311,▁Year,-3051
3312,itute,-3052
3313,▁saying,-3053
3314,▁White,-3054
3315,ube,-3055
3316,▁India,-3056
3317,▁paint,-3057
3318,▁stuff,-3058
3319,▁Once,-3059
3320,▁reports,-3060
3321,ares,-3061
3322,▁comments,-3062
3323,itely,-3063
3324,▁fab,-3064
3325,▁promot,-3065
3326,▁successful,-3066
3327,▁cert,-3067
3328,▁stories,-3068
3329,ancy,-3069
3330,▁necessary,-3070
3331,▁Russ,-3071
3332,▁teams,-3072
3333,ecutive,-3073
3334,▁Mag,-3074
3335,▁prices,-3075
3336,▁mount,-3076
3337,▁gold,-3077
3338,▁Hall,-3078
3339,▁cross,-3079
3340,▁hop,-3080
3341,▁shoot,-3081
3342,▁goals,-3082
3343,▁creating,-3083
3344,iable,-3084
3345,▁Green,-3085
3346,onse,-3086
3347,▁neigh,-3087
3348,▁vehicle,-3088
3349,TM,-3089
3350,▁fix,-3090
3351,▁itself,-3091
3352,▁adult,-3092
3353,▁Cle,-3093
3354,▁dead,-3094
3355,ooth,-3095
3356,▁wrong,-3096
3357,▁Spr,-3097
3358,▁dark,-3098
3359,▁excellent,-3099
3360,▁Web,-3100
3361,▁reve,-3101
3362,uses,-3102
3363,tee,-3103
3364,▁cy,-3104
3365,wor,-3105
3366,▁fair,-3106
3367,▁rev,-3107
3368,▁affect,-3108
3369,▁Twitter,-3109
3370,▁applications,-3110
3371,hest,-3111
3372,imately,-3112
3373,▁essential,-3113
3374,▁Work,-3114
3375,▁aim,-3115
3376,▁drug,-3116
3377,urning,-3117
3378,udd,-3118
3379,▁Germ,-3119
3380,mb,-3120
3381,ipped,-3121
3382,▁China,-3122
3383,▁Last,-3123
3384,▁Best,-3124
3385,▁Each,-3125
3386,▁attempt,-3126
3387,iation,-3127
3388,▁extreme,-3128
3389,▁Good,-3129
3390,▁device,-3130
3391,coming,-3131
3392,▁separ,-3132
3393,rote,-3133
3394,▁farm,-3134
3395,▁condu,-3135
3396,▁distrib,-3136
3397,▁birth,-3137
3398,▁Market,-3138
3399,▁Tex,-3139
3400,aughter,-3140
3401,ties,-3141
3402,ashington,-3142
3403,▁gave,-3143
3404,inary,-3144
3405,omen,-3145
3406,ores,-3146
3407,▁wait,-3147
3408,▁glass,-3148
3409,ils,-3149
3410,inner,-3150
3411,▁terms,-3151
3412,▁implement,-3152
3413,OL,-3153
3414,▁kitchen,-3154
3415,rows,-3155
3416,▁blood,-3156
3417,venue,-3157
3418,aries,-3158
3419,▁sen,-3159
3420,▁Association,-3160
3421,▁Port,-3161
3422,▁baby,-3162
3423,▁See,-3163
3424,▁director,-3164
3425,▁Paul,-3165
3426,▁Office,-3166
3427,▁thinking,-3167
3428,BC,-3168
3429,raz,-3169
3430,▁Mem,-3170
3431,▁serve,-3171
3432,▁System,-3172
3433,▁depend,-3173
3434,▁speed,-3174
3435,▁Mor,-3175
3436,▁pictures,-3176
3437,▁vot,-3177
3438,iced,-3178
3439,▁became,-3179
3440,Ch,-3180
3441,▁Jack,-3181
3442,▁wish,-3182
3443,uth,-3183
3444,anch,-3184
3445,pite,-3185
3446,▁schools,-3186
3447,▁obs,-3187
3448,▁smart,-3188
3449,▁spend,-3189
3450,▁budget,-3190
3451,▁Japan,-3191
3452,▁Develop,-3192
3453,▁dro,-3193
3454,▁nation,-3194
3455,field,-3195
3456,▁advice,-3196
3457,▁organiz,-3197
3458,▁profession,-3198
3459,▁effort,-3199
3460,▁places,-3200
3461,yond,-3201
3462,▁section,-3202
3463,▁college,-3203
3464,▁Public,-3204
3465,▁mention,-3205
3466,▁Make,-3206
3467,ications,-3207
3468,▁offering,-3208
3469,duc,-3209
3470,▁sometimes,-3210
3471,▁Vis,-3211
3472,▁coun,-3212
3473,▁bi,-3213
3474,▁Use,-3214
3475,▁aware,-3215
3476,AD,-3216
3477,▁Today,-3217
3478,riend,-3218
3479,▁Mac,-3219
3480,ocr,-3220
3481,▁progress,-3221
3482,▁jud,-3222
3483,▁Bel,-3223
3484,”.,-3224
3485,▁Road,-3225
3486,▁spent,-3226
3487,▁war,-3227
3488,▁limited,-3228
3489,▁son,-3229
3490,vest,-3230
3491,▁developed,-3231
3492,▁ble,-3232
3493,▁Sol,-3233
3494,▁carry,-3234
3495,▁shot,-3235
3496,▁mat,-3236
3497,▁Pri,-3237
3498,▁Sk,-3238
3499,ibly,-3239
3500,▁Washington,-3240
3501,▁enh,-3241
3502,▁impress,-3242
3503,US,-3243
3504,▁IN,-3244
3505,▁feet,-3245
3506,▁moving,-3246
3507,▁quarter,-3247
3508,▁rent,-3248
3509,▁Inter,-3249
3510,▁emb,-3250
3511,▁title,-3251
3512,▁eat,-3252
3513,▁connect,-3253
3514,▁About,-3254
3515,ological,-3255
3516,▁race,-3256
3517,▁AN,-3257
3518,▁felt,-3258
3519,itary,-3259
3520,haps,-3260
3521,▁dating,-3261
3522,▁Gold,-3262
3523,unte,-3263
3524,▁suit,-3264
3525,pects,-3265
3526,overn,-3266
3527,▁feeling,-3267
3528,rench,-3268
3529,▁requirements,-3269
3530,▁avoid,-3270
3531,▁statement,-3271
3532,▁situation,-3272
3533,▁complex,-3273
3534,▁wants,-3274
3535,useum,-3275
3536,idered,-3276
3537,▁Dem,-3277
3538,ceed,-3278
3539,istry,-3279
3540,▁THE,-3280
3541,▁towards,-3281
3542,▁individuals,-3282
3543,▁region,-3283
3544,▁billion,-3284
3545,asc,-3285
3546,▁path,-3286
3547,▁Canada,-3287
3548,down,-3288
3549,▁respond,-3289
3550,▁delivery,-3290
3551,▁bath,-3291
3552,▁spot,-3292
3553,▁heard,-3293
3554,rel,-3294
3555,▁finish,-3295
3556,▁album,-3296
3557,ancing,-3297
3558,ari,-3298
3559,▁language,-3299
3560,▁physical,-3300
3561,house,-3301
3562,▁construction,-3302
3563,▁aff,-3303
3564,▁Class,-3304
3565,isions,-3305
3566,unk,-3306
3567,▁Director,-3307
3568,▁sleep,-3308
3569,▁ing,-3309
3570,▁stress,-3310
3571,▁Educ,-3311
3572,▁Open,-3312
3573,▁straight,-3313
3574,▁Flor,-3314
3575,▁Down,-3315
3576,▁owners,-3316
3577,▁nearly,-3317
3578,ocks,-3318
3579,▁shop,-3319
3580,▁lik,-3320
3581,▁nut,-3321
3582,▁advant,-3322
3583,▁Council,-3323
3584,▁ver,-3324
3585,hips,-3325
3586,▁Find,-3326
3587,porate,-3327
3588,▁brought,-3328
3589,▁finally,-3329
3590,▁Pal,-3330
3591,▁stage,-3331
3592,He,-3332
3593,▁convers,-3333
3594,▁pet,-3334
3595,▁sweet,-3335
3596,▁hotel,-3336
3597,▁Board,-3337
3598,▁Apple,-3338
3599,▁wonderful,-3339
3600,word,-3340
3601,▁charge,-3341
3602,▁temper,-3342
3603,▁consist,-3343
3604,▁pattern,-3344
3605,▁ten,-3345
3606,▁loved,-3346
3607,▁seven,-3347
3608,▁Hel,-3348
3609,▁Tom,-3349
3610,▁hous,-3350
3611,owl,-3351
3612,▁ge,-3352
3613,▁Lear,-3353
3614,▁annual,-3354
3615,▁Bre,-3355
3616,ION,-3356
3617,▁weather,-3357
3618,rast,-3358
3619,▁Top,-3359
3620,▁blue,-3360
3621,▁inform,-3361
3622,▁Texas,-3362
3623,▁strateg,-3363
3624,▁Oh,-3364
3625,▁nature,-3365
3626,▁Ann,-3366
3627,▁load,-3367
3628,▁star,-3368
3629,fl,-3369
3630,ports,-3370
3631,▁largest,-3371
3632,▁double,-3372
3633,▁interact,-3373
3634,▁tried,-3374
3635,mitted,-3375
3636,▁Dan,-3376
3637,▁cold,-3377
3638,PS,-3378
3639,ament,-3379
3640,▁attract,-3380
3641,▁overall,-3381
3642,▁ult,-3382
3643,▁wrote,-3383
3644,▁sports,-3384
3645,pre,-3385
3646,▁investment,-3386
3647,▁eyes,-3387
3648,▁William,-3388
3649,▁Sur,-3389
3650,▁Club,-3390
3651,dule,-3391
3652,▁cas,-3392
3653,▁candid,-3393
3654,roud,-3394
3655,▁max,-3395
3656,▁wife,-3396
3657,uted,-3397
3658,▁Indian,-3398
3659,ago,-3399
3660,▁exerc,-3400
3661,▁wear,-3401
3662,""".",-3402
3663,▁guide,-3403
3664,▁partner,-3404
3665,▁helping,-3405
3666,oming,-3406
3667,▁independ,-3407
3668,▁turned,-3408
3669,ened,-3409
3670,rences,-3410
3671,▁Time,-3411
3672,▁ahead,-3412
3673,▁collabor,-3413
3674,arc,-3414
3675,▁Michael,-3415
3676,▁repl,-3416
3677,▁Care,-3417
3678,change,-3418
3679,estern,-3419
3680,▁offered,-3420
3681,▁pow,-3421
3682,▁Windows,-3422
3683,▁response,-3423
3684,▁grand,-3424
3685,nded,-3425
3686,▁definitely,-3426
3687,▁homes,-3427
3688,▁difference,-3428
3689,▁advert,-3429
3690,▁concept,-3430
3691,▁uses,-3431
3692,▁finished,-3432
3693,aly,-3433
3694,▁retail,-3434
3695,▁imag,-3435
3696,▁internet,-3436
3697,▁IT,-3437
3698,▁pieces,-3438
3699,estival,-3439
3700,rig,-3440
3701,ampions,-3441
3702,ulations,-3442
3703,▁served,-3443
3704,▁Internet,-3444
3705,▁activity,-3445
3706,▁categ,-3446
3707,▁stick,-3447
3708,▁benefit,-3448
3709,▁devices,-3449
3710,▁Court,-3450
3711,▁James,-3451
3712,▁gas,-3452
3713,▁doll,-3453
3714,▁beginning,-3454
3715,▁wedding,-3455
3716,inger,-3456
3717,▁bottom,-3457
3718,roid,-3458
3719,▁challenge,-3459
3720,▁Ant,-3460
3721,▁earlier,-3461
3722,▁Review,-3462
3723,▁appoint,-3463
3724,ounds,-3464
3725,▁thous,-3465
3726,last,-3466
3727,▁Adv,-3467
3728,ned,-3468
3729,▁apprec,-3469
3730,▁active,-3470
3731,▁political,-3471
3732,wise,-3472
3733,▁prec,-3473
3734,▁View,-3474
3735,▁paid,-3475
3736,▁altern,-3476
3737,▁pred,-3477
3738,▁eight,-3478
3739,more,-3479
3740,ourney,-3480
3741,▁Life,-3481
3742,▁Fam,-3482
3743,▁transport,-3483
3744,▁belie,-3484
3745,▁acqu,-3485
3746,▁Australia,-3486
3747,▁client,-3487
3748,net,-3488
3749,olute,-3489
3750,You,-3490
3751,▁miles,-3491
3752,▁Ir,-3492
3753,▁Rich,-3493
3754,▁culture,-3494
3755,▁Micro,-3495
3756,ying,-3496
3757,▁reduce,-3497
3758,iate,-3498
3759,ustain,-3499
3760,▁influ,-3500
3761,▁demand,-3501
3762,▁entertain,-3502
3763,▁creative,-3503
3764,▁maybe,-3504
3765,▁understanding,-3505
3766,▁Research,-3506
3767,yd,-3507
3768,▁exactly,-3508
3769,bon,-3509
3770,▁named,-3510
3771,▁exhib,-3511
3772,▁states,-3512
3773,▁considered,-3513
3774,▁Thank,-3514
3775,▁girls,-3515
3776,box,-3516
3777,▁correct,-3517
3778,▁Mark,-3518
3779,ails,-3519
3780,▁hus,-3520
3781,▁histor,-3521
3782,▁easier,-3522
3783,ston,-3523
3784,▁cho,-3524
3785,▁replace,-3525
3786,▁Big,-3526
3787,vin,-3527
3788,▁Look,-3528
3789,cause,-3529
3790,▁Call,-3530
3791,antly,-3531
3792,icate,-3532
3793,▁surround,-3533
3794,▁Super,-3534
3795,LE,-3535
3796,▁ST,-3536
3797,▁Ty,-3537
3798,sec,-3538
3799,▁Char,-3539
3800,hens,-3540
3801,icious,-3541
3802,▁economic,-3542
3803,▁afford,-3543
3804,▁Have,-3544
3805,▁Bay,-3545
3806,▁pages,-3546
3807,bl,-3547
3808,dd,-3548
3809,▁flav,-3549
3810,error,-3550
3811,▁father,-3551
3812,erry,-3552
3813,▁Angel,-3553
3814,orrow,-3554
3815,ales,-3555
3816,▁Rel,-3556
3817,icip,-3557
3818,oves,-3558
3819,▁guarant,-3559
3820,umn,-3560
3821,▁posted,-3561
3822,Re,-3562
3823,▁European,-3563
3824,▁cash,-3564
3825,▁numbers,-3565
3826,▁Republic,-3566
3827,ategy,-3567
3828,OV,-3568
3829,iny,-3569
3830,inated,-3570
3831,force,-3571
3832,▁Sl,-3572
3833,▁prot,-3573
3834,rial,-3574
3835,▁rates,-3575
3836,▁gradu,-3576
3837,▁experienced,-3577
3838,▁Child,-3578
3839,▁expand,-3579
3840,▁opening,-3580
3841,raw,-3581
3842,▁fat,-3582
3843,lying,-3583
3844,▁assess,-3584
3845,▁Govern,-3585
3846,mod,-3586
3847,amic,-3587
3848,▁tom,-3588
3849,▁knew,-3589
3850,asy,-3590
3851,IP,-3591
3852,oly,-3592
3853,alt,-3593
3854,▁lots,-3594
3855,het,-3595
3856,▁demon,-3596
3857,▁damage,-3597
3858,▁contain,-3598
3859,▁Cur,-3599
3860,set,-3600
3861,▁Det,-3601
3862,▁comfortable,-3602
3863,▁Ve,-3603
3864,▁remain,-3604
3865,sych,-3605
3866,▁Mart,-3606
3867,▁satis,-3607
3868,▁truly,-3608
3869,aled,-3609
3870,▁helped,-3610
3871,▁thank,-3611
3872,▁immediately,-3612
3873,▁pressure,-3613
3874,▁PC,-3614
3875,▁degree,-3615
3876,▁decor,-3616
3877,▁cancer,-3617
3878,▁threat,-3618
3879,▁Ev,-3619
3880,▁II,-3620
3881,▁Rob,-3621
3882,▁emot,-3622
3883,▁jobs,-3623
3884,▁beyond,-3624
3885,▁trade,-3625
3886,ico,-3626
3887,chan,-3627
3888,▁cards,-3628
3889,▁outd,-3629
3890,▁completed,-3630
3891,▁IS,-3631
3892,▁prop,-3632
3893,undred,-3633
3894,ses,-3634
3895,▁pool,-3635
3896,▁storage,-3636
3897,▁bill,-3637
3898,rem,-3638
3899,order,-3639
3900,ado,-3640
3901,anging,-3641
3902,leg,-3642
3903,ivil,-3643
3904,ona,-3644
3905,▁obt,-3645
3906,nown,-3646
3907,rey,-3647
3908,▁speak,-3648
3909,atever,-3649
3910,▁responsible,-3650
3911,▁Company,-3651
3912,▁lack,-3652
3913,If,-3653
3914,dom,-3654
3915,tion,-3655
3916,▁Plan,-3656
3917,:||,-3657
3918,▁Ret,-3658
3919,▁highest,-3659
3920,▁craft,-3660
3921,▁analysis,-3661
3922,▁Island,-3662
3923,▁Bank,-3663
3924,phone,-3664
3925,ronic,-3665
3926,▁conference,-3666
3927,▁coffee,-3667
3928,▁estate,-3668
3929,▁machine,-3669
3930,▁proud,-3670
3931,isl,-3671
3932,▁accur,-3672
3933,▁tips,-3673
3934,▁Management,-3674
3935,▁purpose,-3675
3936,▁Florida,-3676
3937,care,-3677
3938,▁setting,-3678
3939,arily,-3679
3940,aith,-3680
3941,▁Although,-3681
3942,▁fem,-3682
3943,▁sty,-3683
3944,met,-3684
3945,▁adjust,-3685
3946,▁fashion,-3686
3947,▁spread,-3687
3948,▁subst,-3688
3949,▁Sum,-3689
3950,▁guys,-3690
3951,orial,-3691
3952,▁excited,-3692
3953,▁Church,-3693
3954,▁efforts,-3694
3955,▁normal,-3695
3956,anta,-3696
3957,cel,-3697
3958,iling,-3698
3959,soft,-3699
3960,▁appropri,-3700
3961,que,-3701
3962,▁wild,-3702
3963,▁fant,-3703
3964,▁plus,-3704
3965,▁ingred,-3705
3966,▁videos,-3706
3967,▁Water,-3707
3968,▁garden,-3708
3969,▁General,-3709
3970,body,-3710
3971,▁length,-3711
3972,agn,-3712
3973,▁Cong,-3713
3974,▁husband,-3714
3975,▁button,-3715
3976,▁pen,-3716
3977,▁cast,-3717
3978,▁frame,-3718
3979,▁disease,-3719
3980,▁existing,-3720
3981,illa,-3721
3982,▁Mary,-3722
3983,▁Contact,-3723
3984,▁reviews,-3724
3985,▁Back,-3725
3986,▁During,-3726
3987,▁er,-3727
3988,▁Camp,-3728
3989,▁launch,-3729
3990,▁himself,-3730
3991,aper,-3731
3992,▁allowed,-3732
3993,▁Rober,-3733
3994,As,-3734
3995,▁thanks,-3735
3996,oe,-3736
3997,▁Community,-3737
3998,▁Dec,-3738
3999,▁middle,-3739
4000,▁strugg,-3740
4001,▁proced,-3741
4002,aling,-3742
4003,▁holiday,-3743
4004,▁looked,-3744
4005,▁welcome,-3745
4006,▁Sing,-3746
4007,▁driving,-3747
4008,▁Sun,-3748
4009,icken,-3749
4010,▁Win,-3750
4011,ken,-3751
4012,▁initial,-3752
4013,▁prefer,-3753
4014,rapy,-3754
4015,▁effects,-3755
4016,▁haven,-3756
4017,▁certainly,-3757
4018,▁lines,-3758
4019,oving,-3759
4020,▁increased,-3760
4021,▁increasing,-3761
4022,▁changed,-3762
4023,▁Jes,-3763
4024,▁Pet,-3764
4025,▁surv,-3765
4026,▁shopping,-3766
4027,▁train,-3767
4028,▁Love,-3768
4029,▁federal,-3769
4030,▁camera,-3770
4031,▁born,-3771
4032,▁behav,-3772
4033,ences,-3773
4034,▁background,-3774
4035,▁cru,-3775
4036,▁incred,-3776
4037,▁Two,-3777
4038,▁spirit,-3778
4039,ipp,-3779
4040,▁object,-3780
4041,▁batter,-3781
4042,aming,-3782
4043,amm,-3783
4044,lied,-3784
4045,▁runs,-3785
4046,▁mission,-3786
4047,▁passion,-3787
4048,):,-3788
4049,▁files,-3789
4050,▁evening,-3790
4051,▁clin,-3791
4052,▁secure,-3792
4053,▁Custom,-3793
4054,OW,-3794
4055,ota,-3795
4056,▁moved,-3796
4057,ously,-3797
4058,▁Ins,-3798
4059,▁Special,-3799
4060,▁Sa,-3800
4061,▁transfer,-3801
4062,▁frequ,-3802
4063,▁selection,-3803
4064,imal,-3804
4065,▁wine,-3805
4066,▁Take,-3806
4067,itect,-3807
4068,▁rules,-3808
4069,▁People,-3809
4070,▁Thom,-3810
4071,▁extend,-3811
4072,▁protection,-3812
4073,friend,-3813
4074,istrict,-3814
4075,▁Like,-3815
4076,▁Rock,-3816
4077,▁journey,-3817
4078,esome,-3818
4079,free,-3819
4080,▁talking,-3820
4081,▁Under,-3821
4082,hone,-3822
4083,▁volunte,-3823
4084,ady,-3824
4085,oms,-3825
4086,▁coach,-3826
4087,IV,-3827
4088,▁artist,-3828
4089,▁winter,-3829
4090,see,-3830
4091,▁stream,-3831
4092,▁demonstr,-3832
4093,▁dedicated,-3833
4094,istics,-3834
4095,▁furn,-3835
4096,▁whose,-3836
4097,▁measure,-3837
4098,▁challenges,-3838
4099,▁doub,-3839
4100,▁spring,-3840
4101,▁cream,-3841
4102,▁particularly,-3842
4103,za,-3843
4104,ios,-3844
4105,▁relax,-3845
4106,▁Power,-3846
4107,▁steps,-3847
4108,oma,-3848
4109,▁powerful,-3849
4110,▁Information,-3850
4111,▁sugar,-3851
4112,▁session,-3852
4113,▁USA,-3853
4114,▁alone,-3854
4115,▁Education,-3855
4116,▁Show,-3856
4117,▁owner,-3857
4118,oos,-3858
4119,▁Phil,-3859
4120,▁French,-3860
4121,▁occas,-3861
4122,▁science,-3862
4123,▁couldn,-3863
4124,▁links,-3864
4125,itiz,-3865
4126,▁bur,-3866
4127,ologies,-3867
4128,▁produce,-3868
4129,▁basic,-3869
4130,reed,-3870
4131,▁fan,-3871
4132,▁slight,-3872
4133,fit,-3873
4134,porary,-3874
4135,DA,-3875
4136,azine,-3876
4137,IM,-3877
4138,▁egg,-3878
4139,icing,-3879
4140,▁communities,-3880
4141,▁leader,-3881
4142,▁Cap,-3882
4143,othing,-3883
4144,▁River,-3884
4145,▁residents,-3885
4146,▁Sil,-3886
4147,lies,-3887
4148,▁liter,-3888
4149,▁fill,-3889
4150,▁occur,-3890
4151,istered,-3891
4152,uing,-3892
4153,▁update,-3893
4154,▁meaning,-3894
4155,▁biggest,-3895
4156,▁instruct,-3896
4157,▁Food,-3897
4158,▁Lake,-3898
4159,▁aren,-3899
4160,EM,-3900
4161,▁onto,-3901
4162,▁patient,-3902
4163,▁supply,-3903
4164,▁Police,-3904
4165,▁daughter,-3905
4166,▁Lou,-3906
4167,▁shared,-3907
4168,▁drop,-3908
4169,▁PR,-3909
4170,▁letter,-3910
4171,▁absolute,-3911
4172,▁colors,-3912
4173,rian,-3913
4174,▁adding,-3914
4175,▁guests,-3915
4176,▁Who,-3916
4177,▁Matt,-3917
4178,▁manager,-3918
4179,▁electric,-3919
4180,annel,-3920
4181,▁Miss,-3921
4182,uled,-3922
4183,gency,-3923
4184,▁schedule,-3924
4185,▁mis,-3925
4186,▁views,-3926
4187,▁models,-3927
4188,▁organizations,-3928
4189,▁shipping,-3929
4190,ocolate,-3930
4191,▁opin,-3931
4192,▁Blue,-3932
4193,esterday,-3933
4194,▁Yes,-3934
4195,▁Enter,-3935
4196,▁strength,-3936
4197,▁Because,-3937
4198,▁shown,-3938
4199,ij,-3939
4200,▁competition,-3940
4201,▁Follow,-3941
4202,▁peace,-3942
4203,▁Star,-3943
4204,▁brother,-3944
4205,uce,-3945
4206,omb,-3946
4207,▁unit,-3947
4208,icks,-3948
4209,UR,-3949
4210,▁district,-3950
4211,osing,-3951
4212,umber,-3952
4213,▁sort,-3953
4214,▁conven,-3954
4215,▁Mil,-3955
4216,oyal,-3956
4217,▁heavy,-3957
4218,▁hundred,-3958
4219,▁reb,-3959
4220,iture,-3960
4221,acity,-3961
4222,▁extremely,-3962
4223,▁seeing,-3963
4224,rief,-3964
4225,▁score,-3965
4226,▁District,-3966
4227,▁British,-3967
4228,▁ton,-3968
4229,ads,-3969
4230,▁hom,-3970
4231,▁chem,-3971
4232,▁exclus,-3972
4233,▁Fire,-3973
4234,▁Sam,-3974
4235,▁Obama,-3975
4236,▁basis,-3976
4237,▁Music,-3977
4238,▁reasons,-3978
4239,▁scient,-3979
4240,▁Fore,-3980
4241,enance,-3981
4242,▁instit,-3982
4243,▁taste,-3983
4244,asp,-3984
4245,▁trou,-3985
4246,range,-3986
4247,term,-3987
4248,▁Mount,-3988
4249,ags,-3989
4250,ulated,-3990
4251,▁payment,-3991
4252,▁hospital,-3992
4253,▁church,-3993
4254,▁gone,-3994
4255,works,-3995
4256,▁smooth,-3996
4257,▁Dri,-3997
4258,▁guy,-3998
4259,▁traffic,-3999
4260,TS,-4000
4261,▁Profess,-4001
4262,▁AP,-4002
4263,apter,-4003
4264,▁capital,-4004
4265,▁academ,-4005
4266,icine,-4006
4267,▁Online,-4007
4268,▁beg,-4008
4269,ustr,-4009
4270,▁characters,-4010
4271,▁breat,-4011
4272,▁Wood,-4012
4273,▁senior,-4013
4274,oman,-4014
4275,▁window,-4015
4276,fast,-4016
4277,Sh,-4017
4278,▁surface,-4018
4279,rab,-4019
4280,▁Real,-4020
4281,eria,-4021
4282,iques,-4022
4283,▁passed,-4023
4284,▁followed,-4024
4285,▁voice,-4025
4286,▁graph,-4026
4287,▁Att,-4027
4288,mark,-4028
4289,▁regarding,-4029
4290,▁fra,-4030
4291,▁standards,-4031
4292,▁bul,-4032
4293,▁Institute,-4033
4294,▁u,-4034
4295,bed,-4035
4296,▁compon,-4036
4297,▁pair,-4037
4298,▁snow,-4038
4299,▁officials,-4039
4300,▁guid,-4040
4301,▁although,-4041
4302,CC,-4042
4303,▁sched,-4043
4304,▁Mal,-4044
4305,▁mail,-4045
4306,▁Mot,-4046
4307,▁notice,-4047
4308,▁ideal,-4048
4309,itude,-4049
4310,ette,-4050
4311,BS,-4051
4312,iverse,-4052
4313,▁happened,-4053
4314,rael,-4054
4315,▁names,-4055
4316,▁Team,-4056
4317,▁advantage,-4057
4318,▁classic,-4058
4319,ovel,-4059
4320,▁Smith,-4060
4321,▁Press,-4061
4322,ixt,-4062
4323,olic,-4063
4324,▁covered,-4064
4325,▁dang,-4065
4326,▁experiences,-4066
4327,ula,-4067
4328,▁luck,-4068
4329,▁strategy,-4069
4330,gn,-4070
4331,▁cars,-4071
4332,▁manage,-4072
4333,standing,-4073
4334,▁Hist,-4074
4335,▁Step,-4075
4336,▁cry,-4076
4337,▁Ben,-4077
4338,▁Chic,-4078
4339,encies,-4079
4340,▁professionals,-4080
4341,tr,-4081
4342,la,-4082
4343,▁approx,-4083
4344,ctors,-4084
4345,ga,-4085
4346,▁shape,-4086
4347,▁League,-4087
4348,▁beauty,-4088
4349,inese,-4089
4350,▁continues,-4090
4351,mail,-4091
4352,▁ice,-4092
4353,▁Sign,-4093
4354,▁Foundation,-4094
4355,▁fear,-4095
4356,▁efficient,-4096
4357,icon,-4097
4358,ech,-4098
4359,ifying,-4099
4360,▁waiting,-4100
4361,▁experts,-4101
4362,▁master,-4102
4363,▁laws,-4103
4364,▁solid,-4104
4365,▁Vol,-4105
4366,▁Science,-4106
4367,rowd,-4107
4368,▁den,-4108
4369,rees,-4109
4370,oop,-4110
4371,end,-4111
4372,▁military,-4112
4373,▁Color,-4113
4374,osh,-4114
4375,ero,-4115
4376,azon,-4116
4377,ka,-4117
4378,▁List,-4118
4379,▁forget,-4119
4380,▁truck,-4120
4381,▁beat,-4121
4382,▁Development,-4122
4383,▁calls,-4123
4384,orney,-4124
4385,▁income,-4125
4386,▁football,-4126
4387,▁gun,-4127
4388,▁scene,-4128
4389,vant,-4129
4390,incip,-4130
4391,rooms,-4131
4392,▁wat,-4132
4393,▁recipe,-4133
4394,▁minute,-4134
4395,▁Exper,-4135
4396,▁compared,-4136
4397,inate,-4137
4398,▁remind,-4138
4399,▁Commission,-4139
4400,ading,-4140
4401,▁virt,-4141
4402,▁Elect,-4142
4403,▁TO,-4143
4404,inn,-4144
4405,▁winning,-4145
4406,▁Pay,-4146
4407,▁England,-4147
4408,▁finding,-4148
4409,▁larger,-4149
4410,▁placed,-4150
4411,▁sand,-4151
4412,▁artists,-4152
4413,▁trail,-4153
4414,acks,-4154
4415,▁keeping,-4155
4416,▁audience,-4156
4417,▁Brown,-4157
4418,▁greater,-4158
4419,▁workers,-4159
4420,▁ter,-4160
4421,▁friendly,-4161
4422,▁closed,-4162
4423,▁eval,-4163
4424,▁rich,-4164
4425,▁exciting,-4165
4426,▁talent,-4166
4427,▁figure,-4167
4428,▁restaurant,-4168
4429,▁reflect,-4169
4430,▁sy,-4170
4431,▁posts,-4171
4432,▁continued,-4172
4433,▁classes,-4173
4434,▁sustain,-4174
4435,gal,-4175
4436,▁Hum,-4176
4437,▁disapp,-4177
4438,▁laun,-4178
4439,▁driver,-4179
4440,▁package,-4180
4441,▁learned,-4181
4442,▁Family,-4182
4443,iller,-4183
4444,rd,-4184
4445,▁critical,-4185
4446,▁fish,-4186
4447,▁knows,-4187
4448,atically,-4188
4449,unning,-4189
4450,▁Alex,-4190
4451,▁boo,-4191
4452,using,-4192
4453,▁technical,-4193
4454,▁mer,-4194
4455,▁Est,-4195
4456,▁listed,-4196
4457,▁developing,-4197
4458,unately,-4198
4459,▁station,-4199
4460,▁facilities,-4200
4461,▁Start,-4201
4462,What,-4202
4463,▁rob,-4203
4464,▁died,-4204
4465,▁bright,-4205
4466,▁connection,-4206
4467,yer,-4207
4468,▁tim,-4208
4469,▁established,-4209
4470,▁appropriate,-4210
4471,▁explore,-4211
4472,▁handle,-4212
4473,▁force,-4213
4474,gen,-4214
4475,▁Engine,-4215
4476,▁Franc,-4216
4477,▁plenty,-4217
4478,▁advent,-4218
4479,ervation,-4219
4480,▁older,-4220
4481,▁Offic,-4221
4482,▁Central,-4222
4483,▁announce,-4223
4484,▁flex,-4224
4485,▁motor,-4225
4486,▁medium,-4226
4487,well,-4227
4488,▁Arch,-4228
4489,▁Vir,-4229
4490,▁decl,-4230
4491,▁maintain,-4231
4492,▁associated,-4232
4493,sequ,-4233
4494,▁salt,-4234
4495,▁studies,-4235
4496,▁Whether,-4236
4497,illage,-4237
4498,▁opened,-4238
4499,▁monitor,-4239
4500,itors,-4240
4501,▁Carol,-4241
4502,▁Str,-4242
4503,iment,-4243
4504,ipes,-4244
4505,▁pros,-4245
4506,▁Jesus,-4246
4507,▁kept,-4247
4508,▁ingredients,-4248
4509,▁cab,-4249
4510,win,-4250
4511,▁thousands,-4251
4512,ander,-4252
4513,▁produced,-4253
4514,▁rooms,-4254
4515,There,-4255
4516,▁vision,-4256
4517,▁economy,-4257
4518,night,-4258
4519,▁testing,-4259
4520,▁origin,-4260
4521,▁presented,-4261
4522,gery,-4262
4523,▁Mex,-4263
4524,arge,-4264
4525,▁epis,-4265
4526,▁lock,-4266
4527,▁arrest,-4267
4528,▁useful,-4268
4529,▁Beach,-4269
4530,▁Build,-4270
4531,▁compl,-4271
4532,enses,-4272
4533,atab,-4273
4534,▁Social,-4274
4535,▁watching,-4275
4536,▁primary,-4276
4537,▁micro,-4277
4538,▁sup,-4278
4539,▁Bet,-4279
4540,▁Hill,-4280
4541,irection,-4281
4542,▁status,-4282
4543,ros,-4283
4544,overy,-4284
4545,▁contains,-4285
4546,▁initi,-4286
4547,▁neighbor,-4287
4548,▁Another,-4288
4549,▁brings,-4289
4550,▁Media,-4290
4551,▁Israel,-4291
4552,▁butter,-4292
4553,▁novel,-4293
4554,men,-4294
4555,ulate,-4295
4556,outhern,-4296
4557,▁dinner,-4297
4558,▁doctor,-4298
4559,▁remove,-4299
4560,▁dep,-4300
4561,▁util,-4301
4562,▁Grand,-4302
4563,▁shall,-4303
4564,▁requires,-4304
4565,▁Bill,-4305
4566,semb,-4306
4567,▁injury,-4307
4568,okes,-4308
4569,▁CEO,-4309
4570,look,-4310
4571,▁ship,-4311
4572,rehens,-4312
4573,vention,-4313
4574,▁Award,-4314
4575,▁evidence,-4315
4576,▁department,-4316
4577,▁teaching,-4317
4578,▁manufacturer,-4318
4579,▁Full,-4319
4580,▁starts,-4320
4581,▁repair,-4321
4582,▁harm,-4322
4583,▁catch,-4323
4584,▁guess,-4324
4585,▁Valley,-4325
4586,BA,-4326
4587,IG,-4327
4588,▁street,-4328
4589,▁Cup,-4329
4590,iled,-4330
4591,▁adop,-4331
4592,▁scen,-4332
4593,▁Dig,-4333
4594,▁pm,-4334
4595,apers,-4335
4596,▁selected,-4336
4597,▁brain,-4337
4598,▁Chicago,-4338
4599,▁iPhone,-4339
4600,▁bought,-4340
4601,▁Stand,-4341
4602,▁Ber,-4342
4603,▁structure,-4343
4604,lor,-4344
4605,idential,-4345
4606,▁serving,-4346
4607,allery,-4347
4608,▁famous,-4348
4609,iers,-4349
4610,▁funds,-4350
4611,▁Light,-4351
4612,▁remains,-4352
4613,▁fol,-4353
4614,▁advance,-4354
4615,▁facility,-4355
4616,mp,-4356
4617,▁victim,-4357
4618,▁Disc,-4358
4619,▁poor,-4359
4620,▁veget,-4360
4621,▁Their,-4361
4622,▁operations,-4362
4623,odes,-4363
4624,▁Project,-4364
4625,▁gain,-4365
4626,▁balance,-4366
4627,▁Scott,-4367
4628,berg,-4368
4629,▁Support,-4369
4630,ishes,-4370
4631,▁sto,-4371
4632,▁jump,-4372
4633,▁OF,-4373
4634,imb,-4374
4635,pective,-4375
4636,▁Christian,-4376
4637,▁discover,-4377
4638,atively,-4378
4639,noon,-4379
4640,▁vote,-4380
4641,action,-4381
4642,itz,-4382
4643,▁prepared,-4383
4644,itar,-4384
4645,▁leaving,-4385
4646,ograp,-4386
4647,ideo,-4387
4648,▁Chinese,-4388
4649,LC,-4389
4650,▁esc,-4390
4651,asure,-4391
4652,▁tree,-4392
4653,ption,-4393
4654,▁spons,-4394
4655,▁methods,-4395
4656,▁mo,-4396
4657,▁rank,-4397
4658,▁journal,-4398
4659,▁updated,-4399
4660,ooper,-4400
4661,ifts,-4401
4662,▁buying,-4402
4663,▁discount,-4403
4664,uries,-4404
4665,▁resist,-4405
4666,▁sharing,-4406
4667,▁stores,-4407
4668,▁movement,-4408
4669,RA,-4409
4670,going,-4410
4671,▁designs,-4411
4672,▁Mad,-4412
4673,▁showing,-4413
4674,▁Rad,-4414
4675,▁happens,-4415
4676,▁suff,-4416
4677,edy,-4417
4678,aked,-4418
4679,eless,-4419
4680,▁secret,-4420
4681,ki,-4421
4682,▁sem,-4422
4683,▁cloud,-4423
4684,cell,-4424
4685,ror,-4425
4686,CH,-4426
4687,▁wouldn,-4427
4688,▁communication,-4428
4689,▁Keep,-4429
4690,itness,-4430
4691,▁Tor,-4431
4692,▁chair,-4432
4693,hem,-4433
4694,▁beach,-4434
4695,▁reality,-4435
4696,▁Download,-4436
4697,▁Microsoft,-4437
4698,CA,-4438
4699,▁spending,-4439
4700,▁Card,-4440
4701,▁agency,-4441
4702,▁ride,-4442
4703,iency,-4443
4704,▁anti,-4444
4705,antic,-4445
4706,▁brows,-4446
4707,▁signed,-4447
4708,▁properties,-4448
4709,▁mechan,-4449
4710,aven,-4450
4711,PA,-4451
4712,▁Commit,-4452
4713,"”,",-4453
4714,▁rain,-4454
4715,▁entry,-4455
4716,▁crowd,-4456
4717,iance,-4457
4718,alls,-4458
4719,▁becoming,-4459
4720,osure,-4460
4721,▁bird,-4461
4722,isher,-4462
4723,▁plants,-4463
4724,▁grant,-4464
4725,▁perhaps,-4465
4726,▁rare,-4466
4727,▁leaves,-4467
4728,lands,-4468
4729,ini,-4469
4730,▁Times,-4470
4731,outs,-4471
4732,▁Long,-4472
4733,▁records,-4473
4734,▁cleaning,-4474
4735,▁Los,-4475
4736,▁legisl,-4476
4737,▁Que,-4477
4738,▁whatever,-4478
4739,▁independent,-4479
4740,▁Date,-4480
4741,▁NY,-4481
4742,▁encourage,-4482
4743,lastname,-4483
4744,▁sector,-4484
4745,▁pray,-4485
4746,▁unc,-4486
4747,▁upgr,-4487
4748,iences,-4488
4749,MS,-4489
4750,**,-4490
4751,▁Mel,-4491
4752,▁obvious,-4492
4753,riage,-4493
4754,▁cris,-4494
4755,▁advanced,-4495
4756,▁ID,-4496
4757,life,-4497
4758,▁sport,-4498
4759,▁Div,-4499
4760,▁Nov,-4500
4761,▁Academ,-4501
4762,▁relig,-4502
4763,▁meant,-4503
4764,fin,-4504
4765,▁corner,-4505
4766,essions,-4506
4767,▁actual,-4507
4768,▁Pub,-4508
4769,▁animals,-4509
4770,▁cart,-4510
4771,▁mill,-4511
4772,▁kick,-4512
4773,▁Women,-4513
4774,▁Both,-4514
4775,▁Where,-4515
4776,▁Ma,-4516
4777,top,-4517
4778,▁leadership,-4518
4779,▁fabric,-4519
4780,▁committed,-4520
4781,abilities,-4521
4782,▁Tri,-4522
4783,▁Tim,-4523
4784,▁tables,-4524
4785,▁Head,-4525
4786,▁faith,-4526
4787,▁tickets,-4527
4788,▁Organ,-4528
4789,For,-4529
4790,eared,-4530
4791,▁forms,-4531
4792,▁focused,-4532
4793,▁fell,-4533
4794,▁multi,-4534
4795,▁Word,-4535
4796,reek,-4536
4797,Cl,-4537
4798,▁fee,-4538
4799,▁diet,-4539
4800,▁Note,-4540
4801,▁locations,-4541
4802,▁map,-4542
4803,▁elements,-4543
4804,igan,-4544
4805,vere,-4545
4806,▁selling,-4546
4807,▁Copy,-4547
4808,▁Amazon,-4548
4809,▁funding,-4549
4810,▁thr,-4550
4811,▁memory,-4551
4812,IA,-4552
4813,craft,-4553
4814,▁loan,-4554
4815,▁Next,-4555
4816,▁ir,-4556
4817,▁markets,-4557
4818,▁exercise,-4558
4819,isco,-4559
4820,▁Democr,-4560
4821,▁visitors,-4561
4822,miss,-4562
4823,▁claims,-4563
4824,ellig,-4564
4825,▁worksh,-4565
4826,amin,-4566
4827,▁operating,-4567
4828,iest,-4568
4829,▁numerous,-4569
4830,▁bowl,-4570
4831,▁Set,-4571
4832,aturing,-4572
4833,▁awesome,-4573
4834,point,-4574
4835,arrant,-4575
4836,▁parking,-4576
4837,▁Fil,-4577
4838,▁Wil,-4578
4839,fr,-4579
4840,▁listen,-4580
4841,▁visual,-4581
4842,igation,-4582
4843,▁population,-4583
4844,▁RE,-4584
4845,▁determine,-4585
4846,yr,-4586
4847,▁ended,-4587
4848,▁incor,-4588
4849,▁Fort,-4589
4850,ception,-4590
4851,▁allowing,-4591
4852,▁uns,-4592
4853,pan,-4593
4854,▁menu,-4594
4855,estic,-4595
4856,▁joined,-4596
4857,▁limit,-4597
4858,▁refer,-4598
4859,fol,-4599
4860,▁mist,-4600
4861,▁dete,-4601
4862,??,-4602
4863,▁theme,-4603
4864,▁raised,-4604
4865,▁capacity,-4605
4866,▁maintenance,-4606
4867,▁transl,-4607
4868,▁ju,-4608
4869,▁appears,-4609
4870,▁steel,-4610
4871,▁caused,-4611
4872,▁showed,-4612
4873,▁Medical,-4613
4874,▁George,-4614
4875,▁changing,-4615
4876,""",",-4616
4877,▁Sand,-4617
4878,▁propos,-4618
4879,▁Chris,-4619
4880,▁Atl,-4620
4881,▁Its,-4621
4882,uty,-4622
4883,▁busy,-4623
4884,▁articles,-4624
4885,▁afternoon,-4625
4886,▁practices,-4626
4887,▁Nor,-4627
4888,▁yesterday,-4628
4889,▁estim,-4629
4890,▁songs,-4630
4891,▁assistance,-4631
4892,▁Bur,-4632
4893,▁forum,-4633
4894,▁diagn,-4634
4895,▁establish,-4635
4896,▁colour,-4636
4897,▁flat,-4637
4898,iliar,-4638
4899,rim,-4639
4900,▁wire,-4640
4901,▁Android,-4641
4902,▁https,-4642
4903,▁temperature,-4643
4904,▁Africa,-4644
4905,ferences,-4645
4906,ola,-4646
4907,▁core,-4647
4908,gl,-4648
4909,▁decide,-4649
4910,▁society,-4650
4911,▁managed,-4651
4912,▁Before,-4652
4913,▁Watch,-4653
4914,▁combination,-4654
4915,gers,-4655
4916,▁coverage,-4656
4917,▁updates,-4657
4918,isation,-4658
4919,▁metal,-4659
4920,▁sources,-4660
4921,DF,-4661
4922,▁accommod,-4662
4923,▁rap,-4663
4924,levision,-4664
4925,▁central,-4665
4926,▁lux,-4666
4927,▁putting,-4667
4928,▁ban,-4668
4929,▁Town,-4669
4930,▁direction,-4670
4931,!!!,-4671
4932,▁charges,-4672
4933,▁profile,-4673
4934,▁Jim,-4674
4935,▁worry,-4675
4936,ivered,-4676
4937,▁teachers,-4677
4938,▁Jew,-4678
4939,▁Society,-4679
4940,▁parties,-4680
4941,▁previously,-4681
4942,rehensive,-4682
4943,▁brown,-4683
4944,▁analy,-4684
4945,▁youth,-4685
4946,▁Mass,-4686
4947,obe,-4687
4948,▁plastic,-4688
4949,▁Week,-4689
4950,▁Game,-4690
4951,▁throw,-4691
4952,OP,-4692
4953,▁sea,-4693
4954,ownt,-4694
4955,igned,-4695
4956,▁toward,-4696
4957,▁thoughts,-4697
4958,▁CD,-4698
4959,▁Congress,-4699
4960,▁Mike,-4700
4961,▁orders,-4701
4962,▁repe,-4702
4963,▁eating,-4703
4964,▁lose,-4704
4965,▁Cre,-4705
4966,▁century,-4706
4967,▁enjoyed,-4707
4968,▁teacher,-4708
4969,▁slightly,-4709
4970,▁citiz,-4710
4971,▁Only,-4711
4972,▁Hotel,-4712
4973,▁Posted,-4713
4974,▁panel,-4714
4975,▁shel,-4715
4976,▁survey,-4716
4977,▁sch,-4717
4978,▁relationships,-4718
4979,▁shut,-4719
4980,▁AL,-4720
4981,▁walking,-4721
4982,eed,-4722
4983,▁Arts,-4723
4984,while,-4724
4985,▁Louis,-4725
4986,oors,-4726
4987,▁Tre,-4727
4988,▁spl,-4728
4989,een,-4729
4990,▁psych,-4730
4991,▁Author,-4731
4992,▁courses,-4732
4993,▁Security,-4733
4994,▁Trump,-4734
4995,oles,-4735
4996,▁AS,-4736
4997,▁Ham,-4737
4998,▁Centre,-4738
4999,▁filled,-4739
5000,▁earth,-4740
5001,▁Log,-4741
5002,▁environmental,-4742
5003,▁chocolate,-4743
5004,▁fourth,-4744
5005,agram,-4745
5006,New,-4746
5007,▁documents,-4747
5008,▁Frank,-4748
5009,▁optim,-4749
5010,▁colle,-4750
5011,▁notes,-4751
5012,ya,-4752
5013,▁vehicles,-4753
5014,orthern,-4754
5015,▁counter,-4755
5016,yan,-4756
5017,▁Main,-4757
5018,▁innovative,-4758
5019,▁Old,-4759
5020,▁ath,-4760
5021,▁Mont,-4761
5022,▁corporate,-4762
5023,▁Robert,-4763
5024,▁generally,-4764
5025,▁hearing,-4765
5026,▁smaller,-4766
5027,▁Technology,-4767
5028,coh,-4768
5029,▁bon,-4769
5030,▁vs,-4770
5031,olars,-4771
5032,▁landsc,-4772
5033,▁concerns,-4773
5034,kin,-4774
5035,▁honest,-4775
5036,▁becomes,-4776
5037,▁techniques,-4777
5038,orter,-4778
5039,▁adapt,-4779
5040,▁accident,-4780
5041,▁roof,-4781
5042,▁swim,-4782
5043,▁values,-4783
5044,▁library,-4784
5045,▁dur,-4785
5046,▁launched,-4786
5047,▁polic,-4787
5048,▁Dou,-4788
5049,▁Committee,-4789
5050,▁Learn,-4790
5051,rist,-4791
5052,bert,-4792
5053,▁Prov,-4793
5054,no,-4794
5055,▁Conne,-4795
5056,▁enhance,-4796
5057,▁task,-4797
5058,▁helpful,-4798
5059,▁commitment,-4799
5060,▁architect,-4800
5061,▁spect,-4801
5062,▁format,-4802
5063,▁Vict,-4803
5064,▁Series,-4804
5065,▁AND,-4805
5066,▁sav,-4806
5067,▁calc,-4807
5068,▁executive,-4808
5069,▁tend,-4809
5070,▁installation,-4810
5071,▁ur,-4811
5072,▁firstname,-4812
5073,▁tow,-4813
5074,▁fold,-4814
5075,On,-4815
5076,cher,-4816
5077,OD,-4817
5078,▁kid,-4818
5079,▁factors,-4819
5080,▁fuel,-4820
5081,ano,-4821
5082,▁Network,-4822
5083,▁purs,-4823
5084,▁Union,-4824
5085,▁Museum,-4825
5086,azz,-4826
5087,▁south,-4827
5088,▁Virgin,-4828
5089,▁situ,-4829
5090,▁van,-4830
5091,▁matt,-4831
5092,▁north,-4832
5093,▁dance,-4833
5094,osition,-4834
5095,▁UN,-4835
5096,▁flu,-4836
5097,iration,-4837
5098,▁sounds,-4838
5099,▁willing,-4839
5100,▁asking,-4840
5101,▁Land,-4841
5102,ena,-4842
5103,▁Ext,-4843
5104,▁missing,-4844
5105,▁cheese,-4845
5106,po,-4846
5107,bour,-4847
5108,ita,-4848
5109,▁Jul,-4849
5110,▁decisions,-4850
5111,▁agreement,-4851
5112,▁plays,-4852
5113,▁Lord,-4853
5114,▁desk,-4854
5115,▁apart,-4855
5116,▁despite,-4856
5117,▁favour,-4857
5118,▁Wall,-4858
5119,ef,-4859
5120,▁mental,-4860
5121,▁milk,-4861
5122,▁lunch,-4862
5123,▁outdoor,-4863
5124,▁Angeles,-4864
5125,▁truth,-4865
5126,pet,-4866
5127,▁Fun,-4867
5128,ups,-4868
5129,▁Tur,-4869
5130,▁Somet,-4870
5131,▁relevant,-4871
5132,▁absolutely,-4872
5133,▁YOU,-4873
5134,ensions,-4874
5135,▁Ol,-4875
5136,▁identify,-4876
5137,▁expertise,-4877
5138,▁mort,-4878
5139,▁Report,-4879
5140,▁separate,-4880
5141,SA,-4881
5142,▁Den,-4882
5143,▁Place,-4883
5144,usion,-4884
5145,▁joint,-4885
5146,Com,-4886
5147,▁neck,-4887
5148,▁transform,-4888
5149,▁movies,-4889
5150,▁civil,-4890
5151,▁discussion,-4891
5152,▁inspired,-4892
5153,▁Data,-4893
5154,▁thick,-4894
5155,▁Lead,-4895
5156,▁delicious,-4896
5157,▁NOT,-4897
5158,nergy,-4898
5159,▁rid,-4899
5160,▁extensive,-4900
5161,▁consumers,-4901
5162,▁Jun,-4902
5163,▁promote,-4903
5164,▁upcoming,-4904
5165,▁seconds,-4905
5166,▁Ill,-4906
5167,▁register,-4907
5168,▁emergency,-4908
5169,bre,-4909
5170,▁AC,-4910
5171,osen,-4911
5172,gage,-4912
5173,▁photograph,-4913
5174,▁Government,-4914
5175,?”,-4915
5176,▁pal,-4916
5177,▁Aud,-4917
5178,▁delivered,-4918
5179,▁raise,-4919
5180,▁Through,-4920
5181,eline,-4921
5182,▁Pack,-4922
5183,▁bask,-4923
5184,▁controll,-4924
5185,TH,-4925
5186,▁fantastic,-4926
5187,istan,-4927
5188,▁appeal,-4928
5189,▁seeking,-4929
5190,▁chicken,-4930
5191,ipl,-4931
5192,▁Plus,-4932
5193,▁eth,-4933
5194,▁reached,-4934
5195,▁jew,-4935
5196,▁expensive,-4936
5197,▁approximately,-4937
5198,hab,-4938
5199,▁returned,-4939
5200,▁tea,-4940
5201,▁sauce,-4941
5202,REE,-4942
5203,▁connected,-4943
5204,▁winner,-4944
5205,▁waste,-4945
5206,▁stret,-4946
5207,▁academic,-4947
5208,▁seat,-4948
5209,▁radio,-4949
5210,▁Gal,-4950
5211,ternal,-4951
5212,▁datab,-4952
5213,▁fees,-4953
5214,▁brief,-4954
5215,▁combined,-4955
5216,known,-4956
5217,▁chat,-4957
5218,▁registered,-4958
5219,▁Invest,-4959
5220,▁Manager,-4960
5221,▁sets,-4961
5222,▁generation,-4962
5223,atin,-4963
5224,zen,-4964
5225,▁har,-4965
5226,aser,-4966
5227,▁Lim,-4967
5228,▁mostly,-4968
5229,▁poll,-4969
5230,ears,-4970
5231,▁nine,-4971
5232,▁educational,-4972
5233,▁achie,-4973
5234,▁Join,-4974
5235,▁Oper,-4975
5236,▁units,-4976
5237,▁cities,-4977
5238,▁sexual,-4978
5239,uable,-4979
5240,!),-4980
5241,water,-4981
5242,▁topic,-4982
5243,▁adults,-4983
5244,▁Admin,-4984
5245,umin,-4985
5246,cean,-4986
5247,rag,-4987
5248,▁Chief,-4988
5249,▁Children,-4989
5250,▁restrict,-4990
5251,▁feels,-4991
5252,▁tight,-4992
5253,▁edge,-4993
5254,ye,-4994
5255,list,-4995
5256,▁Way,-4996
5257,▁Spring,-4997
5258,▁researc,-4998
5259,▁Contin,-4999
5260,▁square,-5000
5261,▁Mer,-5001
5262,▁Sup,-5002
5263,▁seek,-5003
5264,▁trial,-5004
5265,▁France,-5005
5266,▁confidence,-5006
5267,text,-5007
5268,prise,-5008
5269,▁signs,-5009
5270,▁Const,-5010
5271,▁bringing,-5011
5272,▁Hand,-5012
5273,▁lovely,-5013
5274,▁McC,-5014
5275,▁vir,-5015
5276,▁guest,-5016
5277,▁readers,-5017
5278,▁exchange,-5018
5279,▁NE,-5019
5280,fortunately,-5020
5281,▁defense,-5021
5282,▁Library,-5022
5283,▁presence,-5023
5284,▁dogs,-5024
5285,▁Journal,-5025
5286,kins,-5026
5287,▁centre,-5027
5288,▁operation,-5028
5289,▁ang,-5029
5290,▁recommended,-5030
5291,▁princip,-5031
5292,▁ON,-5032
5293,My,-5033
5294,▁wel,-5034
5295,ae,-5035
5296,▁killed,-5036
5297,▁fruit,-5037
5298,▁rat,-5038
5299,▁foreign,-5039
5300,▁mentioned,-5040
5301,▁Peter,-5041
5302,▁processes,-5042
5303,▁websites,-5043
5304,aks,-5044
5305,▁Upd,-5045
5306,▁tun,-5046
5307,▁Prote,-5047
5308,▁furniture,-5048
5309,▁calling,-5049
5310,▁scr,-5050
5311,▁stars,-5051
5312,reens,-5052
5313,▁struct,-5053
5314,▁switch,-5054
5315,▁tough,-5055
5316,▁majority,-5056
5317,▁Earth,-5057
5318,▁Johnson,-5058
5319,emporary,-5059
5320,▁brands,-5060
5321,▁anywhere,-5061
5322,how,-5062
5323,▁Fund,-5063
5324,▁HD,-5064
5325,burg,-5065
5326,▁prepare,-5066
5327,▁Access,-5067
5328,▁alternative,-5068
5329,▁trees,-5069
5330,irmed,-5070
5331,An,-5071
5332,▁crim,-5072
5333,▁consid,-5073
5334,▁female,-5074
5335,▁Indust,-5075
5336,icians,-5076
5337,When,-5077
5338,othes,-5078
5339,▁distance,-5079
5340,▁disp,-5080
5341,▁Test,-5081
5342,▁ring,-5082
5343,▁Jud,-5083
5344,▁Di,-5084
5345,▁approved,-5085
5346,bu,-5086
5347,rs,-5087
5348,▁stre,-5088
5349,▁instru,-5089
5350,IR,-5090
5351,▁responsibility,-5091
5352,▁surgery,-5092
5353,appy,-5093
5354,atre,-5094
5355,FL,-5095
5356,▁chief,-5096
5357,ulty,-5097
5358,ruit,-5098
5359,▁Cook,-5099
5360,▁rise,-5100
5361,▁married,-5101
5362,▁minimum,-5102
5363,▁battle,-5103
5364,▁satisf,-5104
5365,▁server,-5105
5366,SP,-5106
5367,▁ven,-5107
5368,inch,-5108
5369,ifications,-5109
5370,elines,-5110
5371,▁provider,-5111
5372,▁Master,-5112
5373,▁Sy,-5113
5374,▁Conference,-5114
5375,▁pump,-5115
5376,▁Creat,-5116
5377,▁Mo,-5117
5378,▁dyn,-5118
5379,ius,-5119
5380,▁appearance,-5120
5381,▁feedback,-5121
5382,▁accompl,-5122
5383,▁Cat,-5123
5384,▁Thomas,-5124
5385,▁Rest,-5125
5386,▁Person,-5126
5387,ait,-5127
5388,osis,-5128
5389,van,-5129
5390,▁Link,-5130
5391,ker,-5131
5392,▁conv,-5132
5393,▁Copyright,-5133
5394,▁Those,-5134
5395,▁Western,-5135
5396,otten,-5136
5397,▁cooking,-5137
5398,▁worldwide,-5138
5399,▁Inte,-5139
5400,urd,-5140
5401,▁battery,-5141
5402,▁Er,-5142
5403,▁comprehensive,-5143
5404,▁Canad,-5144
5405,inct,-5145
5406,▁CA,-5146
5407,▁nom,-5147
5408,▁info,-5148
5409,▁Jeff,-5149
5410,▁impl,-5150
5411,▁Price,-5151
5412,▁ment,-5152
5413,oston,-5153
5414,▁teen,-5154
5415,▁highlight,-5155
5416,lets,-5156
5417,IF,-5157
5418,▁wearing,-5158
5419,asks,-5159
5420,▁Cam,-5160
5421,inations,-5161
5422,▁installed,-5162
5423,OC,-5163
5424,alog,-5164
5425,ship,-5165
5426,alend,-5166
5427,▁Squ,-5167
5428,▁maximum,-5168
5429,▁category,-5169
5430,ocket,-5170
5431,▁veter,-5171
5432,▁Bob,-5172
5433,▁Lab,-5173
5434,PR,-5174
5435,▁Ok,-5175
5436,▁apps,-5176
5437,▁purchased,-5177
5438,orry,-5178
5439,▁climate,-5179
5440,▁bike,-5180
5441,▁gather,-5181
5442,▁supporting,-5182
5443,iser,-5183
5444,▁Wal,-5184
5445,▁therefore,-5185
5446,▁Max,-5186
5447,▁scheduled,-5187
5448,itable,-5188
5449,▁chemical,-5189
5450,▁Martin,-5190
5451,▁detailed,-5191
5452,arsh,-5192
5453,▁boost,-5193
5454,nel,-5194
5455,estyle,-5195
5456,▁motiv,-5196
5457,▁audio,-5197
5458,▁Men,-5198
5459,rical,-5199
5460,▁charged,-5200
5461,AY,-5201
5462,▁Sports,-5202
5463,▁sitting,-5203
5464,▁policies,-5204
5465,▁supported,-5205
5466,mond,-5206
5467,west,-5207
5468,▁studio,-5208
5469,▁windows,-5209
5470,▁otherwise,-5210
5471,▁familiar,-5211
5472,▁coast,-5212
5473,▁importance,-5213
5474,▁plug,-5214
5475,▁measures,-5215
5476,cohol,-5216
5477,▁editor,-5217
5478,uts,-5218
5479,▁Saf,-5219
5480,▁properly,-5220
5481,▁featured,-5221
5482,▁Party,-5222
5483,▁appeared,-5223
5484,▁Dev,-5224
5485,▁election,-5225
5486,▁doors,-5226
5487,gment,-5227
5488,▁Live,-5228
5489,▁clearly,-5229
5490,▁Ver,-5230
5491,▁Video,-5231
5492,▁mouth,-5232
5493,▁meal,-5233
5494,ersey,-5234
5495,ENT,-5235
5496,col,-5236
5497,▁Jose,-5237
5498,▁scored,-5238
5499,▁tele,-5239
5500,▁minor,-5240
5501,▁arm,-5241
5502,▁Minister,-5242
5503,▁push,-5243
5504,▁Help,-5244
5505,▁arrange,-5245
5506,▁Festival,-5246
5507,▁Bas,-5247
5508,▁joy,-5248
5509,weight,-5249
5510,▁pregn,-5250
5511,alian,-5251
5512,▁topics,-5252
5513,▁totally,-5253
5514,▁faster,-5254
5515,▁cro,-5255
5516,▁Wild,-5256
5517,▁label,-5257
5518,▁sympt,-5258
5519,▁IP,-5259
5520,▁entertainment,-5260
5521,idden,-5261
5522,rastructure,-5262
5523,roy,-5263
5524,▁predict,-5264
5525,ushed,-5265
5526,▁fif,-5266
5527,but,-5267
5528,▁advertising,-5268
5529,UT,-5269
5530,▁caught,-5270
5531,anda,-5271
5532,▁leads,-5272
5533,▁Soft,-5273
5534,▁Prem,-5274
5535,▁Search,-5275
5536,▁Using,-5276
5537,▁Energy,-5277
5538,▁animal,-5278
5539,▁begins,-5279
5540,▁removed,-5280
5541,▁Champions,-5281
5542,▁Cost,-5282
5543,▁Charl,-5283
5544,▁participate,-5284
5545,▁campus,-5285
5546,▁holding,-5286
5547,▁Americans,-5287
5548,▁coord,-5288
5549,▁Room,-5289
5550,▁cheap,-5290
5551,▁Tour,-5291
5552,▁officer,-5292
5553,▁affordable,-5293
5554,▁ourselves,-5294
5555,▁participants,-5295
5556,▁Kore,-5296
5557,ters,-5297
5558,▁Global,-5298
5559,▁Bi,-5299
5560,erts,-5300
5561,▁tail,-5301
5562,▁Penn,-5302
5563,igr,-5303
5564,ician,-5304
5565,▁quiet,-5305
5566,▁Australian,-5306
5567,▁breakfast,-5307
5568,pected,-5308
5569,▁competitive,-5309
5570,▁valid,-5310
5571,aid,-5311
5572,▁Ul,-5312
5573,▁vent,-5313
5574,▁revenue,-5314
5575,▁performed,-5315
5576,▁sides,-5316
5577,▁Walk,-5317
5578,▁described,-5318
5579,▁teach,-5319
5580,▁ap,-5320
5581,▁rub,-5321
5582,oga,-5322
5583,otic,-5323
5584,▁writer,-5324
5585,ste,-5325
5586,▁university,-5326
5587,prene,-5327
5588,▁featuring,-5328
5589,erg,-5329
5590,▁Pan,-5330
5591,▁sister,-5331
5592,▁technologies,-5332
5593,▁monthly,-5333
5594,vis,-5334
5595,▁birthday,-5335
5596,eries,-5336
5597,▁applied,-5337
5598,▁conduct,-5338
5599,▁Qual,-5339
5600,ournament,-5340
5601,▁victory,-5341
5602,UN,-5342
5603,▁Form,-5343
5604,▁Digital,-5344
5605,▁Joe,-5345
5606,▁African,-5346
5607,▁actions,-5347
5608,▁restaurants,-5348
5609,▁visiting,-5349
5610,▁pu,-5350
5611,▁confirm,-5351
5612,▁Jones,-5352
5613,hus,-5353
5614,▁Germany,-5354
5615,▁Hospital,-5355
5616,▁emp,-5356
5617,▁edition,-5357
5618,▁employee,-5358
5619,▁television,-5359
5620,▁meat,-5360
5621,▁labor,-5361
5622,▁elim,-5362
5623,razy,-5363
5624,▁Fair,-5364
5625,reprene,-5365
5626,▁hundreds,-5366
5627,▁Haw,-5367
5628,▁CH,-5368
5629,▁shoes,-5369
5630,▁dish,-5370
5631,ighter,-5371
5632,▁unless,-5372
5633,hew,-5373
5634,paper,-5374
5635,▁scale,-5375
5636,tered,-5376
5637,▁conversation,-5377
5638,mosp,-5378
5639,verse,-5379
5640,ulous,-5380
5641,ixture,-5381
5642,orough,-5382
5643,▁eventually,-5383
5644,▁strategies,-5384
5645,▁icon,-5385
5646,▁depending,-5386
5647,▁intended,-5387
5648,▁nav,-5388
5649,▁bond,-5389
5650,▁mel,-5390
5651,arp,-5391
5652,▁opinion,-5392
5653,aded,-5393
5654,▁county,-5394
5655,▁rom,-5395
5656,▁housing,-5396
5657,GB,-5397
5658,▁shap,-5398
5659,▁ign,-5399
5660,ario,-5400
5661,▁Young,-5401
5662,yc,-5402
5663,▁dim,-5403
5664,▁compar,-5404
5665,▁Maybe,-5405
5666,▁reliable,-5406
5667,▁neighborhood,-5407
5668,▁Ce,-5408
5669,den,-5409
5670,with,-5410
5671,▁episode,-5411
5672,▁investigation,-5412
5673,▁inches,-5413
5674,▁lights,-5414
5675,▁corn,-5415
5676,▁Boston,-5416
5677,▁behavior,-5417
5678,▁flowers,-5418
5679,▁AT,-5419
5680,▁nor,-5420
5681,▁marriage,-5421
5682,inating,-5422
5683,▁Id,-5423
5684,▁planned,-5424
5685,▁boys,-5425
5686,ht,-5426
5687,▁seemed,-5427
5688,Our,-5428
5689,▁Ari,-5429
5690,▁Opt,-5430
5691,▁occasion,-5431
5692,▁resource,-5432
5693,bol,-5433
5694,▁Mid,-5434
5695,merce,-5435
5696,▁Commun,-5436
5697,NA,-5437
5698,▁celebrate,-5438
5699,▁indic,-5439
5700,▁vary,-5440
5701,▁cutting,-5441
5702,hi,-5442
5703,▁Hy,-5443
5704,▁amb,-5444
5705,berry,-5445
5706,▁interior,-5446
5707,▁alle,-5447
5708,MA,-5448
5709,▁deals,-5449
5710,▁consumer,-5450
5711,▁German,-5451
5712,▁depos,-5452
5713,achel,-5453
5714,▁internal,-5454
5715,▁Cert,-5455
5716,▁essay,-5456
5717,▁dollars,-5457
5718,▁Meet,-5458
5719,▁sessions,-5459
5720,▁wal,-5460
5721,▁chart,-5461
5722,▁introduced,-5462
5723,▁administration,-5463
5724,▁cells,-5464
5725,▁delight,-5465
5726,▁Carolina,-5466
5727,▁improved,-5467
5728,▁remaining,-5468
5729,▁mir,-5469
5730,▁remote,-5470
5731,uke,-5471
5732,▁Academy,-5472
5733,▁covers,-5473
5734,▁noted,-5474
5735,▁Secret,-5475
5736,);,-5476
5737,▁twe,-5477
5738,hent,-5478
5739,lock,-5479
5740,odies,-5480
5741,▁basket,-5481
5742,▁appointment,-5482
5743,ushing,-5483
5744,▁accounts,-5484
5745,▁exclusive,-5485
5746,▁Orig,-5486
5747,iat,-5487
5748,▁concent,-5488
5749,▁liqu,-5489
5750,▁boat,-5490
5751,▁bread,-5491
5752,▁Pac,-5492
5753,▁manufacturing,-5493
5754,▁Boy,-5494
5755,▁cultural,-5495
5756,lymp,-5496
5757,▁Girl,-5497
5758,▁Tit,-5498
5759,▁species,-5499
5760,▁fly,-5500
5761,otton,-5501
5762,oration,-5502
5763,gas,-5503
5764,inter,-5504
5765,▁Hope,-5505
5766,▁breast,-5506
5767,abet,-5507
5768,▁fle,-5508
5769,▁warrant,-5509
5770,▁Jon,-5510
5771,owntown,-5511
5772,▁argu,-5512
5773,▁anc,-5513
5774,▁perfectly,-5514
5775,ala,-5515
5776,▁recovery,-5516
5777,▁fields,-5517
5778,▁Mic,-5518
5779,▁incredible,-5519
5780,▁typically,-5520
5781,▁guarantee,-5521
5782,▁freed,-5522
5783,▁broken,-5523
5784,▁flight,-5524
5785,▁aspects,-5525
5786,▁discovered,-5526
5787,elly,-5527
5788,▁MP,-5528
5789,▁commission,-5529
5790,▁rule,-5530
5791,▁honor,-5531
5792,▁Coast,-5532
5793,▁negative,-5533
5794,tters,-5534
5795,ias,-5535
5796,▁Victor,-5536
5797,▁specifically,-5537
5798,▁Japanese,-5538
5799,▁MS,-5539
5800,▁volume,-5540
5801,mes,-5541
5802,▁Lee,-5542
5803,cm,-5543
5804,▁depart,-5544
5805,▁shares,-5545
5806,▁magazine,-5546
5807,▁Gen,-5547
5808,▁cop,-5548
5809,▁Steve,-5549
5810,How,-5550
5811,eper,-5551
5812,ris,-5552
5813,▁components,-5553
5814,▁shooting,-5554
5815,▁possibly,-5555
5816,unting,-5556
5817,▁Federal,-5557
5818,▁hyd,-5558
5819,Pro,-5559
5820,ords,-5560
5821,▁invent,-5561
5822,▁missed,-5562
5823,▁cake,-5563
5824,▁automatically,-5564
5825,▁revealed,-5565
5826,▁picked,-5566
5827,▁bedroom,-5567
5828,▁oven,-5568
5829,▁Assist,-5569
5830,▁industrial,-5570
5831,▁AR,-5571
5832,▁Human,-5572
5833,▁quot,-5573
5834,cont,-5574
5835,▁Kn,-5575
5836,away,-5576
5837,poses,-5577
5838,▁forg,-5578
5839,▁Box,-5579
5840,▁moments,-5580
5841,edia,-5581
5842,▁issued,-5582
5843,▁golf,-5583
5844,CE,-5584
5845,ora,-5585
5846,▁league,-5586
5847,arks,-5587
5848,▁crew,-5588
5849,▁contest,-5589
5850,▁Def,-5590
5851,▁Sar,-5591
5852,▁Mexico,-5592
5853,▁twice,-5593
5854,aren,-5594
5855,▁Lt,-5595
5856,▁Ohio,-5596
5857,hand,-5597
5858,weet,-5598
5859,▁End,-5599
5860,▁doubt,-5600
5861,▁Second,-5601
5862,▁decades,-5602
5863,▁painting,-5603
5864,▁aid,-5604
5865,▁debt,-5605
5866,▁weap,-5606
5867,VD,-5607
5868,▁burn,-5608
5869,bur,-5609
5870,▁practical,-5610
5871,▁Brand,-5611
5872,▁chain,-5612
5873,▁Type,-5613
5874,▁engineering,-5614
5875,▁Virginia,-5615
5876,▁Know,-5616
5877,▁draft,-5617
5878,▁answers,-5618
5879,▁Night,-5619
5880,▁partnership,-5620
5881,▁choices,-5621
5882,▁buildings,-5622
5883,▁confirmed,-5623
5884,ailability,-5624
5885,▁drivers,-5625
5886,▁FREE,-5626
5887,eler,-5627
5888,iors,-5628
5889,▁Cast,-5629
5890,▁Instead,-5630
5891,▁arrived,-5631
5892,▁spr,-5632
5893,▁trading,-5633
5894,Ex,-5634
5895,which,-5635
5896,▁premium,-5636
5897,▁sizes,-5637
5898,▁earned,-5638
5899,▁Williams,-5639
5900,▁ends,-5640
5901,▁evalu,-5641
5902,oking,-5642
5903,▁Students,-5643
5904,▁paying,-5644
5905,▁athlet,-5645
5906,▁Gar,-5646
5907,▁foods,-5647
5908,▁Applic,-5648
5909,▁Little,-5649
5910,Al,-5650
5911,▁Tem,-5651
5912,▁grade,-5652
5913,▁ticket,-5653
5914,▁keeps,-5654
5915,▁bigger,-5655
5916,iability,-5656
5917,▁beer,-5657
5918,▁teeth,-5658
5919,▁candidates,-5659
5920,▁ris,-5660
5921,▁elig,-5661
5922,▁turns,-5662
5923,▁Executive,-5663
5924,idays,-5664
5925,▁Equ,-5665
5926,▁chosen,-5666
5927,mar,-5667
5928,▁films,-5668
5929,▁organic,-5669
5930,wing,-5670
5931,flow,-5671
5932,▁Olymp,-5672
5933,rier,-5673
5934,▁sequ,-5674
5935,▁tests,-5675
5936,▁tomorrow,-5676
5937,lywood,-5677
5938,▁license,-5678
5939,TC,-5679
5940,▁thus,-5680
5941,▁Does,-5681
5942,iamond,-5682
5943,▁citizens,-5683
5944,▁regularly,-5684
5945,itionally,-5685
5946,▁ec,-5686
5947,urban,-5687
5948,▁tells,-5688
5949,▁Michigan,-5689
5950,cious,-5690
5951,▁bathroom,-5691
5952,▁nurs,-5692
5953,gend,-5693
5954,▁apparent,-5694
5955,SS,-5695
5956,ien,-5696
5957,▁Hard,-5697
5958,▁Mult,-5698
5959,▁desire,-5699
5960,▁Italian,-5700
5961,▁pepper,-5701
5962,▁island,-5702
5963,▁agent,-5703
5964,atoes,-5704
5965,▁suitable,-5705
5966,gs,-5706
5967,▁Games,-5707
5968,▁lived,-5708
5969,▁considering,-5709
5970,▁ran,-5710
5971,▁atmosp,-5711
5972,uits,-5712
5973,▁Control,-5713
5974,▁Trust,-5714
5975,▁Farm,-5715
5976,▁Key,-5716
5977,▁symptoms,-5717
5978,▁database,-5718
5979,road,-5719
5980,▁whom,-5720
5981,▁realize,-5721
5982,zy,-5722
5983,▁attorney,-5723
5984,▁dining,-5724
5985,▁mine,-5725
5986,▁appreciate,-5726
5987,▁instructions,-5727
5988,▁failed,-5728
5989,▁purposes,-5729
5990,No,-5730
5991,▁Econom,-5731
5992,▁dates,-5732
5993,ibilities,-5733
5994,▁injuries,-5734
5995,▁Quest,-5735
5996,ilit,-5736
5997,rupt,-5737
5998,ua,-5738
5999,▁fro,-5739
6000,▁inn,-5740
6001,▁Cath,-5741
6002,tra,-5742
6003,▁Product,-5743
6004,▁processing,-5744
6005,▁registration,-5745
6006,▁mode,-5746
6007,TA,-5747
6008,▁circum,-5748
6009,▁element,-5749
6010,▁Ut,-5750
6011,▁stated,-5751
6012,▁Did,-5752
6013,▁researchers,-5753
6014,▁degrees,-5754
6015,▁returns,-5755
6016,▁messages,-5756
6017,▁protected,-5757
6018,▁ages,-5758
6019,▁loves,-5759
6020,▁forced,-5760
6021,▁rapid,-5761
6022,▁affected,-5762
6023,▁valuable,-5763
6024,hetic,-5764
6025,fection,-5765
6026,▁yes,-5766
6027,▁Pass,-5767
6028,▁submit,-5768
6029,▁Code,-5769
6030,pass,-5770
6031,▁Bal,-5771
6032,▁reference,-5772
6033,▁presentation,-5773
6034,▁settings,-5774
6035,▁Bra,-5775
6036,▁Sher,-5776
6037,ria,-5777
6038,▁pure,-5778
6039,▁incident,-5779
6040,!”,-5780
6041,▁Mur,-5781
6042,▁musical,-5782
6043,▁soul,-5783
6044,▁distribution,-5784
6045,abled,-5785
6046,▁renew,-5786
6047,▁History,-5787
6048,▁gro,-5788
6049,uous,-5789
6050,▁resol,-5790
6051,▁thread,-5791
6052,▁cabin,-5792
6053,▁SP,-5793
6054,▁supports,-5794
6055,▁accurate,-5795
6056,acle,-5796
6057,▁Rev,-5797
6058,TV,-5798
6059,irms,-5799
6060,rick,-5800
6061,lights,-5801
6062,▁Cross,-5802
6063,▁greatest,-5803
6064,▁Middle,-5804
6065,▁Page,-5805
6066,▁belong,-5806
6067,▁providers,-5807
6068,▁Expl,-5808
6069,▁Point,-5809
6070,▁recorded,-5810
6071,▁goods,-5811
6072,alendar,-5812
6073,otal,-5813
6074,▁surrounding,-5814
6075,▁owned,-5815
6076,▁surf,-5816
6077,vy,-5817
6078,▁Three,-5818
6079,▁trend,-5819
6080,▁surprise,-5820
6081,fficient,-5821
6082,▁apartment,-5822
6083,▁Enjoy,-5823
6084,▁Canadian,-5824
6085,oosing,-5825
6086,▁Ire,-5826
6087,▁explain,-5827
6088,spe,-5828
6089,▁agencies,-5829
6090,▁hero,-5830
6091,▁error,-5831
6092,▁Travel,-5832
6093,vell,-5833
6094,what,-5834
6095,▁reserved,-5835
6096,▁tack,-5836
6097,▁fellow,-5837
6098,▁die,-5838
6099,▁enable,-5839
6100,▁Current,-5840
6101,▁intellig,-5841
6102,phas,-5842
6103,anche,-5843
6104,▁dial,-5844
6105,▁reput,-5845
6106,ansas,-5846
6107,▁infrastructure,-5847
6108,▁route,-5848
6109,▁therapy,-5849
6110,▁investors,-5850
6111,▁script,-5851
6112,▁receiving,-5852
6113,▁proposed,-5853
6114,LA,-5854
6115,cles,-5855
6116,made,-5856
6117,ennis,-5857
6118,▁Sn,-5858
6119,kes,-5859
6120,▁convenient,-5860
6121,▁quant,-5861
6122,▁perman,-5862
6123,▁sad,-5863
6124,▁Kh,-5864
6125,▁config,-5865
6126,▁holds,-5866
6127,ribe,-5867
6128,▁ped,-5868
6129,▁Made,-5869
6130,▁grown,-5870
6131,related,-5871
6132,▁standing,-5872
6133,ocal,-5873
6134,▁FOR,-5874
6135,▁arts,-5875
6136,real,-5876
6137,▁Georg,-5877
6138,itage,-5878
6139,▁jack,-5879
6140,▁spokes,-5880
6141,▁Mat,-5881
6142,▁Comple,-5882
6143,▁Richard,-5883
6144,▁pleased,-5884
6145,▁usual,-5885
6146,▁crime,-5886
6147,▁influence,-5887
6148,rete,-5888
6149,▁wid,-5889
6150,intage,-5890
6151,luding,-5891
6152,anish,-5892
6153,lyn,-5893
6154,▁Requ,-5894
6155,SE,-5895
6156,▁grad,-5896
6157,▁ongoing,-5897
6158,▁supposed,-5898
6159,▁diverse,-5899
6160,▁sam,-5900
6161,▁trouble,-5901
6162,▁Instagram,-5902
6163,iated,-5903
6164,▁Chair,-5904
6165,▁awareness,-5905
6166,EST,-5906
6167,▁creation,-5907
6168,astern,-5908
6169,▁Columb,-5909
6170,▁plate,-5910
6171,▁mini,-5911
6172,PM,-5912
6173,oup,-5913
6174,yers,-5914
6175,▁Gra,-5915
6176,▁stopped,-5916
6177,▁Royal,-5917
6178,erves,-5918
6179,▁effectively,-5919
6180,▁Inf,-5920
6181,BI,-5921
6182,hors,-5922
6183,▁Cas,-5923
6184,▁moist,-5924
6185,▁everyday,-5925
6186,▁wheel,-5926
6187,They,-5927
6188,▁Paris,-5928
6189,▁affili,-5929
6190,▁prison,-5930
6191,▁electronic,-5931
6192,▁Need,-5932
6193,▁closer,-5933
6194,All,-5934
6195,▁designer,-5935
6196,▁efficiency,-5936
6197,▁disappoint,-5937
6198,▁rot,-5938
6199,iner,-5939
6200,▁enthus,-5940
6201,▁obtain,-5941
6202,▁violence,-5942
6203,.|,-5943
6204,▁bound,-5944
6205,▁Share,-5945
6206,▁administr,-5946
6207,▁flour,-5947
6208,print,-5948
6209,▁Asia,-5949
6210,person,-5950
6211,▁silver,-5951
6212,▁WH,-5952
6213,▁Cred,-5953
6214,▁Jackson,-5954
6215,▁forces,-5955
6216,cue,-5956
6217,▁judge,-5957
6218,▁officers,-5958
6219,▁poly,-5959
6220,▁facing,-5960
6221,ev,-5961
6222,▁interests,-5962
6223,▁yellow,-5963
6224,ache,-5964
6225,▁lit,-5965
6226,▁concerned,-5966
6227,▁knowing,-5967
6228,profit,-5968
6229,▁rough,-5969
6230,anger,-5970
6231,isters,-5971
6232,▁photograp,-5972
6233,ums,-5973
6234,▁subscrib,-5974
6235,ella,-5975
6236,▁Four,-5976
6237,▁stone,-5977
6238,▁Ken,-5978
6239,oes,-5979
6240,▁Ell,-5980
6241,ani,-5981
6242,▁Wr,-5982
6243,ospit,-5983
6244,▁occup,-5984
6245,▁meetings,-5985
6246,▁Rose,-5986
6247,▁pun,-5987
6248,▁causes,-5988
6249,▁fort,-5989
6250,▁Santa,-5990
6251,▁pod,-5991
6252,▁tro,-5992
6253,And,-5993
6254,▁Dom,-5994
6255,orable,-5995
6256,▁Visit,-5996
6257,poration,-5997
6258,▁agreed,-5998
6259,▁Try,-5999
6260,udden,-6000
6261,▁advoc,-6001
6262,▁Daniel,-6002
6263,▁Francisco,-6003
6264,sembly,-6004
6265,igration,-6005
6266,▁leather,-6006
6267,▁collaboration,-6007
6268,▁der,-6008
6269,▁manner,-6009
6270,▁Store,-6010
6271,umes,-6011
6272,▁logo,-6012
6273,▁treated,-6013
6274,▁channel,-6014
6275,▁native,-6015
6276,▁criminal,-6016
6277,▁hook,-6017
6278,▁licens,-6018
6279,▁virtual,-6019
6280,▁Colorado,-6020
6281,▁favourite,-6021
6282,DS,-6022
6283,under,-6023
6284,▁Right,-6024
6285,▁mur,-6025
6286,▁Size,-6026
6287,▁shock,-6027
6288,Con,-6028
6289,never,-6029
6290,▁Blog,-6030
6291,irty,-6031
6292,yard,-6032
6293,▁extended,-6033
6294,Be,-6034
6295,▁spaces,-6035
6296,▁stretch,-6036
6297,▁styles,-6037
6298,▁row,-6038
6299,▁emotional,-6039
6300,▁cute,-6040
6301,▁Rights,-6041
6302,▁recognized,-6042
6303,uction,-6043
6304,▁Daily,-6044
6305,▁stands,-6045
6306,▁Van,-6046
6307,ucle,-6047
6308,oses,-6048
6309,▁lighting,-6049
6310,▁determined,-6050
6311,▁Perform,-6051
6312,▁challenging,-6052
6313,anges,-6053
6314,OVID,-6054
6315,▁iron,-6055
6316,▁successfully,-6056
6317,ansion,-6057
6318,aration,-6058
6319,▁witness,-6059
6320,▁simpl,-6060
6321,▁follows,-6061
6322,▁speech,-6062
6323,▁complic,-6063
6324,arian,-6064
6325,▁alcohol,-6065
6326,ployment,-6066
6327,▁dangerous,-6067
6328,▁talks,-6068
6329,ench,-6069
6330,FC,-6070
6331,alled,-6071
6332,▁debut,-6072
6333,quality,-6073
6334,EE,-6074
6335,▁phil,-6075
6336,▁Photo,-6076
6337,anged,-6077
6338,▁drugs,-6078
6339,▁identified,-6079
6340,ello,-6080
6341,▁crisis,-6081
6342,▁Andrew,-6082
6343,▁height,-6083
6344,▁SH,-6084
6345,etime,-6085
6346,ppers,-6086
6347,▁Lo,-6087
6348,actions,-6088
6349,▁candidate,-6089
6350,▁serves,-6090
6351,▁Ro,-6091
6352,▁clothes,-6092
6353,▁accessible,-6093
6354,▁Southern,-6094
6355,▁powder,-6095
6356,▁syn,-6096
6357,▁grab,-6097
6358,pond,-6098
6359,▁vacation,-6099
6360,▁conflic,-6100
6361,▁du,-6101
6362,▁Low,-6102
6363,iveness,-6103
6364,▁walls,-6104
6365,lo,-6105
6366,▁Summer,-6106
6367,▁Russian,-6107
6368,▁weekly,-6108
6369,▁mixture,-6109
6370,▁household,-6110
6371,▁tut,-6111
6372,case,-6112
6373,▁involve,-6113
6374,▁payments,-6114
6375,▁conducted,-6115
6376,▁Mean,-6116
6377,▁inspiration,-6117
6378,Un,-6118
6379,▁hardware,-6119
6380,ancer,-6120
6381,▁functions,-6121
6382,Ar,-6122
6383,▁male,-6123
6384,▁Cy,-6124
6385,▁Ryan,-6125
6386,▁cock,-6126
6387,▁mixed,-6127
6388,▁browser,-6128
6389,▁graduate,-6129
6390,utch,-6130
6391,▁likes,-6131
6392,▁Die,-6132
6393,▁Hor,-6133
6394,▁imagine,-6134
6395,▁Ep,-6135
6396,▁horse,-6136
6397,▁Guide,-6137
6398,▁turning,-6138
6399,▁reduced,-6139
6400,▁kinds,-6140
6401,▁stunning,-6141
6402,▁assets,-6142
6403,▁freedom,-6143
6404,▁tur,-6144
6405,▁healthcare,-6145
6406,illy,-6146
6407,adium,-6147
6408,▁ok,-6148
6409,rition,-6149
6410,▁sample,-6150
6411,▁gear,-6151
6412,▁matters,-6152
6413,▁clinical,-6153
6414,▁Ltd,-6154
6415,▁worse,-6155
6416,▁Hen,-6156
6417,folio,-6157
6418,▁Number,-6158
6419,▁Marketing,-6159
6420,can,-6160
6421,tle,-6161
6422,▁Local,-6162
6423,▁massive,-6163
6424,▁construct,-6164
6425,Don,-6165
6426,▁tou,-6166
6427,▁happening,-6167
6428,▁cable,-6168
6429,▁password,-6169
6430,▁constantly,-6170
6431,secut,-6171
6432,acking,-6172
6433,ington,-6173
6434,▁expectations,-6174
6435,▁Wi,-6175
6436,▁Turn,-6176
6437,writ,-6177
6438,▁Ireland,-6178
6439,iece,-6179
6440,▁odd,-6180
6441,▁univers,-6181
6442,▁explained,-6182
6443,GE,-6183
6444,▁advis,-6184
6445,▁prompt,-6185
6446,▁factor,-6186
6447,▁fitness,-6187
6448,▁gifts,-6188
6449,▁Senate,-6189
6450,▁accepted,-6190
6451,▁millions,-6191
6452,▁nearby,-6192
6453,▁Area,-6193
6454,▁Hon,-6194
6455,▁fixed,-6195
6456,▁Sometimes,-6196
6457,▁Coll,-6197
6458,▁crazy,-6198
6459,▁Scot,-6199
6460,▁innovation,-6200
6461,▁bless,-6201
6462,▁champions,-6202
6463,▁procedures,-6203
6464,hy,-6204
6465,▁forest,-6205
6466,izz,-6206
6467,▁perspective,-6207
6468,▁patterns,-6208
6469,▁employment,-6209
6470,liance,-6210
6471,▁impressive,-6211
6472,▁Lin,-6212
6473,▁shots,-6213
6474,▁taught,-6214
6475,rip,-6215
6476,▁funny,-6216
6477,▁Small,-6217
6478,▁rand,-6218
6479,▁telling,-6219
6480,▁positions,-6220
6481,letter,-6221
6482,▁Ash,-6222
6483,▁Division,-6223
6484,▁improvement,-6224
6485,▁confident,-6225
6486,▁committee,-6226
6487,▁sustainable,-6227
6488,▁emphas,-6228
6489,▁context,-6229
6490,▁regional,-6230
6491,▁tag,-6231
6492,▁hoping,-6232
6493,▁lift,-6233
6494,▁mal,-6234
6495,▁outstanding,-6235
6496,▁speaking,-6236
6497,xy,-6237
6498,▁auto,-6238
6499,forcement,-6239
6500,▁Run,-6240
6501,▁Print,-6241
6502,lines,-6242
6503,▁negot,-6243
6504,▁recipes,-6244
6505,▁folks,-6245
6506,bal,-6246
6507,▁lifestyle,-6247
6508,▁luxury,-6248
6509,▁Pot,-6249
6510,▁Tay,-6250
6511,▁Which,-6251
6512,ban,-6252
6513,ampion,-6253
6514,unction,-6254
6515,▁Available,-6255
6516,▁adventure,-6256
6517,▁grew,-6257
6518,Bl,-6258
6519,▁Despite,-6259
6520,▁alleged,-6260
6521,▁Nick,-6261
6522,▁village,-6262
6523,▁flavor,-6263
6524,▁Jersey,-6264
6525,▁publish,-6265
6526,▁resolution,-6266
6527,▁contemporary,-6267
6528,▁losing,-6268
6529,▁guard,-6269
6530,▁Though,-6270
6531,▁figures,-6271
6532,▁Financial,-6272
6533,orgeous,-6273
6534,▁Bon,-6274
6535,▁Cond,-6275
6536,▁Russia,-6276
6537,▁excess,-6277
6538,▁replacement,-6278
6539,▁adds,-6279
6540,▁upper,-6280
6541,ERS,-6281
6542,▁vit,-6282
6543,▁Training,-6283
6544,▁originally,-6284
6545,▁hits,-6285
6546,▁kill,-6286
6547,▁Building,-6287
6548,▁carefully,-6288
6549,Tube,-6289
6550,aduate,-6290
6551,mary,-6291
6552,▁abuse,-6292
6553,▁ol,-6293
6554,▁guitar,-6294
6555,▁severe,-6295
6556,▁scholars,-6296
6557,▁tab,-6297
6558,▁Connect,-6298
6559,▁programme,-6299
6560,▁Name,-6300
6561,▁decre,-6301
6562,▁taxes,-6302
6563,ml,-6303
6564,▁eleg,-6304
6565,▁Heart,-6305
6566,▁MA,-6306
6567,▁examples,-6307
6568,▁Works,-6308
6569,So,-6309
6570,iversary,-6310
6571,▁noticed,-6311
6572,▁Oil,-6312
6573,▁illustr,-6313
6574,▁awards,-6314
6575,▁solar,-6315
6576,ikes,-6316
6577,▁yards,-6317
6578,▁carried,-6318
6579,▁significantly,-6319
6580,eller,-6320
6581,ulture,-6321
6582,▁Drive,-6322
6583,▁tonight,-6323
6584,iami,-6324
6585,▁arrested,-6325
6586,▁attended,-6326
6587,▁Country,-6327
6588,▁Environment,-6328
6589,rics,-6329
6590,▁Dog,-6330
6591,▁Awards,-6331
6592,racts,-6332
6593,▁supplies,-6333
6594,rid,-6334
6595,▁fulf,-6335
6596,▁Clean,-6336
6597,▁Rom,-6337
6598,lete,-6338
6599,▁bottle,-6339
6600,▁houses,-6340
6601,LY,-6341
6602,▁Italy,-6342
6603,▁procedure,-6343
6604,▁dram,-6344
6605,▁wash,-6345
6606,▁output,-6346
6607,▁clothing,-6347
6608,anna,-6348
6609,▁coc,-6349
6610,▁reporting,-6350
6611,▁Fed,-6351
6612,enced,-6352
6613,▁wealth,-6353
6614,▁Writ,-6354
6615,▁rear,-6355
6616,▁Mobile,-6356
6617,front,-6357
6618,hered,-6358
6619,▁Senior,-6359
6620,▁domestic,-6360
6621,▁transportation,-6361
6622,▁random,-6362
6623,eration,-6363
6624,▁Avenue,-6364
6625,▁circumst,-6365
6626,▁dropped,-6366
6627,▁ease,-6367
6628,▁invited,-6368
6629,rad,-6369
6630,state,-6370
6631,▁atmosphere,-6371
6632,▁entreprene,-6372
6633,ATE,-6373
6634,Is,-6374
6635,▁depth,-6375
6636,obs,-6376
6637,rum,-6377
6638,▁regul,-6378
6639,▁Garden,-6379
6640,▁Select,-6380
6641,▁trained,-6381
6642,▁Bul,-6382
6643,oral,-6383
6644,ca,-6384
6645,▁root,-6385
6646,▁upload,-6386
6647,▁bags,-6387
6648,▁command,-6388
6649,▁integrated,-6389
6650,emic,-6390
6651,LS,-6391
6652,▁eggs,-6392
6653,▁Further,-6393
6654,▁Luc,-6394
6655,pret,-6395
6656,▁council,-6396
6657,▁Kim,-6397
6658,▁laugh,-6398
6659,▁baking,-6399
6660,▁thin,-6400
6661,▁festival,-6401
6662,ether,-6402
6663,▁Ca,-6403
6664,▁Spanish,-6404
6665,▁Sky,-6405
6666,▁authent,-6406
6667,▁OS,-6407
6668,▁Tech,-6408
6669,▁ordered,-6409
6670,ayer,-6410
6671,irts,-6411
6672,▁cycle,-6412
6673,▁Having,-6413
6674,▁Ha,-6414
6675,▁Buy,-6415
6676,▁trends,-6416
6677,▁broadcast,-6417
6678,▁foundation,-6418
6679,▁Harr,-6419
6680,▁identity,-6420
6681,iana,-6421
6682,hire,-6422
6683,▁sole,-6423
6684,▁blow,-6424
6685,▁Ref,-6425
6686,▁tall,-6426
6687,▁tech,-6427
6688,acked,-6428
6689,▁tiny,-6429
6690,▁medicine,-6430
6691,▁pil,-6431
6692,▁shift,-6432
6693,▁museum,-6433
6694,▁fishing,-6434
6695,▁Professor,-6435
6696,▁cups,-6436
6697,▁smile,-6437
6698,▁herself,-6438
6699,▁Safety,-6439
6700,luded,-6440
6701,▁reward,-6441
6702,sm,-6442
6703,▁lad,-6443
6704,ificate,-6444
6705,▁casino,-6445
6706,▁tested,-6446
6707,▁Proper,-6447
6708,oster,-6448
6709,▁tap,-6449
6710,▁sheet,-6450
6711,▁?,-6451
6712,▁carbon,-6452
6713,stone,-6453
6714,inem,-6454
6715,host,-6455
6716,asts,-6456
6717,▁vibr,-6457
6718,▁tasks,-6458
6719,▁entirely,-6459
6720,ossible,-6460
6721,▁spin,-6461
6722,▁Dub,-6462
6723,▁Account,-6463
6724,va,-6464
6725,osite,-6465
6726,▁landscape,-6466
6727,▁pink,-6467
6728,▁photography,-6468
6729,▁Members,-6469
6730,▁protein,-6470
6731,▁routine,-6471
6732,▁Ent,-6472
6733,AA,-6473
6734,▁anx,-6474
6735,▁symbol,-6475
6736,"?""",-6476
6737,▁AD,-6477
6738,▁rose,-6478
6739,▁rating,-6479
6740,▁retire,-6480
6741,▁failure,-6481
6742,awn,-6482
6743,▁Ford,-6483
6744,▁input,-6484
6745,▁qualified,-6485
6746,▁offices,-6486
6747,▁san,-6487
6748,comes,-6488
6749,▁profit,-6489
6750,▁printed,-6490
6751,inder,-6491
6752,▁weak,-6492
6753,remony,-6493
6754,▁fo,-6494
6755,▁Georgia,-6495
6756,▁engage,-6496
6757,▁DC,-6497
6758,▁PS,-6498
6759,▁Never,-6499
6760,▁glad,-6500
6761,▁description,-6501
6762,rate,-6502
6763,▁historical,-6503
6764,▁unf,-6504
6765,▁wet,-6505
6766,▁Silver,-6506
6767,agues,-6507
6768,ATION,-6508
6769,▁Jenn,-6509
6770,▁Want,-6510
6771,▁assessment,-6511
6772,iano,-6512
6773,▁Shop,-6513
6774,▁chapter,-6514
6775,▁singles,-6515
6776,▁mountain,-6516
6777,ERE,-6517
6778,pat,-6518
6779,▁authorities,-6519
6780,▁searching,-6520
6781,▁machines,-6521
6782,uting,-6522
6783,▁guidance,-6523
6784,▁SU,-6524
6785,▁hang,-6525
6786,▁EU,-6526
6787,▁Phone,-6527
6788,sen,-6528
6789,▁Fre,-6529
6790,riends,-6530
6791,enger,-6531
6792,▁COVID,-6532
6793,▁Still,-6533
6794,▁scientific,-6534
6795,▁critic,-6535
6796,▁vital,-6536
6797,.’,-6537
6798,eding,-6538
6799,▁residential,-6539
6800,▁Pop,-6540
6801,▁Mach,-6541
6802,▁bonus,-6542
6803,▁column,-6543
6804,zer,-6544
6805,▁Non,-6545
6806,▁river,-6546
6807,▁Fac,-6547
6808,▁Tax,-6548
6809,▁faculty,-6549
6810,▁Republican,-6550
6811,ogue,-6551
6812,vate,-6552
6813,▁layer,-6553
6814,With,-6554
6815,▁none,-6555
6816,▁bear,-6556
6817,▁thorough,-6557
6818,▁kne,-6558
6819,▁Disney,-6559
6820,▁airport,-6560
6821,▁Zeal,-6561
6822,▁believes,-6562
6823,▁rail,-6563
6824,▁certified,-6564
6825,"!""",-6565
6826,osoph,-6566
6827,▁hasn,-6567
6828,▁assign,-6568
6829,ially,-6569
6830,▁Beaut,-6570
6831,’.,-6571
6832,▁Ariz,-6572
6833,▁filed,-6573
6834,bi,-6574
6835,▁Field,-6575
6836,▁equal,-6576
6837,▁hosting,-6577
6838,▁platforms,-6578
6839,▁YouTube,-6579
6840,▁Aff,-6580
6841,Le,-6581
6842,▁founded,-6582
6843,▁improving,-6583
6844,▁Far,-6584
6845,friendly,-6585
6846,▁Looking,-6586
6847,PC,-6587
6848,▁rac,-6588
6849,▁attacks,-6589
6850,▁Mountain,-6590
6851,▁accessories,-6591
6852,▁skill,-6592
6853,▁entered,-6593
6854,▁entr,-6594
6855,▁dental,-6595
6856,▁unlike,-6596
6857,▁versions,-6597
6858,▁Son,-6598
6859,▁letters,-6599
6860,oval,-6600
6861,▁awarded,-6601
6862,▁sac,-6602
6863,▁Sus,-6603
6864,▁sick,-6604
6865,▁tournament,-6605
6866,cers,-6606
6867,long,-6607
6868,▁Leg,-6608
6869,▁terror,-6609
6870,▁Space,-6610
6871,▁Put,-6611
6872,▁Braz,-6612
6873,▁conver,-6613
6874,▁informed,-6614
6875,▁Systems,-6615
6876,▁hopes,-6616
6877,▁Kent,-6617
6878,▁vend,-6618
6879,erse,-6619
6880,▁Supp,-6620
6881,▁cooper,-6621
6882,▁Easy,-6622
6883,▁DVD,-6623
6884,▁delay,-6624
6885,▁Charles,-6625
6886,Se,-6626
6887,▁managing,-6627
6888,▁ille,-6628
6889,▁Fox,-6629
6890,▁Should,-6630
6891,▁seriously,-6631
6892,▁west,-6632
6893,▁institutions,-6633
6894,asters,-6634
6895,▁pounds,-6635
6896,▁Zealand,-6636
6897,worth,-6637
6898,▁Email,-6638
6899,▁sudden,-6639
6900,▁destination,-6640
6901,▁shower,-6641
6902,▁networks,-6642
6903,▁regulations,-6643
6904,▁instance,-6644
6905,▁distinct,-6645
6906,ba,-6646
6907,▁Dist,-6647
6908,▁external,-6648
6909,▁Foot,-6649
6910,▁unable,-6650
6911,icial,-6651
6912,▁Tick,-6652
6913,obby,-6653
6914,quir,-6654
6915,▁Smart,-6655
6916,▁creates,-6656
6917,▁situations,-6657
6918,uling,-6658
6919,▁Miami,-6659
6920,▁CO,-6660
6921,▁infect,-6661
6922,ilst,-6662
6923,▁empt,-6663
6924,▁arg,-6664
6925,HS,-6665
6926,ican,-6666
6927,▁historic,-6667
6928,arrow,-6668
6929,orders,-6669
6930,To,-6670
6931,foot,-6671
6932,▁tracks,-6672
6933,▁eligible,-6673
6934,class,-6674
6935,ircle,-6675
6936,▁),-6676
6937,▁motion,-6677
6938,inos,-6678
6939,▁frequently,-6679
6940,ras,-6680
6941,oker,-6681
6942,▁capture,-6682
6943,▁Pacific,-6683
6944,MP,-6684
6945,▁Broad,-6685
6946,▁PDF,-6686
6947,▁bab,-6687
6948,▁drawing,-6688
6949,agon,-6689
6950,▁vul,-6690
6951,▁Ask,-6691
6952,▁hire,-6692
6953,▁proven,-6693
6954,▁contribute,-6694
6955,bury,-6695
6956,▁alongside,-6696
6957,▁recording,-6697
6958,amps,-6698
6959,plate,-6699
6960,▁transition,-6700
6961,▁Engineering,-6701
6962,ashed,-6702
6963,▁Pract,-6703
6964,▁Unfortunately,-6704
6965,▁exhibition,-6705
6966,aze,-6706
6967,▁Stat,-6707
6968,earing,-6708
6969,One,-6709
6970,▁Northern,-6710
6971,▁Ray,-6711
6972,▁developers,-6712
6973,umps,-6713
6974,▁membership,-6714
6975,▁Come,-6715
6976,▁Fall,-6716
6977,▁surprised,-6717
6978,elry,-6718
6979,▁Very,-6719
6980,▁availability,-6720
6981,▁rein,-6721
6982,▁streets,-6722
6983,▁soph,-6723
6984,▁lucky,-6724
6985,▁submitted,-6725
6986,oured,-6726
6987,▁lessons,-6727
6988,star,-6728
6989,▁flood,-6729
6990,▁grass,-6730
6991,nam,-6731
6992,ulf,-6732
6993,▁savings,-6733
6994,ucky,-6734
6995,▁bat,-6735
6996,▁typical,-6736
6997,▁km,-6737
6998,▁tip,-6738
6999,▁deck,-6739
7000,▁worst,-6740
7001,▁religious,-6741
7002,▁Term,-6742
7003,▁risks,-6743
7004,De,-6744
7005,▁vacc,-6745
7006,ented,-6746
7007,▁liquid,-6747
7008,▁:),-6748
7009,ounter,-6749
7010,equ,-6750
7011,uter,-6751
7012,▁blend,-6752
7013,▁Po,-6753
7014,▁diss,-6754
7015,▁quote,-6755
7016,neys,-6756
7017,▁inch,-6757
7018,▁Sales,-6758
7019,▁hate,-6759
7020,▁hurt,-6760
7021,▁filter,-6761
7022,▁crucial,-6762
7023,adow,-6763
7024,onto,-6764
7025,▁Hou,-6765
7026,▁stir,-6766
7027,▁anticip,-6767
7028,▁wra,-6768
7029,born,-6769
7030,▁Finally,-6770
7031,▁papers,-6771
7032,rowse,-6772
7033,▁Taylor,-6773
7034,.',-6774
7035,onym,-6775
7036,▁rental,-6776
7037,▁younger,-6777
7038,aints,-6778
7039,▁fighting,-6779
7040,do,-6780
7041,▁decade,-6781
7042,active,-6782
7043,▁joining,-6783
7044,▁Carl,-6784
7045,▁sky,-6785
7046,▁gorgeous,-6786
7047,▁performing,-6787
7048,tain,-6788
7049,you,-6789
7050,erman,-6790
7051,aturally,-6791
7052,II,-6792
7053,▁closely,-6793
7054,▁pitch,-6794
7055,At,-6795
7056,▁OR,-6796
7057,▁Ball,-6797
7058,▁strategic,-6798
7059,▁spark,-6799
7060,▁workshop,-6800
7061,▁cm,-6801
7062,icit,-6802
7063,▁Sat,-6803
7064,▁facilit,-6804
7065,athan,-6805
7066,▁banks,-6806
7067,▁defend,-6807
7068,▁flexible,-6808
7069,▁terr,-6809
7070,nic,-6810
7071,▁listening,-6811
7072,uine,-6812
7073,▁capable,-6813
7074,▁legislation,-6814
7075,▁index,-6815
7076,ingly,-6816
7077,▁operate,-6817
7078,▁organized,-6818
7079,▁kit,-6819
7080,UL,-6820
7081,▁choosing,-6821
7082,▁hall,-6822
7083,▁liked,-6823
7084,▁Jac,-6824
7085,▁Kat,-6825
7086,▁Radio,-6826
7087,xx,-6827
7088,▁Ron,-6828
7089,rell,-6829
7090,▁soil,-6830
7091,resents,-6831
7092,▁legs,-6832
7093,▁Standard,-6833
7094,▁cos,-6834
7095,ographic,-6835
7096,▁compens,-6836
7097,▁volunteers,-6837
7098,▁pin,-6838
7099,▁meals,-6839
7100,▁Professional,-6840
7101,ava,-6841
7102,Read,-6842
7103,▁Cut,-6843
7104,▁Cab,-6844
7105,▁adm,-6845
7106,arters,-6846
7107,▁privacy,-6847
7108,▁increases,-6848
7109,▁injured,-6849
7110,▁engagement,-6850
7111,▁arrive,-6851
7112,car,-6852
7113,▁reputation,-6853
7114,▁counsel,-6854
7115,▁aside,-6855
7116,▁suggested,-6856
7117,▁relief,-6857
7118,▁Brazil,-6858
7119,odd,-6859
7120,pes,-6860
7121,Ad,-6861
7122,▁juice,-6862
7123,▁pulled,-6863
7124,▁tank,-6864
7125,▁debate,-6865
7126,▁arms,-6866
7127,law,-6867
7128,▁obl,-6868
7129,hot,-6869
7130,▁concert,-6870
7131,ura,-6871
7132,entle,-6872
7133,▁Es,-6873
7134,▁SC,-6874
7135,stal,-6875
7136,▁Mom,-6876
7137,illiant,-6877
7138,▁Arizona,-6878
7139,▁moves,-6879
7140,▁Credit,-6880
7141,▁belief,-6881
7142,▁proceed,-6882
7143,▁Sea,-6883
7144,▁garage,-6884
7145,▁dynamic,-6885
7146,uis,-6886
7147,adel,-6887
7148,▁immediate,-6888
7149,▁Bible,-6889
7150,▁estimated,-6890
7151,But,-6891
7152,▁mm,-6892
7153,▁matches,-6893
7154,ppy,-6894
7155,▁approval,-6895
7156,▁believed,-6896
7157,pons,-6897
7158,▁LED,-6898
7159,▁Ra,-6899
7160,▁warn,-6900
7161,▁spoke,-6901
7162,▁Source,-6902
7163,▁jun,-6903
7164,uclear,-6904
7165,▁Ms,-6905
7166,▁LLC,-6906
7167,▁attached,-6907
7168,▁enjoying,-6908
7169,faction,-6909
7170,▁downtown,-6910
7171,▁exposure,-6911
7172,▁relatively,-6912
7173,▁Order,-6913
7174,▁monitoring,-6914
7175,▁shops,-6915
7176,▁storm,-6916
7177,▁spiritual,-6917
7178,▁Phys,-6918
7179,▁buck,-6919
7180,▁listing,-6920
7181,▁portfolio,-6921
7182,bar,-6922
7183,▁manual,-6923
7184,▁visited,-6924
7185,▁contrast,-6925
7186,▁continuing,-6926
7187,▁Ide,-6927
7188,▁||,-6928
7189,▁Lind,-6929
7190,Fi,-6930
7191,▁rice,-6931
7192,▁chose,-6932
7193,▁Ram,-6933
7194,▁ast,-6934
7195,By,-6935
7196,▁Brian,-6936
7197,▁normally,-6937
7198,phy,-6938
7199,▁charm,-6939
7200,▁seed,-6940
7201,▁chances,-6941
7202,▁Arab,-6942
7203,▁circumstances,-6943
7204,▁newly,-6944
7205,▁promise,-6945
7206,ati,-6946
7207,▁Stock,-6947
7208,▁agents,-6948
7209,▁justice,-6949
7210,ingu,-6950
7211,▁Event,-6951
7212,▁directed,-6952
7213,▁sending,-6953
7214,▁represents,-6954
7215,ardens,-6955
7216,cknow,-6956
7217,▁sight,-6957
7218,rich,-6958
7219,amsung,-6959
7220,▁bes,-6960
7221,▁Think,-6961
7222,▁ultimate,-6962
7223,▁Las,-6963
7224,▁Site,-6964
7225,▁teasp,-6965
7226,▁hosted,-6966
7227,acon,-6967
7228,▁Bed,-6968
7229,▁Prom,-6969
7230,▁guidelines,-6970
7231,bles,-6971
7232,▁ads,-6972
7233,▁Cru,-6973
7234,▁acid,-6974
7235,▁penal,-6975
7236,▁Line,-6976
7237,▁Being,-6977
7238,▁firms,-6978
7239,▁border,-6979
7240,▁Pow,-6980
7241,osc,-6981
7242,▁Mir,-6982
7243,inois,-6983
7244,▁Conc,-6984
7245,▁Medicine,-6985
7246,▁interface,-6986
7247,boy,-6987
7248,aters,-6988
7249,▁planet,-6989
7250,bing,-6990
7251,izza,-6991
7252,site,-6992
7253,▁loans,-6993
7254,▁($,-6994
7255,▁faces,-6995
7256,aste,-6996
7257,▁Kenn,-6997
7258,▁consequ,-6998
7259,RS,-6999
7260,sey,-7000
7261,▁Student,-7001
7262,▁Welcome,-7002
7263,▁phase,-7003
7264,▁liber,-7004
7265,▁dreams,-7005
7266,▁division,-7006
7267,▁tradition,-7007
7268,▁passing,-7008
7269,▁technique,-7009
7270,season,-7010
7271,▁iPad,-7011
7272,▁zone,-7012
7273,▁Choose,-7013
7274,▁reform,-7014
7275,▁Catholic,-7015
7276,AB,-7016
7277,▁urban,-7017
7278,▁domain,-7018
7279,▁breath,-7019
7280,ta,-7020
7281,alle,-7021
7282,hell,-7022
7283,asant,-7023
7284,▁discl,-7024
7285,▁fasc,-7025
7286,▁depress,-7026
7287,▁execut,-7027
7288,▁equipped,-7028
7289,▁hospit,-7029
7290,etic,-7030
7291,▁fuck,-7031
7292,oty,-7032
7293,▁USB,-7033
7294,▁linked,-7034
7295,Americ,-7035
7296,▁portion,-7036
7297,parent,-7037
7298,▁lapt,-7038
7299,▁Officer,-7039
7300,▁phones,-7040
7301,▁authors,-7041
7302,▁Webs,-7042
7303,▁vast,-7043
7304,▁dust,-7044
7305,▁collected,-7045
7306,Sc,-7046
7307,▁pleasure,-7047
7308,▁Again,-7048
7309,▁garlic,-7049
7310,▁objects,-7050
7311,▁posting,-7051
7312,▁Kevin,-7052
7313,▁forever,-7053
7314,▁tub,-7054
7315,▁Brad,-7055
7316,▁refund,-7056
7317,anny,-7057
7318,▁Give,-7058
7319,▁ancient,-7059
7320,▁capabilities,-7060
7321,bro,-7061
7322,▁Conf,-7062
7323,▁pharm,-7063
7324,▁drinking,-7064
7325,▁trig,-7065
7326,GA,-7066
7327,▁proof,-7067
7328,▁finance,-7068
7329,▁suc,-7069
7330,▁gallery,-7070
7331,ffered,-7071
7332,▁permanent,-7072
7333,days,-7073
7334,▁Continue,-7074
7335,inson,-7075
7336,▁Dun,-7076
7337,▁treatments,-7077
7338,▁consistent,-7078
7339,▁trick,-7079
7340,ulpt,-7080
7341,▁boxes,-7081
7342,▁merch,-7082
7343,▁saving,-7083
7344,▁fairly,-7084
7345,ih,-7085
7346,▁holidays,-7086
7347,rm,-7087
7348,iki,-7088
7349,▁stake,-7089
7350,▁Rod,-7090
7351,▁Living,-7091
7352,▁butt,-7092
7353,▁fifth,-7093
7354,omy,-7094
7355,ogether,-7095
7356,▁memories,-7096
7357,lusion,-7097
7358,▁implementation,-7098
7359,▁cotton,-7099
7360,▁formed,-7100
7361,▁PA,-7101
7362,▁Army,-7102
7363,▁Queen,-7103
7364,iations,-7104
7365,whel,-7105
7366,amber,-7106
7367,ults,-7107
7368,ounce,-7108
7369,▁Happy,-7109
7370,▁organis,-7110
7371,phones,-7111
7372,▁Asian,-7112
7373,▁Natural,-7113
7374,▁illness,-7114
7375,▁permission,-7115
7376,annels,-7116
7377,ensity,-7117
7378,▁flash,-7118
7379,▁Quality,-7119
7380,▁constit,-7120
7381,▁ceremony,-7121
7382,EA,-7122
7383,▁prove,-7123
7384,▁mortgage,-7124
7385,▁incredibly,-7125
7386,▁tie,-7126
7387,▁east,-7127
7388,▁ensuring,-7128
7389,▁tiss,-7129
7390,▁Sav,-7130
7391,bridge,-7131
7392,▁bodies,-7132
7393,▁Insurance,-7133
7394,▁initiative,-7134
7395,▁vulner,-7135
7396,▁possibility,-7136
7397,That,-7137
7398,▁Remember,-7138
7399,▁recommendations,-7139
7400,▁facts,-7140
7401,▁tooth,-7141
7402,▁Ur,-7142
7403,▁heads,-7143
7404,▁Studies,-7144
7405,CT,-7145
7406,▁discussed,-7146
7407,Book,-7147
7408,▁upgrade,-7148
7409,ultural,-7149
7410,▁SS,-7150
7411,▁susp,-7151
7412,isa,-7152
7413,▁mand,-7153
7414,▁hur,-7154
7415,▁cuts,-7155
7416,▁Hollywood,-7156
7417,▁stim,-7157
7418,missions,-7158
7419,▁volunteer,-7159
7420,holders,-7160
7421,ership,-7161
7422,)|,-7162
7423,▁wireless,-7163
7424,abetes,-7164
7425,respond,-7165
7426,▁trib,-7166
7427,▁Administration,-7167
7428,▁Ros,-7168
7429,▁theory,-7169
7430,▁vegetables,-7170
7431,rible,-7171
7432,▁id,-7172
7433,anes,-7173
7434,▁pit,-7174
7435,▁smell,-7175
7436,▁priority,-7176
7437,ctive,-7177
7438,▁reader,-7178
7439,▁superv,-7179
7440,▁walked,-7180
7441,onna,-7181
7442,allas,-7182
7443,▁Cand,-7183
7444,▁roles,-7184
7445,▁suggestions,-7185
7446,▁bench,-7186
7447,uration,-7187
7448,▁Express,-7188
7449,▁acknow,-7189
7450,▁victims,-7190
7451,▁Oak,-7191
7452,▁Chall,-7192
7453,anned,-7193
7454,▁mile,-7194
7455,▁Software,-7195
7456,▁pra,-7196
7457,%.,-7197
7458,▁lawyer,-7198
7459,aron,-7199
7460,▁solve,-7200
7461,zes,-7201
7462,▁Emer,-7202
7463,▁magic,-7203
7464,▁Mill,-7204
7465,▁Houston,-7205
7466,▁attractive,-7206
7467,bell,-7207
7468,▁gaming,-7208
7469,▁realized,-7209
7470,▁industries,-7210
7471,▁communications,-7211
7472,▁hole,-7212
7473,▁blocks,-7213
7474,▁encouraged,-7214
7475,Pl,-7215
7476,▁Ira,-7216
7477,▁Personal,-7217
7478,▁presents,-7218
7479,▁absor,-7219
7480,▁bars,-7220
7481,▁recognize,-7221
7482,▁basketball,-7222
7483,tw,-7223
7484,olis,-7224
7485,▁dent,-7225
7486,▁hidden,-7226
7487,▁causing,-7227
7488,uls,-7228
7489,▁Iran,-7229
7490,▁publ,-7230
7491,eling,-7231
7492,▁Secretary,-7232
7493,▁Justice,-7233
7494,esy,-7234
7495,▁titles,-7235
7496,ione,-7236
7497,▁magn,-7237
7498,▁Pu,-7238
7499,▁Meanwhile,-7239
7500,iger,-7240
7501,▁NFL,-7241
7502,▁celebration,-7242
7503,▁seasons,-7243
7504,axy,-7244
7505,uster,-7245
7506,▁embr,-7246
7507,▁Joseph,-7247
7508,▁loving,-7248
7509,▁Pak,-7249
7510,▁Illinois,-7250
7511,▁personally,-7251
7512,▁evol,-7252
7513,acious,-7253
7514,▁Airport,-7254
7515,▁Experience,-7255
7516,▁Jr,-7256
7517,▁Fact,-7257
7518,▁claimed,-7258
7519,▁instrument,-7259
7520,▁cookies,-7260
7521,▁enem,-7261
7522,▁mainly,-7262
7523,▁dealing,-7263
7524,ylvan,-7264
7525,▁aspect,-7265
7526,App,-7266
7527,izer,-7267
7528,▁Policy,-7268
7529,▁Therefore,-7269
7530,iking,-7270
7531,▁Learning,-7271
7532,▁Clin,-7272
7533,▁Kids,-7273
7534,ainless,-7274
7535,▁requests,-7275
7536,▁scheme,-7276
7537,▁broke,-7277
7538,▁finds,-7278
7539,▁spots,-7279
7540,▁marked,-7280
7541,nesota,-7281
7542,▁venue,-7282
7543,▁murder,-7283
7544,▁buyers,-7284
7545,▁calendar,-7285
7546,▁rig,-7286
7547,▁bridge,-7287
7548,▁habit,-7288
7549,gypt,-7289
7550,▁raw,-7290
7551,RI,-7291
7552,▁enroll,-7292
7553,▁Estate,-7293
7554,▁publication,-7294
7555,▁Base,-7295
7556,da,-7296
7557,then,-7297
7558,▁FL,-7298
7559,▁split,-7299
7560,▁Band,-7300
7561,▁swimming,-7301
7562,uan,-7302
7563,▁Fred,-7303
7564,▁Stay,-7304
7565,▁Vegas,-7305
7566,▁EV,-7306
7567,level,-7307
7568,▁Case,-7308
7569,▁Tool,-7309
7570,wear,-7310
7571,▁bow,-7311
7572,inton,-7312
7573,▁Ba,-7313
7574,▁Lew,-7314
7575,▁Mix,-7315
7576,▁expansion,-7316
7577,▁categories,-7317
7578,ials,-7318
7579,▁handling,-7319
7580,▁Film,-7320
7581,▁meets,-7321
7582,▁Motor,-7322
7583,▁climb,-7323
7584,imize,-7324
7585,▁Create,-7325
7586,▁achieved,-7326
7587,burgh,-7327
7588,urse,-7328
7589,▁Toronto,-7329
7590,▁mut,-7330
7591,▁saved,-7331
7592,▁slowly,-7332
7593,▁talked,-7333
7594,▁programming,-7334
7595,▁travell,-7335
7596,inator,-7336
7597,▁Story,-7337
7598,▁forth,-7338
7599,▁giant,-7339
7600,▁architecture,-7340
7601,page,-7341
7602,ateful,-7342
7603,▁seats,-7343
7604,▁Season,-7344
7605,▁Yet,-7345
7606,▁extension,-7346
7607,▁porn,-7347
7608,▁empty,-7348
7609,Tr,-7349
7610,▁covering,-7350
7611,▁Mov,-7351
7612,▁Rub,-7352
7613,apore,-7353
7614,▁driven,-7354
7615,▁explains,-7355
7616,▁Material,-7356
7617,▁marks,-7357
7618,▁copyright,-7358
7619,▁exec,-7359
7620,▁somewhere,-7360
7621,ifer,-7361
7622,▁proposal,-7362
7623,stra,-7363
7624,▁unw,-7364
7625,▁GM,-7365
7626,▁Dar,-7366
7627,eah,-7367
7628,TER,-7368
7629,wan,-7369
7630,wich,-7370
7631,▁noise,-7371
7632,▁Dam,-7372
7633,▁packages,-7373
7634,cons,-7374
7635,▁describe,-7375
7636,▁Davis,-7376
7637,▁desired,-7377
7638,▁wins,-7378
7639,CD,-7379
7640,books,-7380
7641,▁orange,-7381
7642,FA,-7382
7643,RL,-7383
7644,▁Member,-7384
7645,▁Stan,-7385
7646,▁blank,-7386
7647,▁anyway,-7387
7648,▁pricing,-7388
7649,▁singer,-7389
7650,OO,-7390
7651,▁surprising,-7391
7652,▁Save,-7392
7653,▁widely,-7393
7654,▁recognition,-7394
7655,▁birds,-7395
7656,▁generate,-7396
7657,▁lets,-7397
7658,▁pocket,-7398
7659,▁CN,-7399
7660,▁stuck,-7400
7661,▁replaced,-7401
7662,▁Prime,-7402
7663,▁clicking,-7403
7664,▁gall,-7404
7665,▁Gallery,-7405
7666,▁Mess,-7406
7667,▁doctors,-7407
7668,▁gay,-7408
7669,▁substant,-7409
7670,▁suffering,-7410
7671,▁Own,-7411
7672,▁fest,-7412
7673,▁hell,-7413
7674,ja,-7414
7675,▁Would,-7415
7676,rage,-7416
7677,▁err,-7417
7678,▁bare,-7418
7679,▁Miller,-7419
7680,▁interactive,-7420
7681,lers,-7421
7682,▁Isl,-7422
7683,▁clar,-7423
7684,▁accomplish,-7424
7685,▁combine,-7425
7686,▁Shipping,-7426
7687,▁Hold,-7427
7688,▁Jord,-7428
7689,▁nights,-7429
7690,▁Bang,-7430
7691,▁purchasing,-7431
7692,▁exceptional,-7432
7693,▁Capital,-7433
7694,▁expressed,-7434
7695,▁Brook,-7435
7696,▁muscle,-7436
7697,▁Pict,-7437
7698,▁insight,-7438
7699,▁Memorial,-7439
7700,ding,-7440
7701,▁bunch,-7441
7702,▁mood,-7442
7703,▁percentage,-7443
7704,▁Bell,-7444
7705,▁Table,-7445
7706,bel,-7446
7707,rency,-7447
7708,▁suggests,-7448
7709,▁Cro,-7449
7710,▁Force,-7450
7711,▁basically,-7451
7712,▁Additionally,-7452
7713,▁hat,-7453
7714,▁staying,-7454
7715,▁breaking,-7455
7716,▁slic,-7456
7717,▁ski,-7457
7718,▁compat,-7458
7719,▁engaged,-7459
7720,▁announcement,-7460
7721,run,-7461
7722,▁Ess,-7462
7723,▁Adam,-7463
7724,▁Auto,-7464
7725,▁Samsung,-7465
7726,▁Sep,-7466
7727,▁writers,-7467
7728,▁manufacturers,-7468
7729,zing,-7469
7730,ludes,-7470
7731,otted,-7471
7732,▁remark,-7472
7733,▁destroy,-7473
7734,▁Irish,-7474
7735,alo,-7475
7736,▁interpret,-7476
7737,▁specialist,-7477
7738,igate,-7478
7739,▁Forest,-7479
7740,▁Theatre,-7480
7741,▁Minnesota,-7481
7742,CS,-7482
7743,lessly,-7483
7744,▁feelings,-7484
7745,▁compliance,-7485
7746,alse,-7486
7747,▁Labor,-7487
7748,▁printing,-7488
7749,lements,-7489
7750,▁coat,-7490
7751,▁scenes,-7491
7752,▁performances,-7492
7753,odge,-7493
7754,esh,-7494
7755,▁Liber,-7495
7756,▁graphics,-7496
7757,▁Pin,-7497
7758,▁overwhel,-7498
7759,▁Rand,-7499
7760,▁vice,-7500
7761,▁apparently,-7501
7762,▁heav,-7502
7763,▁king,-7503
7764,rome,-7504
7765,▁resistance,-7505
7766,▁ultimately,-7506
7767,▁professor,-7507
7768,▁MD,-7508
7769,▁Recent,-7509
7770,▁narr,-7510
7771,▁pride,-7511
7772,▁producing,-7512
7773,▁mere,-7513
7774,▁Mrs,-7514
7775,inals,-7515
7776,▁headed,-7516
7777,▁consists,-7517
7778,▁Treat,-7518
7779,▁Annual,-7519
7780,iot,-7520
7781,▁shell,-7521
7782,▁riding,-7522
7783,▁agric,-7523
7784,▁LA,-7524
7785,▁Tenn,-7525
7786,▁Diego,-7526
7787,▁drinks,-7527
7788,▁inner,-7528
7789,▁classroom,-7529
7790,AND,-7530
7791,▁Square,-7531
7792,▁Pen,-7532
7793,▁impossible,-7533
7794,▁CR,-7534
7795,▁Cover,-7535
7796,▁Seattle,-7536
7797,EP,-7537
7798,▁Studio,-7538
7799,▁shouldn,-7539
7800,child,-7540
7801,▁charity,-7541
7802,▁preparation,-7542
7803,▁Agency,-7543
7804,▁formal,-7544
7805,HA,-7545
7806,▁Iraq,-7546
7807,ureau,-7547
7808,▁founder,-7548
7809,▁concrete,-7549
7810,ns,-7550
7811,och,-7551
7812,▁genuine,-7552
7813,▁Gro,-7553
7814,▁Location,-7554
7815,ls,-7555
7816,ylvania,-7556
7817,▁Eastern,-7557
7818,▁anniversary,-7558
7819,▁casual,-7559
7820,stream,-7560
7821,▁yard,-7561
7822,▁dishes,-7562
7823,▁Anth,-7563
7824,ologist,-7564
7825,▁recover,-7565
7826,stein,-7566
7827,▁strike,-7567
7828,▁acts,-7568
7829,ocation,-7569
7830,ilton,-7570
7831,▁Egypt,-7571
7832,▁Jewish,-7572
7833,▁Golden,-7573
7834,▁incorpor,-7574
7835,▁pic,-7575
7836,▁bills,-7576
7837,▁seeds,-7577
7838,▁packaging,-7578
7839,▁Map,-7579
7840,▁differences,-7580
7841,▁Vers,-7581
7842,icted,-7582
7843,▁Camer,-7583
7844,hour,-7584
7845,unes,-7585
7846,▁FA,-7586
7847,▁hotels,-7587
7848,▁fits,-7588
7849,▁brilliant,-7589
7850,▁Talk,-7590
7851,▁pace,-7591
7852,▁rum,-7592
7853,▁rug,-7593
7854,▁authority,-7594
7855,heast,-7595
7856,▁default,-7596
7857,▁reducing,-7597
7858,▁consultation,-7598
7859,acc,-7599
7860,▁succeed,-7600
7861,▁resulting,-7601
7862,▁hel,-7602
7863,▁duty,-7603
7864,▁healing,-7604
7865,ingers,-7605
7866,▁defined,-7606
7867,▁Following,-7607
7868,iler,-7608
7869,▁Anal,-7609
7870,▁Level,-7610
7871,phia,-7611
7872,▁centers,-7612
7873,▁enthusi,-7613
7874,ESS,-7614
7875,▁compr,-7615
7876,des,-7616
7877,▁Spec,-7617
7878,▁Sound,-7618
7879,▁actor,-7619
7880,▁Dark,-7620
7881,▁Working,-7621
7882,▁precise,-7622
7883,▁Customer,-7623
7884,ghan,-7624
7885,▁Nic,-7625
7886,▁forecast,-7626
7887,▁connections,-7627
7888,lee,-7628
7889,▁enterprise,-7629
7890,▁constant,-7630
7891,ila,-7631
7892,ifies,-7632
7893,▁packed,-7633
7894,being,-7634
7895,▁alive,-7635
7896,▁assault,-7636
7897,ucks,-7637
7898,▁complim,-7638
7899,▁OK,-7639
7900,----,-7640
7901,aska,-7641
7902,▁enables,-7642
7903,▁Solutions,-7643
7904,▁lists,-7644
7905,▁assum,-7645
7906,▁colours,-7646
7907,▁officially,-7647
7908,▁Wilson,-7648
7909,▁obviously,-7649
7910,rive,-7650
7911,Fr,-7651
7912,▁gym,-7652
7913,etry,-7653
7914,▁traveling,-7654
7915,▁Swed,-7655
7916,adelphia,-7656
7917,▁Consult,-7657
7918,▁dad,-7658
7919,usive,-7659
7920,▁boss,-7660
7921,asted,-7661
7922,▁Common,-7662
7923,▁extract,-7663
7924,▁Toy,-7664
7925,▁Ter,-7665
7926,ambling,-7666
7927,▁Collection,-7667
7928,▁Short,-7668
7929,▁ending,-7669
7930,▁clubs,-7670
7931,▁ocean,-7671
7932,▁flo,-7672
7933,owa,-7673
7934,▁Age,-7674
7935,▁Hun,-7675
7936,ashes,-7676
7937,▁Eric,-7677
7938,▁Dallas,-7678
7939,▁delivering,-7679
7940,ulating,-7680
7941,▁Perhaps,-7681
7942,▁vintage,-7682
7943,proof,-7683
7944,▁indeed,-7684
7945,▁watched,-7685
7946,▁resident,-7686
7947,▁unus,-7687
7948,▁legend,-7688
7949,▁experiment,-7689
7950,▁enforcement,-7690
7951,▁Autom,-7691
7952,▁Cloud,-7692
7953,▁Products,-7693
7954,)||,-7694
7955,▁deposit,-7695
7956,regon,-7696
7957,▁Bru,-7697
7958,anchester,-7698
7959,▁batt,-7699
7960,▁opens,-7700
7961,▁closing,-7701
7962,Sp,-7702
7963,▁Sym,-7703
7964,▁Golf,-7704
7965,▁Atlanta,-7705
7966,▁Things,-7706
7967,▁baseball,-7707
7968,▁pill,-7708
7969,▁designers,-7709
7970,utional,-7710
7971,▁Guard,-7711
7972,pson,-7712
7973,▁Tony,-7713
7974,ockey,-7714
7975,makers,-7715
7976,iac,-7716
7977,▁aims,-7717
7978,▁acting,-7718
7979,▁protest,-7719
7980,ela,-7720
7981,▁Ven,-7721
7982,▁franch,-7722
7983,▁massage,-7723
7984,raid,-7724
7985,ulum,-7725
7986,▁trim,-7726
7987,▁spray,-7727
7988,▁scan,-7728
7989,scribe,-7729
7990,▁Jay,-7730
7991,▁Jason,-7731
7992,▁Return,-7732
7993,▁involves,-7733
7994,▁obtained,-7734
7995,▁Lar,-7735
7996,▁Based,-7736
7997,rovers,-7737
7998,▁Month,-7738
7999,pends,-7739
8000,▁illegal,-7740
8001,nda,-7741
8002,inding,-7742
8003,▁chopped,-7743
8004,▁falling,-7744
8005,osophy,-7745
8006,▁suffered,-7746
8007,▁Roman,-7747
8008,▁narrow,-7748
8009,▁Jam,-7749
8010,▁Everyone,-7750
8011,▁Books,-7751
8012,▁attrib,-7752
8013,rated,-7753
8014,▁Mother,-7754
8015,vas,-7755
8016,▁speaker,-7756
8017,▁shoulder,-7757
8018,bits,-7758
8019,abeth,-7759
8020,▁CON,-7760
8021,▁Rog,-7761
8022,▁Change,-7762
8023,onut,-7763
8024,▁guaranteed,-7764
8025,una,-7765
8026,▁Uk,-7766
8027,▁trips,-7767
8028,▁improvements,-7768
8029,▁Vice,-7769
8030,issions,-7770
8031,▁sensitive,-7771
8032,▁CP,-7772
8033,▁Marc,-7773
8034,▁intent,-7774
8035,▁increasingly,-7775
8036,▁Among,-7776
8037,▁aggress,-7777
8038,▁struggle,-7778
8039,Cont,-7779
8040,▁primarily,-7780
8041,▁Pur,-7781
8042,▁politics,-7782
8043,▁whenever,-7783
8044,avor,-7784
8045,▁Cub,-7785
8046,▁solo,-7786
8047,making,-7787
8048,▁reasonable,-7788
8049,▁Partners,-7789
8050,▁Bad,-7790
8051,▁Paper,-7791
8052,▁lin,-7792
8053,▁tired,-7793
8054,▁DO,-7794
8055,▁plot,-7795
8056,▁prize,-7796
8057,leep,-7797
8058,▁anymore,-7798
8059,▁channels,-7799
8060,▁Station,-7800
8061,▁crash,-7801
8062,▁scientists,-7802
8063,▁displayed,-7803
8064,▁everywhere,-7804
8065,▁Korea,-7805
8066,greg,-7806
8067,▁knock,-7807
8068,▁Limited,-7808
8069,▁analyst,-7809
8070,▁winners,-7810
8071,▁carrying,-7811
8072,▁Has,-7812
8073,▁Model,-7813
8074,▁recre,-7814
8075,▁elev,-7815
8076,nders,-7816
8077,▁highlights,-7817
8078,▁recyc,-7818
8079,andemic,-7819
8080,sylvania,-7820
8081,▁Transport,-7821
8082,▁statements,-7822
8083,wart,-7823
8084,▁Josh,-7824
8085,terior,-7825
8086,▁oppon,-7826
8087,▁dollar,-7827
8088,▁warranty,-7828
8089,▁Weight,-7829
8090,▁attending,-7830
8091,▁expenses,-7831
8092,ORE,-7832
8093,zzle,-7833
8094,▁slot,-7834
8095,▁filling,-7835
8096,▁maintaining,-7836
8097,acher,-7837
8098,ilty,-7838
8099,▁Roll,-7839
8100,▁talented,-7840
8101,▁mob,-7841
8102,▁Dead,-7842
8103,▁Must,-7843
8104,▁chips,-7844
8105,▁recip,-7845
8106,▁lifetime,-7846
8107,erate,-7847
8108,▁colleagues,-7848
8109,oned,-7849
8110,▁sail,-7850
8111,gent,-7851
8112,▁intense,-7852
8113,▁stronger,-7853
8114,▁Singapore,-7854
8115,▁electrical,-7855
8116,▁Stephen,-7856
8117,aza,-7857
8118,▁Interest,-7858
8119,▁Kansas,-7859
8120,▁returning,-7860
8121,▁shirt,-7861
8122,inent,-7862
8123,pection,-7863
8124,lder,-7864
8125,jection,-7865
8126,▁Tal,-7866
8127,▁DI,-7867
8128,▁unex,-7868
8129,▁Pakistan,-7869
8130,▁functional,-7870
8131,uma,-7871
8132,▁vo,-7872
8133,▁photographs,-7873
8134,▁Hi,-7874
8135,▁Columbia,-7875
8136,bow,-7876
8137,▁booking,-7877
8138,▁superior,-7878
8139,▁Kingdom,-7879
8140,▁lemon,-7880
8141,▁introduction,-7881
8142,TE,-7882
8143,swe,-7883
8144,iti,-7884
8145,teen,-7885
8146,▁tracking,-7886
8147,▁Lady,-7887
8148,▁displ,-7888
8149,▁Creek,-7889
8150,▁preparing,-7890
8151,▁Eag,-7891
8152,▁Dream,-7892
8153,▁authentic,-7893
8154,▁Magazine,-7894
8155,▁Steel,-7895
8156,▁gentle,-7896
8157,▁oz,-7897
8158,mates,-7898
8159,▁licensed,-7899
8160,from,-7900
8161,▁yield,-7901
8162,etch,-7902
8163,Press,-7903
8164,▁Barb,-7904
8165,▁acquis,-7905
8166,▁jewelry,-7906
8167,▁loose,-7907
8168,aka,-7908
8169,▁suspect,-7909
8170,▁correspond,-7910
8171,▁SM,-7911
8172,▁Philadelphia,-7912
8173,▁Spirit,-7913
8174,▁finger,-7914
8175,▁Capt,-7915
8176,▁behalf,-7916
8177,▁acceler,-7917
8178,▁potentially,-7918
8179,▁Pick,-7919
8180,▁tape,-7920
8181,▁sharp,-7921
8182,inally,-7922
8183,▁NEW,-7923
8184,▁Dave,-7924
8185,▁Greg,-7925
8186,▁lect,-7926
8187,haust,-7927
8188,▁rising,-7928
8189,▁bid,-7929
8190,▁newspaper,-7930
8191,uten,-7931
8192,arliam,-7932
8193,ronics,-7933
8194,▁Action,-7934
8195,oked,-7935
8196,giving,-7936
8197,▁computers,-7937
8198,▁assistant,-7938
8199,▁Front,-7939
8200,▁Total,-7940
8201,▁CL,-7941
8202,▁NC,-7942
8203,▁warning,-7943
8204,▁entering,-7944
8205,▁speakers,-7945
8206,▁principles,-7946
8207,▁puts,-7947
8208,▁iOS,-7948
8209,▁Grant,-7949
8210,▁Spain,-7950
8211,ression,-7951
8212,▁consumption,-7952
8213,fall,-7953
8214,▁factory,-7954
8215,▁satisfaction,-7955
8216,▁Britain,-7956
8217,▁opinions,-7957
8218,▁Image,-7958
8219,▁Mah,-7959
8220,▁heating,-7960
8221,▁retirement,-7961
8222,▁Tru,-7962
8223,▁Quick,-7963
8224,▁Website,-7964
8225,▁Creative,-7965
8226,▁findings,-7966
8227,▁Was,-7967
8228,tail,-7968
8229,▁smartphone,-7969
8230,▁Corporation,-7970
8231,▁strange,-7971
8232,su,-7972
8233,intend,-7973
8234,novation,-7974
8235,UM,-7975
8236,▁faced,-7976
8237,▁Jordan,-7977
8238,▁heading,-7978
8239,▁Resources,-7979
8240,▁weren,-7980
8241,▁gender,-7981
8242,▁podcast,-7982
8243,▁weapons,-7983
8244,▁managers,-7984
8245,athy,-7985
8246,oween,-7986
8247,▁array,-7987
8248,iley,-7988
8249,▁Rick,-7989
8250,▁lesson,-7990
8251,▁strict,-7991
8252,▁Lic,-7992
8253,cycle,-7993
8254,sters,-7994
8255,▁attach,-7995
8256,▁naturally,-7996
8257,.....,-7997
8258,▁Past,-7998
8259,▁honey,-7999
8260,▁trailer,-8000
8261,riers,-8001
8262,roke,-8002
8263,atics,-8003
8264,▁developer,-8004
8265,▁participating,-8005
8266,▁checking,-8006
8267,▁reduction,-8007
8268,▁till,-8008
8269,▁conflict,-8009
8270,▁EX,-8010
8271,▁expression,-8011
8272,icide,-8012
8273,▁instant,-8013
8274,inity,-8014
8275,▁controls,-8015
8276,▁temperatures,-8016
8277,▁Bush,-8017
8278,▁grateful,-8018
8279,▁signature,-8019
8280,pending,-8020
8281,▁;,-8021
8282,irus,-8022
8283,▁introduce,-8023
8284,▁drama,-8024
8285,▁exception,-8025
8286,▁Rs,-8026
8287,▁NAS,-8027
8288,jo,-8028
8289,▁ham,-8029
8290,▁damaged,-8030
8291,arliament,-8031
8292,ador,-8032
8293,▁rural,-8033
8294,▁stead,-8034
8295,limited,-8035
8296,▁creativity,-8036
8297,▁regardless,-8037
8298,▁involving,-8038
8299,▁Cry,-8039
8300,▁Friends,-8040
8301,▁gained,-8041
8302,▁string,-8042
8303,ilipp,-8043
8304,▁component,-8044
8305,▁lie,-8045
8306,▁olive,-8046
8307,▁Steven,-8047
8308,▁Oregon,-8048
8309,▁farmers,-8049
8310,▁Austin,-8050
8311,▁minimal,-8051
8312,▁Pennsylvania,-8052
8313,acular,-8053
8314,iously,-8054
8315,mers,-8055
8316,olit,-8056
8317,▁phr,-8057
8318,▁Eth,-8058
8319,▁visits,-8059
8320,▁Supreme,-8060
8321,▁elegant,-8061
8322,▁preferred,-8062
8323,that,-8063
8324,▁personality,-8064
8325,▁Manchester,-8065
8326,"’,",-8066
8327,▁Sug,-8067
8328,▁humans,-8068
8329,▁divor,-8069
8330,winning,-8070
8331,▁racing,-8071
8332,▁Sarah,-8072
8333,▁signing,-8073
8334,▁occurred,-8074
8335,pton,-8075
8336,found,-8076
8337,▁Winter,-8077
8338,htt,-8078
8339,shire,-8079
8340,lined,-8080
8341,▁ED,-8081
8342,▁Nut,-8082
8343,AV,-8083
8344,▁Bern,-8084
8345,▁Body,-8085
8346,▁compete,-8086
8347,▁referred,-8087
8348,▁invite,-8088
8349,▁compare,-8089
8350,▁stable,-8090
8351,▁diseases,-8091
8352,aine,-8092
8353,▁shipped,-8093
8354,▁coaching,-8094
8355,▁Deb,-8095
8356,▁limits,-8096
8357,▁stations,-8097
8358,umer,-8098
8359,▁sculpt,-8099
8360,▁Classic,-8100
8361,▁Eliz,-8101
8362,▁Fast,-8102
8363,▁Kelly,-8103
8364,▁tone,-8104
8365,▁wake,-8105
8366,▁passionate,-8106
8367,▁EN,-8107
8368,▁SE,-8108
8369,onic,-8109
8370,▁roads,-8110
8371,raction,-8111
8372,▁accuracy,-8112
8373,▁withd,-8113
8374,epend,-8114
8375,ydney,-8115
8376,▁Below,-8116
8377,▁association,-8117
8378,orous,-8118
8379,▁twist,-8119
8380,tics,-8120
8381,▁Henry,-8121
8382,▁drawn,-8122
8383,▁Mu,-8123
8384,▁setup,-8124
8385,▁focuses,-8125
8386,▁flying,-8126
8387,▁whilst,-8127
8388,▁Bry,-8128
8389,ventional,-8129
8390,▁je,-8130
8391,▁Forum,-8131
8392,▁crack,-8132
8393,awa,-8133
8394,▁Kind,-8134
8395,Man,-8135
8396,▁Without,-8136
8397,itled,-8137
8398,▁dough,-8138
8399,▁fraud,-8139
8400,▁usage,-8140
8401,hop,-8141
8402,▁CS,-8142
8403,▁plain,-8143
8404,▁Edition,-8144
8405,▁networking,-8145
8406,▁literally,-8146
8407,▁communicate,-8147
8408,▁emails,-8148
8409,▁nuclear,-8149
8410,▁loyal,-8150
8411,▁afraid,-8151
8412,▁Break,-8152
8413,▁Ap,-8153
8414,▁Trade,-8154
8415,▁PH,-8155
8416,▁workshops,-8156
8417,mble,-8157
8418,▁undert,-8158
8419,▁Father,-8159
8420,▁versat,-8160
8421,▁wondering,-8161
8422,▁beef,-8162
8423,▁Perfect,-8163
8424,▁signal,-8164
8425,▁Hay,-8165
8426,▁Impro,-8166
8427,▁Due,-8167
8428,▁Histor,-8168
8429,▁focusing,-8169
8430,▁producer,-8170
8431,▁somewhat,-8171
8432,brid,-8172
8433,iscons,-8173
8434,ali,-8174
8435,▁careful,-8175
8436,▁removal,-8176
8437,oir,-8177
8438,▁era,-8178
8439,▁wave,-8179
8440,▁controvers,-8180
8441,▁BM,-8181
8442,▁divid,-8182
8443,achelor,-8183
8444,isconsin,-8184
8445,▁conserv,-8185
8446,wr,-8186
8447,high,-8187
8448,▁hung,-8188
8449,roduction,-8189
8450,▁champion,-8190
8451,▁bact,-8191
8452,igs,-8192
8453,anguage,-8193
8454,▁regions,-8194
8455,▁param,-8195
8456,▁Modern,-8196
8457,▁screens,-8197
8458,ints,-8198
8459,▁convenience,-8199
8460,▁slee,-8200
8461,roit,-8201
8462,angers,-8202
8463,▁golden,-8203
8464,▁lady,-8204
8465,▁newsletter,-8205
8466,▁aircraft,-8206
8467,▁teaspoon,-8207
8468,▁flexibility,-8208
8469,etary,-8209
8470,▁Harry,-8210
8471,▁resort,-8211
8472,▁Ave,-8212
8473,▁clock,-8213
8474,▁samples,-8214
8475,▁visible,-8215
8476,▁PL,-8216
8477,▁writes,-8217
8478,▁graphic,-8218
8479,▁Village,-8219
8480,▁depends,-8220
8481,ho,-8221
8482,yes,-8222
8483,▁hyp,-8223
8484,▁vill,-8224
8485,▁panels,-8225
8486,▁amounts,-8226
8487,▁intelligence,-8227
8488,CO,-8228
8489,onder,-8229
8490,Up,-8230
8491,▁boards,-8231
8492,▁sod,-8232
8493,▁smoke,-8233
8494,▁flower,-8234
8495,▁Sale,-8235
8496,style,-8236
8497,▁Sem,-8237
8498,▁decent,-8238
8499,▁thinks,-8239
8500,elled,-8240
8501,pir,-8241
8502,▁seam,-8242
8503,including,-8243
8504,▁Assistant,-8244
8505,▁necessarily,-8245
8506,▁persons,-8246
8507,▁tradem,-8247
8508,EG,-8248
8509,TR,-8249
8510,▁contributions,-8250
8511,she,-8251
8512,▁escape,-8252
8513,▁accused,-8253
8514,▁texture,-8254
8515,▁zero,-8255
8516,▁Staff,-8256
8517,▁Arm,-8257
8518,▁scoring,-8258
8519,▁interviews,-8259
8520,▁participation,-8260
8521,▁Comb,-8261
8522,▁Install,-8262
8523,▁Matthew,-8263
8524,obody,-8264
8525,▁AB,-8265
8526,▁yoga,-8266
8527,ifting,-8267
8528,▁tweet,-8268
8529,▁personnel,-8269
8530,▁controlled,-8270
8531,▁ear,-8271
8532,▁raising,-8272
8533,▁insights,-8273
8534,▁cul,-8274
8535,▁Lyn,-8275
8536,athered,-8276
8537,▁pandemic,-8277
8538,▁anxiety,-8278
8539,▁struggling,-8279
8540,game,-8280
8541,▁fault,-8281
8542,▁exceed,-8282
8543,▁Mun,-8283
8544,▁Victoria,-8284
8545,▁Moo,-8285
8546,▁Excell,-8286
8547,▁arrival,-8287
8548,Te,-8288
8549,▁WW,-8289
8550,▁Hills,-8290
8551,▁brush,-8291
8552,▁Single,-8292
8553,▁Patrick,-8293
8554,edge,-8294
8555,▁chest,-8295
8556,ko,-8296
8557,▁flag,-8297
8558,▁lens,-8298
8559,▁Bridge,-8299
8560,▁cameras,-8300
8561,▁Grow,-8301
8562,▁bold,-8302
8563,▁vess,-8303
8564,PD,-8304
8565,▁voters,-8305
8566,rect,-8306
8567,▁vine,-8307
8568,▁Details,-8308
8569,▁tor,-8309
8570,▁semi,-8310
8571,▁yours,-8311
8572,▁comparison,-8312
8573,Do,-8313
8574,imp,-8314
8575,▁Process,-8315
8576,▁tied,-8316
8577,▁salad,-8317
8578,▁Regional,-8318
8579,▁engaging,-8319
8580,sea,-8320
8581,▁viewing,-8321
8582,▁definition,-8322
8583,oken,-8323
8584,▁remained,-8324
8585,▁synt,-8325
8586,ista,-8326
8587,▁Corn,-8327
8588,ensus,-8328
8589,▁clip,-8329
8590,▁isol,-8330
8591,▁harder,-8331
8592,▁promoting,-8332
8593,▁Bol,-8333
8594,▁Ever,-8334
8595,essee,-8335
8596,▁sees,-8336
8597,▁DJ,-8337
8598,▁checked,-8338
8599,▁wanting,-8339
8600,▁HERE,-8340
8601,▁Orange,-8341
8602,▁Scotland,-8342
8603,▁languages,-8343
8604,sole,-8344
8605,▁greatly,-8345
8606,step,-8346
8607,▁lip,-8347
8608,otive,-8348
8609,month,-8349
8610,▁Baby,-8350
8611,▁Protection,-8351
8612,▁Bes,-8352
8613,vironments,-8353
8614,oted,-8354
8615,riculum,-8355
8616,utter,-8356
8617,▁Ministry,-8357
8618,▁laptop,-8358
8619,HL,-8359
8620,▁subsequ,-8360
8621,▁deploy,-8361
8622,▁integration,-8362
8623,▁Iowa,-8363
8624,▁alarm,-8364
8625,▁Appro,-8365
8626,▁reaction,-8366
8627,ieties,-8367
8628,▁Advis,-8368
8629,▁!,-8369
8630,olec,-8370
8631,▁Explore,-8371
8632,▁Kitchen,-8372
8633,▁supplement,-8373
8634,date,-8374
8635,▁Flow,-8375
8636,▁Stone,-8376
8637,▁reveal,-8377
8638,▁struck,-8378
8639,▁scores,-8379
8640,▁BB,-8380
8641,lier,-8381
8642,▁Civil,-8382
8643,▁Prior,-8383
8644,▁elected,-8384
8645,▁subscription,-8385
8646,bourne,-8386
8647,▁minister,-8387
8648,'.,-8388
8649,▁instruction,-8389
8650,pool,-8390
8651,▁unknown,-8391
8652,▁applying,-8392
8653,▁lake,-8393
8654,▁NO,-8394
8655,▁phen,-8395
8656,▁gotten,-8396
8657,Me,-8397
8658,uminum,-8398
8659,▁opposite,-8399
8660,▁Bow,-8400
8661,▁structures,-8401
8662,ran,-8402
8663,▁Dim,-8403
8664,▁Attorney,-8404
8665,▁Published,-8405
8666,▁recon,-8406
8667,▁Muslim,-8407
8668,▁Pitt,-8408
8669,▁territ,-8409
8670,▁outcome,-8410
8671,▁Latin,-8411
8672,▁fundra,-8412
8673,RC,-8413
8674,▁generated,-8414
8675,▁electricity,-8415
8676,▁childhood,-8416
8677,aped,-8417
8678,ALL,-8418
8679,▁Sydney,-8419
8680,▁deeply,-8420
8681,▁framework,-8421
8682,dale,-8422
8683,▁drag,-8423
8684,▁dual,-8424
8685,▁rely,-8425
8686,▁plane,-8426
8687,nie,-8427
8688,sex,-8428
8689,iary,-8429
8690,iche,-8430
8691,quis,-8431
8692,▁holes,-8432
8693,▁orient,-8433
8694,▁durable,-8434
8695,coin,-8435
8696,▁admitted,-8436
8697,▁completion,-8437
8698,▁Sport,-8438
8699,▁stages,-8439
8700,▁Ten,-8440
8701,▁Sche,-8441
8702,▁consideration,-8442
8703,▁virus,-8443
8704,▁criteria,-8444
8705,screen,-8445
8706,▁everybody,-8446
8707,▁Wars,-8447
8708,▁screw,-8448
8709,▁Tel,-8449
8710,▁Halloween,-8450
8711,▁Wisconsin,-8451
8712,▁Gi,-8452
8713,▁Nav,-8453
8714,▁Holy,-8454
8715,tery,-8455
8716,ormal,-8456
8717,▁cam,-8457
8718,▁union,-8458
8719,▁granted,-8459
8720,▁CB,-8460
8721,▁Du,-8461
8722,nce,-8462
8723,▁defensive,-8463
8724,▁mic,-8464
8725,sized,-8465
8726,uters,-8466
8727,▁loud,-8467
8728,▁Bat,-8468
8729,▁Var,-8469
8730,▁Lewis,-8470
8731,▁Description,-8471
8732,oa,-8472
8733,▁requirement,-8473
8734,▁lies,-8474
8735,▁painted,-8475
8736,▁complicated,-8476
8737,▁Cra,-8477
8738,▁jail,-8478
8739,▁NS,-8479
8740,chers,-8480
8741,▁obst,-8481
8742,arring,-8482
8743,▁toile,-8483
8744,▁subjects,-8484
8745,▁blind,-8485
8746,ervations,-8486
8747,▁Ox,-8487
8748,▁myst,-8488
8749,▁sour,-8489
8750,▁Industry,-8490
8751,oof,-8491
8752,▁Core,-8492
8753,▁Saint,-8493
8754,▁Collect,-8494
8755,▁Donald,-8495
8756,▁releases,-8496
8757,ira,-8497
8758,uties,-8498
8759,apping,-8499
8760,▁kil,-8500
8761,▁cher,-8501
8762,▁tsp,-8502
8763,▁discip,-8503
8764,▁Comment,-8504
8765,▁sections,-8505
8766,liers,-8506
8767,▁matching,-8507
8768,▁offensive,-8508
8769,▁Poly,-8509
8770,▁bands,-8510
8771,▁uncom,-8511
8772,ruption,-8512
8773,▁exposed,-8513
8774,▁promotion,-8514
8775,EW,-8515
8776,▁commonly,-8516
8777,▁Additional,-8517
8778,PL,-8518
8779,▁Psych,-8519
8780,▁Everything,-8520
8781,▁tum,-8521
8782,▁Reading,-8522
8783,▁hitting,-8523
8784,▁CC,-8524
8785,▁singing,-8525
8786,aping,-8526
8787,▁sought,-8527
8788,▁revolution,-8528
8789,oen,-8529
8790,▁Elizabeth,-8530
8791,lude,-8531
8792,▁Youth,-8532
8793,▁Tro,-8533
8794,▁employers,-8534
8795,▁exploring,-8535
8796,▁hopefully,-8536
8797,▁infection,-8537
8798,▁entrance,-8538
8799,▁safely,-8539
8800,vals,-8540
8801,▁Money,-8541
8802,▁Univers,-8542
8803,▁contribution,-8543
8804,▁haz,-8544
8805,▁guilty,-8545
8806,graduate,-8546
8807,▁approaches,-8547
8808,war,-8548
8809,itution,-8549
8810,▁demands,-8550
8811,mun,-8551
8812,aret,-8552
8813,rets,-8553
8814,▁Him,-8554
8815,▁Tele,-8555
8816,▁hanging,-8556
8817,▁recruit,-8557
8818,▁suck,-8558
8819,ellect,-8559
8820,▁tissue,-8560
8821,ingham,-8561
8822,▁satisfied,-8562
8823,▁Ah,-8563
8824,erving,-8564
8825,▁asset,-8565
8826,enities,-8566
8827,▁pregnant,-8567
8828,▁trusted,-8568
8829,▁calm,-8569
8830,▁false,-8570
8831,▁mac,-8571
8832,▁Democratic,-8572
8833,▁sin,-8573
8834,▁Prim,-8574
8835,▁bass,-8575
8836,▁southern,-8576
8837,▁Op,-8577
8838,char,-8578
8839,▁mild,-8579
8840,▁IM,-8580
8841,▁Sony,-8581
8842,▁extraord,-8582
8843,▁BE,-8583
8844,▁Computer,-8584
8845,gor,-8585
8846,▁Exp,-8586
8847,▁Bud,-8587
8848,▁Jess,-8588
8849,▁romantic,-8589
8850,▁requested,-8590
8851,▁equival,-8591
8852,▁Comments,-8592
8853,▁representative,-8593
8854,▁Sir,-8594
8855,▁Simply,-8595
8856,▁tons,-8596
8857,▁Update,-8597
8858,▁ET,-8598
8859,▁Viet,-8599
8860,▁Bit,-8600
8861,aire,-8601
8862,▁Hawai,-8602
8863,▁environments,-8603
8864,xic,-8604
8865,otes,-8605
8866,▁Chapter,-8606
8867,▁borrow,-8607
8868,▁comedy,-8608
8869,▁stored,-8609
8870,▁evaluation,-8610
8871,▁tutorial,-8611
8872,piece,-8612
8873,oons,-8613
8874,etts,-8614
8875,▁Blu,-8615
8876,▁fiber,-8616
8877,▁stylish,-8617
8878,▁represented,-8618
8879,power,-8619
8880,▁Major,-8620
8881,▁indoor,-8621
8882,▁sexy,-8622
8883,▁blogs,-8623
8884,onymous,-8624
8885,▁diversity,-8625
8886,▁edit,-8626
8887,▁catalog,-8627
8888,▁Manufact,-8628
8889,▁wooden,-8629
8890,▁athletes,-8630
8891,▁frustr,-8631
8892,pense,-8632
8893,▁worn,-8633
8894,▁ladies,-8634
8895,▁exhaust,-8635
8896,▁TR,-8636
8897,▁mold,-8637
8898,▁Private,-8638
8899,▁Galaxy,-8639
8900,▁hub,-8640
8901,▁donation,-8641
8902,▁Bowl,-8642
8903,▁math,-8643
8904,▁pets,-8644
8905,▁strongly,-8645
8906,IGH,-8646
8907,ogen,-8647
8908,▁ALL,-8648
8909,▁Iss,-8649
8910,▁laid,-8650
8911,▁unusual,-8651
8912,▁directions,-8652
8913,▁errors,-8653
8914,elle,-8654
8915,eping,-8655
8916,▁Drag,-8656
8917,▁Large,-8657
8918,▁temporary,-8658
8919,▁Entertain,-8659
8920,▁cra,-8660
8921,ighth,-8661
8922,▁Sciences,-8662
8923,▁certificate,-8663
8924,hol,-8664
8925,week,-8665
8926,▁Performance,-8666
8927,▁cooked,-8667
8928,▁carpet,-8668
8929,▁nose,-8669
8930,▁Kong,-8670
8931,▁Editor,-8671
8932,▁waters,-8672
8933,▁COM,-8673
8934,orship,-8674
8935,▁newest,-8675
8936,▁initially,-8676
8937,edu,-8677
8938,world,-8678
8939,▁Round,-8679
8940,▁restrictions,-8680
8941,oln,-8681
8942,▁Features,-8682
8943,▁ranging,-8683
8944,Get,-8684
8945,▁Ly,-8685
8946,▁Ross,-8686
8947,▁Nation,-8687
8948,▁donations,-8688
8949,▁compensation,-8689
8950,She,-8690
8951,▁Five,-8691
8952,erning,-8692
8953,▁organisation,-8693
8954,▁sentence,-8694
8955,▁Currently,-8695
8956,▁studying,-8696
8957,▁unexpected,-8697
8958,▁tact,-8698
8959,▁Cooper,-8699
8960,▁surge,-8700
8961,▁Philipp,-8701
8962,▁functionality,-8702
8963,▁hearts,-8703
8964,▁Ont,-8704
8965,▁Self,-8705
8966,amental,-8706
8967,▁desktop,-8707
8968,▁overse,-8708
8969,▁diabetes,-8709
8970,inks,-8710
8971,▁reaching,-8711
8972,rog,-8712
8973,▁hes,-8713
8974,▁Barn,-8714
8975,▁Circ,-8715
8976,▁estimate,-8716
8977,▁Bath,-8717
8978,▁Allen,-8718
8979,▁Electric,-8719
8980,▁Cool,-8720
8981,▁sorry,-8721
8982,▁bub,-8722
8983,▁Early,-8723
8984,▁react,-8724
8985,▁maintained,-8725
8986,▁repairs,-8726
8987,▁addresses,-8727
8988,▁Restaur,-8728
8989,▁tablet,-8729
8990,▁Brother,-8730
8991,▁prime,-8731
8992,▁Tennessee,-8732
8993,Qu,-8733
8994,▁Fab,-8734
8995,▁reception,-8735
8996,▁responded,-8736
8997,overs,-8737
8998,charge,-8738
8999,▁finishing,-8739
9000,▁twenty,-8740
9001,▁peak,-8741
9002,▁residence,-8742
9003,▁literature,-8743
9004,▁chef,-8744
9005,▁Study,-8745
9006,▁ensures,-8746
9007,▁underst,-8747
9008,▁repeated,-8748
9009,▁Questions,-8749
9010,▁neighb,-8750
9011,▁employer,-8751
9012,gov,-8752
9013,▁rolling,-8753
9014,▁Ban,-8754
9015,▁Planning,-8755
9016,athon,-8756
9017,minute,-8757
9018,UST,-8758
9019,han,-8759
9020,▁Days,-8760
9021,▁Sex,-8761
9022,"%,",-8762
9023,▁Cancer,-8763
9024,▁therap,-8764
9025,ogy,-8765
9026,heim,-8766
9027,▁Property,-8767
9028,izon,-8768
9029,▁coal,-8769
9030,▁Complete,-8770
9031,▁arr,-8771
9032,▁strengthen,-8772
9033,Every,-8773
9034,▁Linux,-8774
9035,▁Michel,-8775
9036,isdom,-8776
9037,swered,-8777
9038,▁Detroit,-8778
9039,▁largely,-8779
9040,▁Six,-8780
9041,▁stamp,-8781
9042,▁III,-8782
9043,▁Send,-8783
9044,ificial,-8784
9045,▁Finance,-8785
9046,▁contracts,-8786
9047,▁Hur,-8787
9048,▁Buff,-8788
9049,▁falls,-8789
9050,▁export,-8790
9051,American,-8791
9052,▁McG,-8792
9053,▁Greek,-8793
9054,▁initiatives,-8794
9055,▁collections,-8795
9056,Ne,-8796
9057,▁’,-8797
9058,iders,-8798
9059,▁Reviews,-8799
9060,▁expanded,-8800
9061,▁targeted,-8801
9062,oz,-8802
9063,▁Clark,-8803
9064,▁surve,-8804
9065,▁contained,-8805
9066,▁beans,-8806
9067,▁hiring,-8807
9068,▁outcomes,-8808
9069,▁franchise,-8809
9070,▁discussions,-8810
9071,urious,-8811
9072,▁delivers,-8812
9073,inyl,-8813
9074,▁Channel,-8814
9075,ervice,-8815
9076,▁experim,-8816
9077,aver,-8817
9078,inth,-8818
9079,▁stayed,-8819
9080,▁HP,-8820
9081,▁diamond,-8821
9082,▁acquired,-8822
9083,▁inventory,-8823
9084,▁Environmental,-8824
9085,▁container,-8825
9086,▁containing,-8826
9087,aug,-8827
9088,▁rapidly,-8828
9089,▁Championship,-8829
9090,▁personalized,-8830
9091,pay,-8831
9092,▁formula,-8832
9093,▁attitude,-8833
9094,▁investments,-8834
9095,lah,-8835
9096,bound,-8836
9097,looking,-8837
9098,▁Employ,-8838
9099,▁Method,-8839
9100,▁Inv,-8840
9101,▁Less,-8841
9102,▁Server,-8842
9103,▁concepts,-8843
9104,▁Mini,-8844
9105,▁Exchange,-8845
9106,▁Style,-8846
9107,▁copies,-8847
9108,▁correctly,-8848
9109,▁Coach,-8849
9110,▁deeper,-8850
9111,▁Independ,-8851
9112,▁transaction,-8852
9113,▁Tam,-8853
9114,▁Such,-8854
9115,▁pregnancy,-8855
9116,▁transactions,-8856
9117,rer,-8857
9118,▁possess,-8858
9119,▁gap,-8859
9120,grade,-8860
9121,IVE,-8861
9122,▁FR,-8862
9123,icket,-8863
9124,▁aimed,-8864
9125,▁hip,-8865
9126,▁cats,-8866
9127,core,-8867
9128,▁Corp,-8868
9129,▁Section,-8869
9130,ockets,-8870
9131,▁Mail,-8871
9132,▁voc,-8872
9133,▁killing,-8873
9134,SC,-8874
9135,▁boot,-8875
9136,▁Events,-8876
9137,igious,-8877
9138,Hz,-8878
9139,laim,-8879
9140,▁breaks,-8880
9141,▁makeup,-8881
9142,▁ranked,-8882
9143,▁Content,-8883
9144,ounge,-8884
9145,▁Exam,-8885
9146,▁Valent,-8886
9147,▁Indiana,-8887
9148,!!!!,-8888
9149,bered,-8889
9150,▁Moon,-8890
9151,▁actress,-8891
9152,ART,-8892
9153,▁outs,-8893
9154,▁globe,-8894
9155,achus,-8895
9156,▁Trail,-8896
9157,▁distributed,-8897
9158,agen,-8898
9159,via,-8899
9160,▁Harris,-8900
9161,▁nutrition,-8901
9162,▁Application,-8902
9163,UD,-8903
9164,▁drain,-8904
9165,engers,-8905
9166,▁codes,-8906
9167,▁convert,-8907
9168,ouver,-8908
9169,▁wise,-8909
9170,▁squad,-8910
9171,othe,-8911
9172,▁keys,-8912
9173,icking,-8913
9174,▁excite,-8914
9175,QL,-8915
9176,words,-8916
9177,▁Prep,-8917
9178,▁admit,-8918
9179,▁Ath,-8919
9180,▁Parent,-8920
9181,▁couples,-8921
9182,▁sne,-8922
9183,ceeds,-8923
9184,▁Anton,-8924
9185,▁Inn,-8925
9186,▁Mayor,-8926
9187,▁Title,-8927
9188,MC,-8928
9189,Free,-8929
9190,▁certification,-8930
9191,▁Rh,-8931
9192,incoln,-8932
9193,▁reject,-8933
9194,▁workplace,-8934
9195,claim,-8935
9196,▁segment,-8936
9197,▁mistake,-8937
9198,▁deadline,-8938
9199,iscal,-8939
9200,viously,-8940
9201,▁indicate,-8941
9202,raine,-8942
9203,df,-8943
9204,▁fabulous,-8944
9205,ige,-8945
9206,▁ft,-8946
9207,▁votes,-8947
9208,mate,-8948
9209,covery,-8949
9210,▁Veter,-8950
9211,▁SEO,-8951
9212,▁Shel,-8952
9213,▁nursing,-8953
9214,▁Advanced,-8954
9215,door,-8955
9216,▁swing,-8956
9217,▁buff,-8957
9218,▁hosts,-8958
9219,▁Overall,-8959
9220,▁neither,-8960
9221,▁powered,-8961
9222,▁demonstrate,-8962
9223,▁Entertainment,-8963
9224,▁Iron,-8964
9225,▁recru,-8965
9226,▁editing,-8966
9227,▁engines,-8967
9228,wall,-8968
9229,▁BBC,-8969
9230,▁weird,-8970
9231,▁worried,-8971
9232,▁Dur,-8972
9233,▁photographer,-8973
9234,opher,-8974
9235,dy,-8975
9236,itis,-8976
9237,otte,-8977
9238,▁Alp,-8978
9239,▁Final,-8979
9240,▁Ocean,-8980
9241,▁Remove,-8981
9242,▁prayer,-8982
9243,ffective,-8983
9244,orses,-8984
9245,▁assume,-8985
9246,▁explan,-8986
9247,▁SO,-8987
9248,▁onion,-8988
9249,irk,-8989
9250,▁Laur,-8990
9251,▁sear,-8991
9252,▁Double,-8992
9253,ouses,-8993
9254,▁tube,-8994
9255,▁homeown,-8995
9256,▁emerging,-8996
9257,▁conscious,-8997
9258,▁ownership,-8998
9259,airy,-8999
9260,▁checks,-9000
9261,▁studied,-9001
9262,▁championship,-9002
9263,▁Kar,-9003
9264,▁playoff,-9004
9265,▁prohib,-9005
9266,gi,-9006
9267,iffe,-9007
9268,onda,-9008
9269,▁Laure,-9009
9270,▁Albert,-9010
9271,▁inspect,-9011
9272,▁stability,-9012
9273,▁compliment,-9013
9274,▁Fresh,-9014
9275,▁finest,-9015
9276,▁letting,-9016
9277,▁appointed,-9017
9278,▁Release,-9018
9279,▁institution,-9019
9280,▁floors,-9020
9281,▁sevent,-9021
9282,▁displays,-9022
9283,Last,-9023
9284,rat,-9024
9285,orneys,-9025
9286,▁pilot,-9026
9287,▁dess,-9027
9288,▁weigh,-9028
9289,▁Tickets,-9029
9290,▁Ren,-9030
9291,▁Snow,-9031
9292,▁laser,-9032
9293,▁Celebr,-9033
9294,eb,-9034
9295,▁insert,-9035
9296,▁Challenge,-9036
9297,itate,-9037
9298,agers,-9038
9299,undry,-9039
9300,aga,-9040
9301,gree,-9041
9302,▁Trad,-9042
9303,▁Compet,-9043
9304,▁themes,-9044
9305,▁religion,-9045
9306,▁accommodation,-9046
9307,anted,-9047
9308,▁bone,-9048
9309,▁neut,-9049
9310,tes,-9050
9311,▁Gift,-9051
9312,▁automatic,-9052
9313,fa,-9053
9314,▁Brew,-9054
9315,▁Az,-9055
9316,▁rib,-9056
9317,▁Wine,-9057
9318,▁toys,-9058
9319,▁stood,-9059
9320,criptions,-9060
9321,AF,-9061
9322,▁Heat,-9062
9323,ancouver,-9063
9324,fish,-9064
9325,▁Host,-9065
9326,▁sophist,-9066
9327,▁ru,-9067
9328,▁babies,-9068
9329,▁layers,-9069
9330,▁Agr,-9070
9331,▁comprom,-9071
9332,Post,-9072
9333,▁NBA,-9073
9334,▁suffer,-9074
9335,achusetts,-9075
9336,▁Delivery,-9076
9337,▁brew,-9077
9338,▁experiencing,-9078
9339,▁voted,-9079
9340,▁Polit,-9080
9341,▁Prince,-9081
9342,▁File,-9082
9343,▁Glass,-9083
9344,▁grace,-9084
9345,▁portra,-9085
9346,▁Les,-9086
9347,ji,-9087
9348,▁Alab,-9088
9349,▁alt,-9089
9350,▁Hart,-9090
9351,▁fewer,-9091
9352,▁drives,-9092
9353,▁resume,-9093
9354,▁inspire,-9094
9355,▁tours,-9095
9356,▁representatives,-9096
9357,▁outfit,-9097
9358,▁Hom,-9098
9359,▁leaf,-9099
9360,▁Sweet,-9100
9361,From,-9101
9362,▁Benef,-9102
9363,Ab,-9103
9364,▁cow,-9104
9365,▁aest,-9105
9366,▁Clinton,-9106
9367,▁Schools,-9107
9368,▁Burn,-9108
9369,itches,-9109
9370,▁encounter,-9110
9371,▁ske,-9111
9372,▁streaming,-9112
9373,▁telephone,-9113
9374,▁workout,-9114
9375,▁layout,-9115
9376,▁cancell,-9116
9377,olen,-9117
9378,▁Hu,-9118
9379,eman,-9119
9380,▁Side,-9120
9381,▁sixth,-9121
9382,▁emotions,-9122
9383,▁democr,-9123
9384,▁wrap,-9124
9385,▁shapes,-9125
9386,▁Years,-9126
9387,▁Text,-9127
9388,▁Article,-9128
9389,▁operated,-9129
9390,▁evil,-9130
9391,▁Along,-9131
9392,ii,-9132
9393,▁gate,-9133
9394,encing,-9134
9395,▁URL,-9135
9396,▁Marsh,-9136
9397,▁Olympic,-9137
9398,py,-9138
9399,▁mask,-9139
9400,▁Moore,-9140
9401,unate,-9141
9402,▁Afghan,-9142
9403,▁explos,-9143
9404,utor,-9144
9405,▁argument,-9145
9406,▁Represent,-9146
9407,▁accounting,-9147
9408,▁pip,-9148
9409,▁walks,-9149
9410,▁lawyers,-9150
9411,▁shed,-9151
9412,▁pizza,-9152
9413,▁mountains,-9153
9414,oli,-9154
9415,▁Jane,-9155
9416,▁artwork,-9156
9417,▁Bring,-9157
9418,▁Girls,-9158
9419,▁parks,-9159
9420,▁sufficient,-9160
9421,▁Hong,-9161
9422,▁tackle,-9162
9423,View,-9163
9424,▁muscles,-9164
9425,▁statistics,-9165
9426,▁refrig,-9166
9427,ais,-9167
9428,rape,-9168
9429,▁Anthony,-9169
9430,▁combat,-9170
9431,▁hunt,-9171
9432,▁captured,-9172
9433,▁Republicans,-9173
9434,▁Beh,-9174
9435,▁Cow,-9175
9436,▁Morgan,-9176
9437,▁locally,-9177
9438,▁veteran,-9178
9439,ortion,-9179
9440,▁occurs,-9180
9441,▁viewed,-9181
9442,inar,-9182
9443,fire,-9183
9444,▁alter,-9184
9445,▁Maryland,-9185
9446,▁lowest,-9186
9447,▁enhanced,-9187
9448,▁philosophy,-9188
9449,osit,-9189
9450,▁resid,-9190
9451,▁Ult,-9191
9452,▁entrepreneurs,-9192
9453,▁characteristics,-9193
9454,▁Speed,-9194
9455,town,-9195
9456,▁Unt,-9196
9457,▁por,-9197
9458,▁purchases,-9198
9459,aya,-9199
9460,▁Pers,-9200
9461,▁rubber,-9201
9462,▁bomb,-9202
9463,▁Judge,-9203
9464,▁roots,-9204
9465,▁subsid,-9205
9466,▁Premier,-9206
9467,▁Communications,-9207
9468,OG,-9208
9469,▁advantages,-9209
9470,▁Construction,-9210
9471,home,-9211
9472,▁secondary,-9212
9473,▁appreciated,-9213
9474,▁god,-9214
9475,▁coaches,-9215
9476,▁equally,-9216
9477,▁Anderson,-9217
9478,▁Bloom,-9218
9479,▁branch,-9219
9480,▁pursue,-9220
9481,ds,-9221
9482,▁Near,-9222
9483,▁maps,-9223
9484,▁unif,-9224
9485,▁universities,-9225
9486,▁Tell,-9226
9487,▁aged,-9227
9488,▁vendors,-9228
9489,ceived,-9229
9490,assion,-9230
9491,olly,-9231
9492,▁login,-9232
9493,▁Democrats,-9233
9494,▁respective,-9234
9495,Wor,-9235
9496,pany,-9236
9497,▁belt,-9237
9498,▁Aqu,-9238
9499,▁spir,-9239
9500,▁Register,-9240
9501,▁earnings,-9241
9502,uana,-9242
9503,▁junior,-9243
9504,▁spectacular,-9244
9505,▁cancel,-9245
9506,▁skilled,-9246
9507,▁Football,-9247
9508,pack,-9248
9509,▁Craft,-9249
9510,inking,-9250
9511,▁therm,-9251
9512,▁iconic,-9252
9513,▁retailers,-9253
9514,▁respectively,-9254
9515,▁Course,-9255
9516,▁hide,-9256
9517,▁Always,-9257
9518,▁adopted,-9258
9519,▁utility,-9259
9520,▁brothers,-9260
9521,stract,-9261
9522,▁Simon,-9262
9523,▁equivalent,-9263
9524,cor,-9264
9525,▁Nig,-9265
9526,▁answered,-9266
9527,▁exercises,-9267
9528,▁auction,-9268
9529,▁deserve,-9269
9530,▁flights,-9270
9531,vo,-9271
9532,dri,-9272
9533,▁implemented,-9273
9534,apolis,-9274
9535,▁Birth,-9275
9536,amon,-9276
9537,semble,-9277
9538,▁entitled,-9278
9539,▁shortly,-9279
9540,▁complement,-9280
9541,ILL,-9281
9542,ima,-9282
9543,▁tender,-9283
9544,▁survive,-9284
9545,▁expanding,-9285
9546,ova,-9286
9547,eters,-9287
9548,▁passes,-9288
9549,▁wound,-9289
9550,▁balls,-9290
9551,▁reply,-9291
9552,▁overnight,-9292
9553,▁productivity,-9293
9554,▁spokesman,-9294
9555,▁Nature,-9295
9556,▁consistently,-9296
9557,▁ink,-9297
9558,▁Utah,-9298
9559,mart,-9299
9560,▁offense,-9300
9561,▁beneficial,-9301
9562,terest,-9302
9563,▁Machine,-9303
9564,▁Job,-9304
9565,▁align,-9305
9566,▁credits,-9306
9567,▁Os,-9307
9568,▁Records,-9308
9569,▁chairman,-9309
9570,▁Gre,-9310
9571,▁importantly,-9311
9572,sis,-9312
9573,▁UC,-9313
9574,angle,-9314
9575,▁oral,-9315
9576,▁Sab,-9316
9577,▁pointed,-9317
9578,▁moisture,-9318
9579,▁graduated,-9319
9580,▁Advent,-9320
9581,▁servers,-9321
9582,▁excellence,-9322
9583,mo,-9323
9584,ogs,-9324
9585,cut,-9325
9586,▁Sure,-9326
9587,lahoma,-9327
9588,▁lasting,-9328
9589,▁contributed,-9329
9590,▁instantly,-9330
9591,▁intention,-9331
9592,▁Ak,-9332
9593,▁fib,-9333
9594,▁Sant,-9334
9595,▁Pear,-9335
9596,▁empower,-9336
9597,▁objective,-9337
9598,oding,-9338
9599,iatric,-9339
9600,▁suite,-9340
9601,▁soccer,-9341
9602,▁describes,-9342
9603,▁depression,-9343
9604,olds,-9344
9605,walk,-9345
9606,▁investing,-9346
9607,▁voting,-9347
9608,▁gathering,-9348
9609,addy,-9349
9610,▁retired,-9350
9611,▁organisations,-9351
9612,itzer,-9352
9613,▁Phill,-9353
9614,▁Massachusetts,-9354
9615,▁delighted,-9355
9616,rep,-9356
9617,▁stainless,-9357
9618,ITY,-9358
9619,▁vert,-9359
9620,▁strip,-9360
9621,▁Integr,-9361
9622,▁suddenly,-9362
9623,abil,-9363
9624,▁Mind,-9364
9625,▁scar,-9365
9626,▁gathered,-9366
9627,ugs,-9367
9628,More,-9368
9629,▁Imp,-9369
9630,▁Jean,-9370
9631,▁impressed,-9371
9632,▁inspection,-9372
9633,Ind,-9373
9634,oper,-9374
9635,▁western,-9375
9636,Des,-9376
9637,cery,-9377
9638,▁Beck,-9378
9639,▁Vancouver,-9379
9640,▁Ice,-9380
9641,▁aband,-9381
9642,▁medication,-9382
9643,KE,-9383
9644,BM,-9384
9645,Pr,-9385
9646,▁Andy,-9386
9647,▁generations,-9387
9648,▁reportedly,-9388
9649,cr,-9389
9650,umni,-9390
9651,▁Lincoln,-9391
9652,▁elections,-9392
9653,▁Index,-9393
9654,▁Altern,-9394
9655,▁mature,-9395
9656,▁Ontario,-9396
9657,▁producers,-9397
9658,▁applicable,-9398
9659,▁SD,-9399
9660,▁perm,-9400
9661,through,-9401
9662,▁wheels,-9402
9663,▁vibrant,-9403
9664,▁shr,-9404
9665,amics,-9405
9666,▁Anyone,-9406
9667,▁privile,-9407
9668,▁celebrating,-9408
9669,▁Song,-9409
9670,▁smoking,-9410
9671,▁thousand,-9411
9672,▁abilities,-9412
9673,dep,-9413
9674,inet,-9414
9675,▁Bird,-9415
9676,▁celebrated,-9416
9677,"',",-9417
9678,mont,-9418
9679,▁stom,-9419
9680,▁Denver,-9420
9681,▁disaster,-9421
9682,▁Lane,-9422
9683,▁Wire,-9423
9684,▁Malays,-9424
9685,▁ministry,-9425
9686,▁Gas,-9426
9687,▁fundamental,-9427
9688,▁possibilities,-9428
9689,oust,-9429
9690,this,-9430
9691,▁Ast,-9431
9692,▁handy,-9432
9693,▁patch,-9433
9694,itty,-9434
9695,aware,-9435
9696,▁dancing,-9436
9697,▁Roy,-9437
9698,May,-9438
9699,agan,-9439
9700,▁bol,-9440
9701,▁advertise,-9441
9702,quarters,-9442
9703,▁sponsored,-9443
9704,▁developments,-9444
9705,▁Chem,-9445
9706,▁attempts,-9446
9707,▁extent,-9447
9708,▁Relations,-9448
9709,▁crown,-9449
9710,BO,-9450
9711,▁bull,-9451
9712,▁Wales,-9452
9713,▁Address,-9453
9714,▁chemicals,-9454
9715,▁supporters,-9455
9716,▁stocks,-9456
9717,▁Atlantic,-9457
9718,▁customized,-9458
9719,▁backup,-9459
9720,▁dramatic,-9460
9721,▁reviewed,-9461
9722,amel,-9462
9723,▁pour,-9463
9724,▁Stadium,-9464
9725,▁heavily,-9465
9726,▁extraordinary,-9466
9727,ouri,-9467
9728,▁Alabama,-9468
9729,▁Future,-9469
9730,▁picking,-9470
9731,▁DNA,-9471
9732,▁soup,-9472
9733,▁semin,-9473
9734,▁relative,-9474
9735,▁Justin,-9475
9736,▁Tips,-9476
9737,▁excitement,-9477
9738,▁prints,-9478
9739,▁cha,-9479
9740,uition,-9480
9741,▁ratio,-9481
9742,▁theater,-9482
9743,▁campaigns,-9483
9744,ami,-9484
9745,apes,-9485
9746,▁robust,-9486
9747,TP,-9487
9748,▁bell,-9488
9749,▁banking,-9489
9750,▁Governor,-9490
9751,▁rescue,-9491
9752,▁interaction,-9492
9753,▁BC,-9493
9754,olar,-9494
9755,▁Rain,-9495
9756,▁Several,-9496
9757,▁vanilla,-9497
9758,▁northern,-9498
9759,build,-9499
9760,▁template,-9500
9761,▁operational,-9501
9762,▁bug,-9502
9763,▁engineers,-9503
9764,▁integrity,-9504
9765,aux,-9505
9766,||$,-9506
9767,▁Tai,-9507
9768,▁knee,-9508
9769,ustration,-9509
9770,▁consequences,-9510
9771,bie,-9511
9772,zed,-9512
9773,▁hun,-9513
9774,▁Cart,-9514
9775,ousing,-9515
9776,▁periods,-9516
9777,▁modified,-9517
9778,ahoo,-9518
9779,▁greet,-9519
9780,ibraries,-9520
9781,▁harvest,-9521
9782,▁tent,-9522
9783,email,-9523
9784,▁races,-9524
9785,▁Affairs,-9525
9786,▁mistakes,-9526
9787,▁Rap,-9527
9788,▁okay,-9528
9789,▁minds,-9529
9790,▁beautifully,-9530
9791,▁indu,-9531
9792,▁Kentucky,-9532
9793,▁WordPress,-9533
9794,▁processed,-9534
9795,▁Coc,-9535
9796,▁dies,-9536
9797,▁circle,-9537
9798,▁fruits,-9538
9799,▁refres,-9539
9800,erk,-9540
9801,▁pul,-9541
9802,▁Dance,-9542
9803,▁cater,-9543
9804,▁hydro,-9544
9805,▁subscribe,-9545
9806,abling,-9546
9807,▁compact,-9547
9808,▁intellect,-9548
9809,▁accommodate,-9549
9810,▁AI,-9550
9811,▁Nat,-9551
9812,▁gre,-9552
9813,▁sacr,-9553
9814,▁Dress,-9554
9815,▁Vit,-9555
9816,iameter,-9556
9817,rot,-9557
9818,▁alike,-9558
9819,▁equity,-9559
9820,▁acquisition,-9560
9821,AG,-9561
9822,▁flaw,-9562
9823,ACK,-9563
9824,▁Salt,-9564
9825,▁amongst,-9565
9826,enter,-9566
9827,▁Cash,-9567
9828,▁beds,-9568
9829,▁alert,-9569
9830,▁comic,-9570
9831,▁generous,-9571
9832,▁quotes,-9572
9833,▁fiction,-9573
9834,▁publishing,-9574
9835,hyth,-9575
9836,These,-9576
9837,▁meters,-9577
9838,▁assigned,-9578
9839,aha,-9579
9840,▁Bab,-9580
9841,▁crypt,-9581
9842,▁scope,-9582
9843,▁fingers,-9583
9844,▁Bh,-9584
9845,store,-9585
9846,▁Thus,-9586
9847,▁remem,-9587
9848,▁buttons,-9588
9849,▁decline,-9589
9850,▁hunting,-9590
9851,▁abroad,-9591
9852,▁Highway,-9592
9853,▁hospitals,-9593
9854,ECT,-9594
9855,tical,-9595
9856,▁Bron,-9596
9857,▁discounts,-9597
9858,Col,-9598
9859,gorith,-9599
9860,▁Turkey,-9600
9861,▁continu,-9601
9862,Res,-9602
9863,▁prev,-9603
9864,▁venture,-9604
9865,attan,-9605
9866,▁chip,-9606
9867,Welcome,-9607
9868,▁ceiling,-9608
9869,▁curriculum,-9609
9870,▁documentation,-9610
9871,Not,-9611
9872,▁pushed,-9612
9873,UC,-9613
9874,▁phenomen,-9614
9875,▁Dor,-9615
9876,▁hal,-9616
9877,▁moon,-9617
9878,▁chronic,-9618
9879,▁withdraw,-9619
9880,▁evolution,-9620
9881,▁Budd,-9621
9882,itters,-9622
9883,▁Legal,-9623
9884,▁straw,-9624
9885,▁suppliers,-9625
9886,▁Tree,-9626
9887,▁heritage,-9627
9888,cho,-9628
9889,era,-9629
9890,▁Fat,-9630
9891,▁Mand,-9631
9892,After,-9632
9893,▁duties,-9633
9894,▁compatible,-9634
9895,upid,-9635
9896,▁fired,-9636
9897,▁Bureau,-9637
9898,▁Getting,-9638
9899,▁viewers,-9639
9900,▁Chairman,-9640
9901,▁aer,-9641
9902,▁hyper,-9642
9903,▁losses,-9643
9904,▁concerning,-9644
9905,ussion,-9645
9906,▁contents,-9646
9907,▁happiness,-9647
9908,▁adequ,-9648
9909,▁gonna,-9649
9910,▁principal,-9650
9911,▁Lat,-9651
9912,owned,-9652
9913,▁compan,-9653
9914,▁transmission,-9654
9915,DP,-9655
9916,mouth,-9656
9917,▁representing,-9657
9918,oto,-9658
9919,▁DE,-9659
9920,▁Categ,-9660
9921,urities,-9661
9922,▁courts,-9662
9923,▁Portland,-9663
9924,▁inquir,-9664
9925,▁Springs,-9665
9926,▁Lu,-9666
9927,berries,-9667
9928,▁targets,-9668
9929,inst,-9669
9930,▁clim,-9670
9931,▁nail,-9671
9932,▁sheets,-9672
9933,▁dispos,-9673
9934,▁repeat,-9674
9935,▁amenities,-9675
9936,▁meaningful,-9676
9937,▁Fle,-9677
9938,▁Cher,-9678
9939,▁Lam,-9679
9940,ellite,-9680
9941,▁coconut,-9681
9942,▁proved,-9682
9943,VER,-9683
9944,ridge,-9684
9945,iology,-9685
9946,IST,-9686
9947,▁habits,-9687
9948,▁Andre,-9688
9949,▁wider,-9689
9950,uild,-9690
9951,▁Safe,-9691
9952,▁indicated,-9692
9953,▁surrounded,-9693
9954,▁protecting,-9694
9955,cling,-9695
9956,▁recall,-9696
9957,▁somehow,-9697
9958,eland,-9698
9959,gener,-9699
9960,▁Chel,-9700
9961,▁reserve,-9701
9962,▁Subscribe,-9702
9963,FF,-9703
9964,▁Rail,-9704
9965,▁potatoes,-9705
9966,wa,-9706
9967,",'",-9707
9968,▁Rout,-9708
9969,▁produces,-9709
9970,▁impression,-9710
9971,?),-9711
9972,essed,-9712
9973,▁User,-9713
9974,▁latter,-9714
9975,▁followers,-9715
9976,▁asks,-9716
9977,▁divorce,-9717
9978,▁regulatory,-9718
9979,▁presidential,-9719
9980,gets,-9720
9981,▁Gun,-9721
9982,incess,-9722
9983,▁mirror,-9723
9984,▁exterior,-9724
9985,▁relaxing,-9725
9986,▁instruments,-9726
9987,oenix,-9727
9988,▁buyer,-9728
9989,▁processor,-9729
9990,▁gambling,-9730
9991,inkle,-9731
9992,lects,-9732
9993,produ,-9733
9994,▁Navy,-9734
9995,▁Results,-9735
9996,▁sleeping,-9736
9997,nut,-9737
9998,iour,-9738
9999,overty,-9739
10000,▁Easter,-9740
10001,▁overcome,-9741
10002,tech,-9742
10003,▁showc,-9743
10004,▁dismiss,-9744
10005,▁existence,-9745
10006,idal,-9746
10007,▁conversations,-9747
10008,ulator,-9748
10009,▁spell,-9749
10010,▁pushing,-9750
10011,▁wildlife,-9751
10012,▁completing,-9752
10013,ibl,-9753
10014,▁Unit,-9754
10015,▁folder,-9755
10016,▁flavors,-9756
10017,opping,-9757
10018,ICE,-9758
10019,orms,-9759
10020,▁padd,-9760
10021,▁Photos,-9761
10022,▁protocol,-9762
10023,osa,-9763
10024,omed,-9764
10025,▁acres,-9765
10026,▁frozen,-9766
10027,▁designing,-9767
10028,▁discovery,-9768
10029,▁continuous,-9769
10030,ropical,-9770
10031,▁Defense,-9771
10032,▁actively,-9772
10033,▁rated,-9773
10034,▁Doctor,-9774
10035,▁penalty,-9775
10036,▁Sac,-9776
10037,▁slide,-9777
10038,▁accompan,-9778
10039,▁thoroughly,-9779
10040,mann,-9780
10041,▁gal,-9781
10042,▁Oklahoma,-9782
10043,▁virtually,-9783
10044,▁Simple,-9784
10045,▁complaint,-9785
10046,http,-9786
10047,atching,-9787
10048,▁physician,-9788
10049,prof,-9789
10050,▁Mort,-9790
10051,▁diagnosis,-9791
10052,▁Cell,-9792
10053,▁detect,-9793
10054,▁artistic,-9794
10055,ASE,-9795
10056,▁entries,-9796
10057,owed,-9797
10058,▁Brooklyn,-9798
10059,rix,-9799
10060,▁deaths,-9800
10061,▁restore,-9801
10062,▁exclusively,-9802
10063,Co,-9803
10064,Us,-9804
10065,▁Na,-9805
10066,▁Better,-9806
10067,ims,-9807
10068,▁WE,-9808
10069,▁adj,-9809
10070,▁Making,-9810
10071,▁resulted,-9811
10072,▁prevention,-9812
10073,iere,-9813
10074,▁Gall,-9814
10075,▁cust,-9815
10076,▁lawn,-9816
10077,▁salary,-9817
10078,▁Economic,-9818
10079,▁Authority,-9819
10080,Or,-9820
10081,Pe,-9821
10082,▁Fashion,-9822
10083,ijuana,-9823
10084,▁legacy,-9824
10085,▁Updated,-9825
10086,▁Heritage,-9826
10087,▁eliminate,-9827
10088,▁lightweight,-9828
10089,ANT,-9829
10090,▁Move,-9830
10091,▁caps,-9831
10092,▁vulnerable,-9832
10093,▁Tan,-9833
10094,▁sectors,-9834
10095,▁opposition,-9835
10096,pot,-9836
10097,▁bottles,-9837
10098,▁Melbourne,-9838
10099,▁financing,-9839
10100,▁snap,-9840
10101,▁preview,-9841
10102,▁tremend,-9842
10103,break,-9843
10104,iating,-9844
10105,▁listings,-9845
10106,▁Bull,-9846
10107,OB,-9847
10108,ez,-9848
10109,▁substantial,-9849
10110,▁dil,-9850
10111,organ,-9851
10112,▁screening,-9852
10113,poons,-9853
10114,market,-9854
10115,▁module,-9855
10116,▁Ju,-9856
10117,▁Kate,-9857
10118,rett,-9858
10119,▁Moh,-9859
10120,▁assembly,-9860
10121,ITH,-9861
10122,iah,-9862
10123,▁ware,-9863
10124,▁Dutch,-9864
10125,▁suspend,-9865
10126,▁responses,-9866
10127,▁Cos,-9867
10128,▁observed,-9868
10129,about,-9869
10130,▁stops,-9870
10131,children,-9871
10132,INE,-9872
10133,inf,-9873
10134,▁EP,-9874
10135,▁HR,-9875
10136,▁bedrooms,-9876
10137,burn,-9877
10138,▁ward,-9878
10139,▁accord,-9879
10140,▁Commercial,-9880
10141,▁encouraging,-9881
10142,NS,-9882
10143,▁Drug,-9883
10144,▁divide,-9884
10145,▁tennis,-9885
10146,▁fur,-9886
10147,▁dried,-9887
10148,ologists,-9888
10149,▁Thanksgiving,-9889
10150,▁Balt,-9890
10151,▁Howard,-9891
10152,▁drum,-9892
10153,▁toss,-9893
10154,▁incent,-9894
10155,▁lean,-9895
10156,▁bacteria,-9896
10157,▁waves,-9897
10158,▁seller,-9898
10159,?!,-9899
10160,▁Deep,-9900
10161,▁edges,-9901
10162,▁versatile,-9902
10163,▁annoy,-9903
10164,▁fastest,-9904
10165,▁entertaining,-9905
10166,▁Stop,-9906
10167,▁divided,-9907
10168,elson,-9908
10169,▁army,-9909
10170,▁apple,-9910
10171,▁desper,-9911
10172,▁heaven,-9912
10173,▁Dyn,-9913
10174,▁rehab,-9914
10175,ationally,-9915
10176,▁passengers,-9916
10177,VP,-9917
10178,▁rarely,-9918
10179,▁courtesy,-9919
10180,▁estimates,-9920
10181,olid,-9921
10182,▁rend,-9922
10183,yal,-9923
10184,▁TX,-9924
10185,emed,-9925
10186,▁Jennifer,-9926
10187,DC,-9927
10188,ika,-9928
10189,apped,-9929
10190,▁Language,-9930
10191,▁balanced,-9931
10192,▁reven,-9932
10193,MI,-9933
10194,▁nuts,-9934
10195,▁define,-9935
10196,▁Agricult,-9936
10197,was,-9937
10198,▁BR,-9938
10199,▁SW,-9939
10200,Your,-9940
10201,▁Magic,-9941
10202,▁stem,-9942
10203,▁Writing,-9943
10204,▁roughly,-9944
10205,▁addressed,-9945
10206,itr,-9946
10207,enna,-9947
10208,▁grounds,-9948
10209,▁Together,-9949
10210,ishers,-9950
10211,▁trucks,-9951
10212,▁Version,-9952
10213,▁”,-9953
10214,eld,-9954
10215,icipal,-9955
10216,▁denied,-9956
10217,eness,-9957
10218,▁Anyway,-9958
10219,▁danger,-9959
10220,▁Mission,-9960
10221,▁fed,-9961
10222,▁musicians,-9962
10223,▁mad,-9963
10224,▁bust,-9964
10225,▁Besides,-9965
10226,▁Meeting,-9966
10227,▁unve,-9967
10228,papers,-9968
10229,▁Images,-9969
10230,▁Hal,-9970
10231,▁Holiday,-9971
10232,▁Gary,-9972
10233,▁resolve,-9973
10234,PG,-9974
10235,Add,-9975
10236,▁Plant,-9976
10237,▁pound,-9977
10238,▁specialists,-9978
10239,rous,-9979
10240,▁oils,-9980
10241,▁Beautiful,-9981
10242,elve,-9982
10243,▁refe,-9983
10244,▁ultra,-9984
10245,▁frequent,-9985
10246,▁chairs,-9986
10247,bean,-9987
10248,▁Nash,-9988
10249,▁immigr,-9989
10250,def,-9990
10251,▁Diamond,-9991
10252,▁honored,-9992
10253,iox,-9993
10254,▁Pant,-9994
10255,estone,-9995
10256,▁utilize,-9996
10257,▁Leon,-9997
10258,▁Mississ,-9998
10259,▁que,-9999
10260,▁Certified,-10000
10261,▁Technical,-10001
10262,▁Ark,-10002
10263,▁poster,-10003
10264,▁conservation,-10004
10265,obb,-10005
10266,▁toler,-10006
10267,▁Alliance,-10007
10268,pon,-10008
10269,▁CT,-10009
10270,rend,-10010
10271,▁Ton,-10011
10272,emade,-10012
10273,▁antib,-10013
10274,▁Marine,-10014
10275,▁surely,-10015
10276,▁lawsuit,-10016
10277,▁Track,-10017
10278,▁drops,-10018
10279,▁Casino,-10019
10280,▁Scient,-10020
10281,▁myster,-10021
10282,▁Hair,-10022
10283,▁Krist,-10023
10284,▁Original,-10024
10285,iro,-10025
10286,▁wisdom,-10026
10287,▁burning,-10027
10288,ICK,-10028
10289,▁nerv,-10029
10290,▁tomatoes,-10030
10291,EX,-10031
10292,▁assists,-10032
10293,▁favorites,-10033
10294,▁YOUR,-10034
10295,▁toilet,-10035
10296,▁Gab,-10036
10297,▁sed,-10037
10298,▁qualify,-10038
10299,▁enjoyable,-10039
10300,▁objectives,-10040
10301,▁pants,-10041
10302,▁Nothing,-10042
10303,▁Wedding,-10043
10304,▁cann,-10044
10305,▁Assembly,-10045
10306,▁consulting,-10046
10307,▁IC,-10047
10308,vard,-10048
10309,▁exists,-10049
10310,▁connecting,-10050
10311,▁remarkable,-10051
10312,igen,-10052
10313,usal,-10053
10314,▁aggressive,-10054
10315,▁exch,-10055
10316,▁BL,-10056
10317,▁seal,-10057
10318,▁Flash,-10058
10319,▁Ka,-10059
10320,Just,-10060
10321,lend,-10061
10322,▁declared,-10062
10323,▁governments,-10063
10324,▁clinic,-10064
10325,▁Architect,-10065
10326,pire,-10066
10327,▁Pier,-10067
10328,▁rack,-10068
10329,▁Nations,-10069
10330,▁discrim,-10070
10331,beat,-10071
10332,▁Eve,-10072
10333,▁precious,-10073
10334,▁associate,-10074
10335,▁understood,-10075
10336,▁evaluate,-10076
10337,▁Furthermore,-10077
10338,▁representation,-10078
10339,▁jacket,-10079
10340,▁uncertain,-10080
10341,▁removing,-10081
10342,▁inspiring,-10082
10343,▁mechanical,-10083
10344,▁mystery,-10084
10345,mic,-10085
10346,▁USD,-10086
10347,▁Lock,-10087
10348,SU,-10088
10349,▁Dry,-10089
10350,▁Roc,-10090
10351,▁sorts,-10091
10352,▁Roberts,-10092
10353,▁cooperation,-10093
10354,uther,-10094
10355,▁abund,-10095
10356,itations,-10096
10357,▁Particip,-10097
10358,▁decrease,-10098
10359,isms,-10099
10360,▁Junior,-10100
10361,▁popularity,-10101
10362,ifier,-10102
10363,▁Merc,-10103
10364,urches,-10104
10365,▁guides,-10105
10366,mat,-10106
10367,udes,-10107
10368,▁Delhi,-10108
10369,▁Maint,-10109
10370,▁alleg,-10110
10371,irlines,-10111
10372,▁caring,-10112
10373,▁anytime,-10113
10374,▁McK,-10114
10375,▁knife,-10115
10376,▁applies,-10116
10377,▁emotion,-10117
10378,▁compos,-10118
10379,▁emissions,-10119
10380,▁Movie,-10120
10381,▁nutri,-10121
10382,▁tries,-10122
10383,▁Phoenix,-10123
10384,▁soldiers,-10124
10385,disc,-10125
10386,idth,-10126
10387,olph,-10127
10388,yrics,-10128
10389,▁elder,-10129
10390,check,-10130
10391,▁myth,-10131
10392,▁browse,-10132
10393,arest,-10133
10394,▁algorith,-10134
10395,▁font,-10135
10396,▁powers,-10136
10397,▁actors,-10137
10398,▁liability,-10138
10399,netic,-10139
10400,▁Virt,-10140
10401,▁dirt,-10141
10402,▁renown,-10142
10403,atern,-10143
10404,▁fantasy,-10144
10405,▁arrangements,-10145
10406,%),-10146
10407,FT,-10147
10408,▁Esc,-10148
10409,▁Docu,-10149
10410,▁Feel,-10150
10411,▁Peace,-10151
10412,▁fascinating,-10152
10413,▁Medic,-10153
10414,▁employed,-10154
10415,▁Row,-10155
10416,asting,-10156
10417,▁Mexican,-10157
10418,asty,-10158
10419,aved,-10159
10420,▁Dean,-10160
10421,▁Player,-10161
10422,▁paintings,-10162
10423,▁oldest,-10163
10424,▁disability,-10164
10425,▁ABC,-10165
10426,▁pup,-10166
10427,▁unp,-10167
10428,▁exhibit,-10168
10429,▁departments,-10169
10430,boards,-10170
10431,▁ratings,-10171
10432,▁showcase,-10172
10433,aco,-10173
10434,▁Ped,-10174
10435,▁defeat,-10175
10436,▁Premium,-10176
10437,▁threats,-10177
10438,backs,-10178
10439,Please,-10179
10440,▁fiscal,-10180
10441,▁Kit,-10181
10442,▁grey,-10182
10443,▁Liver,-10183
10444,oven,-10184
10445,isted,-10185
10446,▁efficiently,-10186
10447,bsp,-10187
10448,ront,-10188
10449,▁tort,-10189
10450,▁Element,-10190
10451,▁calories,-10191
10452,▁HIV,-10192
10453,▁refuge,-10193
10454,▁operates,-10194
10455,scale,-10195
10456,▁aluminum,-10196
10457,acles,-10197
10458,▁opposed,-10198
10459,▁outdoors,-10199
10460,▁Wik,-10200
10461,▁cig,-10201
10462,anches,-10202
10463,▁Pitts,-10203
10464,▁prest,-10204
10465,▁profiles,-10205
10466,▁summary,-10206
10467,▁Practice,-10207
10468,▁offerings,-10208
10469,▁iT,-10209
10470,▁fert,-10210
10471,selling,-10211
10472,▁pleasant,-10212
10473,▁fake,-10213
10474,▁cinem,-10214
10475,▁funded,-10215
10476,▁Present,-10216
10477,▁imper,-10217
10478,▁horses,-10218
10479,▁currency,-10219
10480,▁operators,-10220
10481,▁disappointed,-10221
10482,▁Block,-10222
10483,▁Kings,-10223
10484,▁Reserved,-10224
10485,▁specialized,-10225
10486,▁AV,-10226
10487,after,-10227
10488,▁Much,-10228
10489,▁shade,-10229
10490,▁investigate,-10230
10491,Can,-10231
10492,▁ruling,-10232
10493,▁elsewhere,-10233
10494,▁memorable,-10234
10495,▁flags,-10235
10496,▁involvement,-10236
10497,▁Bag,-10237
10498,▁rust,-10238
10499,▁promises,-10239
10500,▁immigration,-10240
10501,▁conventional,-10241
10502,immer,-10242
10503,istent,-10243
10504,▁Falls,-10244
10505,▁Leave,-10245
10506,Im,-10246
10507,▁Race,-10247
10508,▁reprodu,-10248
10509,▁Missouri,-10249
10510,Ed,-10250
10511,isp,-10251
10512,ourse,-10252
10513,arts,-10253
10514,ishop,-10254
10515,isure,-10255
10516,▁strive,-10256
10517,▁navigate,-10257
10518,▁Ow,-10258
10519,▁documentary,-10259
10520,▁Sorry,-10260
10521,▁loaded,-10261
10522,▁Fant,-10262
10523,▁Intel,-10263
10524,▁drove,-10264
10525,osystem,-10265
10526,▁distingu,-10266
10527,▁Wa,-10267
10528,▁Clear,-10268
10529,▁boots,-10269
10530,▁treats,-10270
10531,▁footage,-10271
10532,OUN,-10272
10533,▁legit,-10273
10534,▁barrel,-10274
10535,▁Russell,-10275
10536,▁emphasis,-10276
10537,▁Occ,-10277
10538,▁PhD,-10278
10539,▁spare,-10279
10540,▁referr,-10280
10541,secutive,-10281
10542,▁glasses,-10282
10543,vity,-10283
10544,istol,-10284
10545,▁hack,-10285
10546,ilation,-10286
10547,▁keyboard,-10287
10548,▁GP,-10288
10549,▁Py,-10289
10550,Star,-10290
10551,liances,-10291
10552,▁overview,-10292
10553,▁Registration,-10293
10554,▁Hig,-10294
10555,▁Jer,-10295
10556,▁hadn,-10296
10557,▁Discover,-10297
10558,uct,-10298
10559,▁Metro,-10299
10560,▁explo,-10300
10561,▁Say,-10301
10562,▁dipl,-10302
10563,▁Death,-10303
10564,▁angle,-10304
10565,▁wines,-10305
10566,hr,-10306
10567,zens,-10307
10568,otion,-10308
10569,▁placing,-10309
10570,ito,-10310
10571,orse,-10311
10572,▁Wat,-10312
10573,",’",-10313
10574,▁Buck,-10314
10575,▁Until,-10315
10576,▁surfaces,-10316
10577,▁difficulty,-10317
10578,▁sophisticated,-10318
10579,▁titled,-10319
10580,▁relaxed,-10320
10581,▁neighbors,-10321
10582,enz,-10322
10583,▁jazz,-10323
10584,▁pics,-10324
10585,▁hired,-10325
10586,▁universe,-10326
10587,▁terrible,-10327
10588,ampa,-10328
10589,▁curious,-10329
10590,▁dozen,-10330
10591,▁Korean,-10331
10592,ippi,-10332
10593,▁lbs,-10333
10594,▁Indones,-10334
10595,▁nations,-10335
10596,▁charging,-10336
10597,ropri,-10337
10598,▁Beat,-10338
10599,▁Palest,-10339
10600,TML,-10340
10601,▁Xbox,-10341
10602,▁foam,-10342
10603,commend,-10343
10604,▁Could,-10344
10605,▁enjoys,-10345
10606,▁supplier,-10346
10607,▁CF,-10347
10608,table,-10348
10609,▁episodes,-10349
10610,▁audiences,-10350
10611,▁toy,-10351
10612,▁Rome,-10352
10613,▁scream,-10353
10614,▁gig,-10354
10615,▁gene,-10355
10616,bage,-10356
10617,▁Anne,-10357
10618,▁eager,-10358
10619,▁permit,-10359
10620,▁washing,-10360
10621,▁bite,-10361
10622,▁keen,-10362
10623,▁worker,-10363
10624,▁CM,-10364
10625,▁Gil,-10365
10626,▁Bott,-10366
10627,▁Cream,-10367
10628,fly,-10368
10629,open,-10369
10630,▁Third,-10370
10631,▁conj,-10371
10632,▁wishes,-10372
10633,▁conclusion,-10373
10634,oft,-10374
10635,▁sensor,-10375
10636,▁molec,-10376
10637,▁Chamber,-10377
10638,▁Reserve,-10378
10639,maker,-10379
10640,▁Cole,-10380
10641,▁yarn,-10381
10642,▁Foreign,-10382
10643,▁colorful,-10383
10644,▁governor,-10384
10645,Now,-10385
10646,▁API,-10386
10647,▁Insp,-10387
10648,▁Trib,-10388
10649,▁circuit,-10389
10650,▁sustainability,-10390
10651,Mar,-10391
10652,only,-10392
10653,▁Joy,-10393
10654,▁profits,-10394
10655,▁Enterprise,-10395
10656,▁overwhelming,-10396
10657,▁Tea,-10397
10658,▁Write,-10398
10659,▁ships,-10399
10660,▁Import,-10400
10661,utical,-10401
10662,▁admission,-10402
10663,Here,-10403
10664,hill,-10404
10665,▁Answ,-10405
10666,▁Nurs,-10406
10667,▁piano,-10407
10668,▁agenda,-10408
10669,Why,-10409
10670,phan,-10410
10671,▁Wayne,-10411
10672,▁grain,-10412
10673,▁Coffee,-10413
10674,▁Resort,-10414
10675,▁Ta,-10415
10676,▁acknowled,-10416
10677,▁settlement,-10417
10678,udi,-10418
10679,▁stolen,-10419
10680,▁possession,-10420
10681,En,-10421
10682,▁Vent,-10422
10683,mother,-10423
10684,▁Unlike,-10424
10685,▁gently,-10425
10686,▁mathem,-10426
10687,leans,-10427
10688,▁Gene,-10428
10689,▁Bright,-10429
10690,▁cruise,-10430
10691,▁unlock,-10431
10692,▁weapon,-10432
10693,▁occasionally,-10433
10694,fers,-10434
10695,rena,-10435
10696,▁Liter,-10436
10697,▁unem,-10437
10698,LD,-10438
10699,▁Lisa,-10439
10700,▁tune,-10440
10701,▁nervous,-10441
10702,card,-10442
10703,▁gam,-10443
10704,▁labels,-10444
10705,▁prizes,-10445
10706,▁conversion,-10446
10707,cal,-10447
10708,▁Nik,-10448
10709,erator,-10449
10710,▁width,-10450
10711,acter,-10451
10712,▁dash,-10452
10713,▁Terms,-10453
10714,▁gardens,-10454
10715,▁operator,-10455
10716,▁scholarship,-10456
10717,afe,-10457
10718,▁shoe,-10458
10719,▁fleet,-10459
10720,▁movements,-10460
10721,▁Gh,-10461
10722,reach,-10462
10723,▁frequency,-10463
10724,▁DIY,-10464
10725,▁trails,-10465
10726,▁worship,-10466
10727,▁loop,-10467
10728,▁tire,-10468
10729,omatic,-10469
10730,▁essentially,-10470
10731,ERY,-10471
10732,▁Berlin,-10472
10733,▁Photography,-10473
10734,▁Wy,-10474
10735,▁Ord,-10475
10736,▁references,-10476
10737,▁tablespoons,-10477
10738,▁priced,-10478
10739,▁Located,-10479
10740,▁Cape,-10480
10741,▁acquire,-10481
10742,▁publications,-10482
10743,▁mun,-10483
10744,▁begun,-10484
10745,▁digest,-10485
10746,ctic,-10486
10747,▁cub,-10487
10748,ressed,-10488
10749,▁fluid,-10489
10750,▁fulfill,-10490
10751,▁unlikely,-10491
10752,▁examination,-10492
10753,▁sits,-10493
10754,▁rounds,-10494
10755,.-,-10495
10756,post,-10496
10757,▁cheaper,-10497
10758,heat,-10498
10759,▁Luck,-10499
10760,▁Ident,-10500
10761,▁mouse,-10501
10762,▁True,-10502
10763,▁Dick,-10503
10764,▁endless,-10504
10765,▁Whit,-10505
10766,elfare,-10506
10767,▁cloth,-10507
10768,▁merchand,-10508
10769,▁theatre,-10509
10770,▁affiliate,-10510
10771,▁donate,-10511
10772,▁stomach,-10512
10773,▁Bruce,-10513
10774,ultane,-10514
10775,▁candy,-10515
10776,▁Battle,-10516
10777,▁prominent,-10517
10778,▁nationwide,-10518
10779,km,-10519
10780,▁gang,-10520
10781,▁promised,-10521
10782,▁striking,-10522
10783,ping,-10523
10784,imore,-10524
10785,▁soap,-10525
10786,▁relating,-10526
10787,OVE,-10527
10788,▁towns,-10528
10789,▁Speaking,-10529
10790,▁renowned,-10530
10791,opt,-10531
10792,▁pasta,-10532
10793,▁somebody,-10533
10794,▁consecutive,-10534
10795,mind,-10535
10796,fight,-10536
10797,oning,-10537
10798,▁gran,-10538
10799,▁upset,-10539
10800,▁bearing,-10540
10801,▁consent,-10541
10802,apse,-10542
10803,stock,-10543
10804,▁exit,-10544
10805,▁coron,-10545
10806,▁Screen,-10546
10807,▁beloved,-10547
10808,▁survival,-10548
10809,▁Had,-10549
10810,▁subtle,-10550
10811,▁GB,-10551
10812,bird,-10552
10813,▁euro,-10553
10814,▁kiss,-10554
10815,▁disturb,-10555
10816,▁physically,-10556
10817,▁ME,-10557
10818,don,-10558
10819,▁Success,-10559
10820,▁situated,-10560
10821,aki,-10561
10822,onom,-10562
10823,▁domin,-10563
10824,▁pockets,-10564
10825,▁transformation,-10565
10826,pur,-10566
10827,▁Floor,-10567
10828,who,-10568
10829,▁Hub,-10569
10830,▁Incre,-10570
10831,▁vocal,-10571
10832,▁cookie,-10572
10833,▁allegedly,-10573
10834,▁Portug,-10574
10835,▁innings,-10575
10836,▁attorneys,-10576
10837,▁administrative,-10577
10838,even,-10578
10839,▁Amy,-10579
10840,▁Nort,-10580
10841,▁bout,-10581
10842,▁adoption,-10582
10843,▁Restaurant,-10583
10844,▁Pharm,-10584
10845,▁steam,-10585
10846,▁counts,-10586
10847,kee,-10587
10848,▁Moreover,-10588
10849,▁combines,-10589
10850,▁regulation,-10590
10851,.;,-10591
10852,ugg,-10592
10853,▁Ga,-10593
10854,▁reveals,-10594
10855,▁workforce,-10595
10856,RP,-10596
10857,▁Lux,-10597
10858,▁lately,-10598
10859,pled,-10599
10860,▁Industrial,-10600
10861,ori,-10601
10862,▁sew,-10602
10863,aughters,-10603
10864,isan,-10604
10865,rock,-10605
10866,▁migr,-10606
10867,▁Later,-10607
10868,▁makers,-10608
10869,▁merely,-10609
10870,▁Gree,-10610
10871,▁teens,-10611
10872,▁ordinary,-10612
10873,▁directory,-10613
10874,iva,-10614
10875,yler,-10615
10876,▁retain,-10616
10877,fund,-10617
10878,▁Charlie,-10618
10879,aceutical,-10619
10880,uum,-10620
10881,▁Deal,-10621
10882,▁Compl,-10622
10883,▁Coord,-10623
10884,▁receip,-10624
10885,▁Orleans,-10625
10886,Today,-10626
10887,▁Mall,-10627
10888,▁deleg,-10628
10889,▁stopping,-10629
10890,▁complaints,-10630
10891,▁translation,-10631
10892,▁urg,-10632
10893,▁thrilled,-10633
10894,▁collective,-10634
10895,▁practition,-10635
10896,HD,-10636
10897,▁Fish,-10637
10898,▁assured,-10638
10899,▁expecting,-10639
10900,▁Israeli,-10640
10901,▁cooling,-10641
10902,▁Amb,-10642
10903,▁glow,-10643
10904,▁Record,-10644
10905,inge,-10645
10906,kind,-10646
10907,anship,-10647
10908,▁backed,-10648
10909,Tw,-10649
10910,▁inex,-10650
10911,▁inse,-10651
10912,umbing,-10652
10913,urrent,-10653
10914,log,-10654
10915,▁NJ,-10655
10916,▁Nether,-10656
10917,▁advised,-10657
10918,▁occasions,-10658
10919,▁competitors,-10659
10920,▁betting,-10660
10921,▁Pink,-10661
10922,▁bulk,-10662
10923,▁uncle,-10663
10924,▁Queens,-10664
10925,otta,-10665
10926,▁Osc,-10666
10927,plant,-10667
10928,▁Gord,-10668
10929,▁bicy,-10669
10930,▁span,-10670
10931,CL,-10671
10932,asses,-10672
10933,▁bund,-10673
10934,▁grat,-10674
10935,▁affects,-10675
10936,▁oh,-10676
10937,▁slip,-10677
10938,▁Touch,-10678
10939,▁timely,-10679
10940,▁trials,-10680
10941,▁contacts,-10681
10942,▁portable,-10682
10943,▁Charlotte,-10683
10944,▁Dak,-10684
10945,icked,-10685
10946,▁tailored,-10686
10947,▁pig,-10687
10948,▁edited,-10688
10949,▁essays,-10689
10950,▁Hamilton,-10690
10951,▁attendance,-10691
10952,html,-10692
10953,▁Apply,-10693
10954,▁settle,-10694
10955,▁Users,-10695
10956,▁royal,-10696
10957,▁waist,-10697
10958,▁disorder,-10698
10959,hou,-10699
10960,veland,-10700
10961,▁examine,-10701
10962,▁refused,-10702
10963,ORT,-10703
10964,▁colon,-10704
10965,▁participated,-10705
10966,▁MB,-10706
10967,▁immune,-10707
10968,PP,-10708
10969,▁Luke,-10709
10970,▁Gov,-10710
10971,▁Bear,-10711
10972,▁dressing,-10712
10973,▁facilitate,-10713
10974,▁constructed,-10714
10975,▁sust,-10715
10976,Ste,-10716
10977,▁Crit,-10717
10978,▁Audio,-10718
10979,▁purple,-10719
10980,▁composition,-10720
10981,▁maker,-10721
10982,▁Yellow,-10722
10983,▁shelter,-10723
10984,▁Homes,-10724
10985,▁poker,-10725
10986,dem,-10726
10987,ounced,-10727
10988,bus,-10728
10989,▁Too,-10729
10990,▁Palm,-10730
10991,Donald,-10731
10992,▁Within,-10732
10993,▁Jonathan,-10733
10994,gie,-10734
10995,azed,-10735
10996,▁Pil,-10736
10997,▁reverse,-10737
10998,▁overseas,-10738
10999,VC,-10739
11000,▁Stra,-10740
11001,▁enorm,-10741
11002,▁hood,-10742
11003,▁Skin,-10743
11004,▁fancy,-10744
11005,▁advise,-10745
11006,▁iTunes,-10746
11007,irates,-10747
11008,forward,-10748
11009,iffs,-10749
11010,issa,-10750
11011,▁les,-10751
11012,▁cents,-10752
11013,innamon,-10753
11014,perform,-10754
11015,▁superb,-10755
11016,▁wherever,-10756
11017,▁Susan,-10757
11018,sl,-10758
11019,nect,-10759
11020,▁odds,-10760
11021,▁dresses,-10761
11022,▁lovers,-10762
11023,▁tourism,-10763
11024,oops,-10764
11025,▁Gulf,-10765
11026,▁wrapped,-10766
11027,▁veterans,-10767
11028,▁Leadership,-10768
11029,iy,-10769
11030,▁Athlet,-10770
11031,▁grants,-10771
11032,▁vegetable,-10772
11033,▁Analysis,-10773
11034,▁attempted,-10774
11035,▁carries,-10775
11036,▁downloaded,-10776
11037,mith,-10777
11038,▁mit,-10778
11039,▁Gate,-10779
11040,▁achieving,-10780
11041,▁artificial,-10781
11042,▁intellectual,-10782
11043,▁ML,-10783
11044,plates,-10784
11045,▁stays,-10785
11046,▁magical,-10786
11047,▁pipe,-10787
11048,ishment,-10788
11049,▁quantity,-10789
11050,▁RS,-10790
11051,ento,-10791
11052,▁Rat,-10792
11053,▁seating,-10793
11054,▁settled,-10794
11055,▁achievement,-10795
11056,ARD,-10796
11057,heart,-10797
11058,▁rival,-10798
11059,▁Got,-10799
11060,▁EC,-10800
11061,gate,-10801
11062,▁Belg,-10802
11063,▁substance,-10803
11064,NY,-10804
11065,▁versus,-10805
11066,ilitation,-10806
11067,▁Fine,-10807
11068,▁Activ,-10808
11069,▁Blood,-10809
11070,▁Target,-10810
11071,▁careers,-10811
11072,emet,-10812
11073,▁tale,-10813
11074,▁solely,-10814
11075,▁laundry,-10815
11076,eled,-10816
11077,▁Apart,-10817
11078,die,-10818
11079,itched,-10819
11080,▁slots,-10820
11081,▁preced,-10821
11082,▁premier,-10822
11083,Gu,-10823
11084,▁Graph,-10824
11085,▁genre,-10825
11086,▁donated,-10826
11087,▁Scholars,-10827
11088,writer,-10828
11089,▁impacts,-10829
11090,▁presentations,-10830
11091,▁NYC,-10831
11092,asket,-10832
11093,▁Mississippi,-10833
11094,closure,-10834
11095,▁Castle,-10835
11096,▁carrier,-10836
11097,▁mailing,-10837
11098,▁tong,-10838
11099,▁beaches,-10839
11100,▁grocery,-10840
11101,mentation,-10841
11102,▁Emergency,-10842
11103,linary,-10843
11104,▁mixing,-10844
11105,andal,-10845
11106,woman,-10846
11107,▁Upon,-10847
11108,▁Alan,-10848
11109,▁rings,-10849
11110,▁Friend,-10850
11111,▁shaped,-10851
11112,▁preserve,-10852
11113,▁Hop,-10853
11114,shirt,-10854
11115,▁crop,-10855
11116,▁vitamin,-10856
11117,▁Alexander,-10857
11118,▁compassion,-10858
11119,olitan,-10859
11120,▁handful,-10860
11121,▁breathing,-10861
11122,▁VA,-10862
11123,▁sq,-10863
11124,▁Der,-10864
11125,▁Hyd,-10865
11126,utors,-10866
11127,▁aver,-10867
11128,▁cord,-10868
11129,▁Focus,-10869
11130,▁frames,-10870
11131,dam,-10871
11132,iden,-10872
11133,▁bot,-10873
11134,orious,-10874
11135,▁Vietnam,-10875
11136,▁optimal,-10876
11137,AST,-10877
11138,▁thro,-10878
11139,▁irrit,-10879
11140,▁specified,-10880
11141,ummy,-10881
11142,▁Maine,-10882
11143,▁annually,-10883
11144,▁flooring,-10884
11145,▁measured,-10885
11146,▁Corporate,-10886
11147,▁productive,-10887
11148,▁Nev,-10888
11149,aa,-10889
11150,annah,-10890
11151,▁lung,-10891
11152,▁tatt,-10892
11153,▁rally,-10893
11154,▁plates,-10894
11155,▁touchdown,-10895
11156,▁Lad,-10896
11157,▁Anna,-10897
11158,▁accomplished,-10898
11159,tage,-10899
11160,▁loads,-10900
11161,▁confront,-10901
11162,▁accidents,-10902
11163,▁cheer,-10903
11164,▁manufactured,-10904
11165,▁vari,-10905
11166,▁encount,-10906
11167,▁Thompson,-10907
11168,▁declined,-10908
11169,▁survived,-10909
11170,▁passenger,-10910
11171,▁Li,-10911
11172,ushes,-10912
11173,▁optional,-10913
11174,aro,-10914
11175,▁Lif,-10915
11176,▁spacious,-10916
11177,▁marijuana,-10917
11178,metic,-10918
11179,▁Walker,-10919
11180,▁Organization,-10920
11181,▁suits,-10921
11182,▁specialty,-10922
11183,▁configuration,-10923
11184,▁Aw,-10924
11185,▁Purch,-10925
11186,▁Suite,-10926
11187,▁throwing,-10927
11188,guard,-10928
11189,prises,-10929
11190,▁Stars,-10930
11191,▁poverty,-10931
11192,▁designated,-10932
11193,▁Bond,-10933
11194,▁Trip,-10934
11195,▁Companies,-10935
11196,▁Animal,-10936
11197,▁stupid,-10937
11198,▁Consider,-10938
11199,▁amend,-10939
11200,▁batteries,-10940
11201,first,-10941
11202,▁Hind,-10942
11203,▁provision,-10943
11204,▁Pain,-10944
11205,▁dealer,-10945
11206,▁dialogue,-10946
11207,▁anch,-10947
11208,wick,-10948
11209,▁booth,-10949
11210,▁disabled,-10950
11211,▁conditioning,-10951
11212,▁GR,-10952
11213,▁ye,-10953
11214,azines,-10954
11215,▁barely,-10955
11216,Int,-10956
11217,▁fragr,-10957
11218,▁assemb,-10958
11219,▁broker,-10959
11220,▁behaviour,-10960
11221,▁Christopher,-10961
11222,▁HE,-10962
11223,▁Wee,-10963
11224,▁intrig,-10964
11225,▁GT,-10965
11226,▁Lot,-10966
11227,▁Raj,-10967
11228,▁ties,-10968
11229,▁Antonio,-10969
11230,kg,-10970
11231,▁blame,-10971
11232,itative,-10972
11233,▁supplied,-10973
11234,▁apartments,-10974
11235,▁attractions,-10975
11236,▁Lib,-10976
11237,▁Valentine,-10977
11238,▁Stewart,-10978
11239,▁Cov,-10979
11240,▁Cleveland,-10980
11241,IB,-10981
11242,CAA,-10982
11243,▁da,-10983
11244,quet,-10984
11245,▁shine,-10985
11246,▁Ring,-10986
11247,▁figured,-10987
11248,▁Commerce,-10988
11249,▁Eye,-10989
11250,▁Lem,-10990
11251,▁Wonder,-10991
11252,▁Storage,-10992
11253,▁directors,-10993
11254,▁girlfriend,-10994
11255,▁imagination,-10995
11256,▁enabling,-10996
11257,Net,-10997
11258,▁AF,-10998
11259,News,-10999
11260,▁Yan,-11000
11261,▁nest,-11001
11262,rah,-11002
11263,▁wax,-11003
11264,▁THIS,-11004
11265,avirus,-11005
11266,▁oblig,-11006
11267,shore,-11007
11268,▁locks,-11008
11269,▁tears,-11009
11270,▁neutral,-11010
11271,▁horm,-11011
11272,PE,-11012
11273,acco,-11013
11274,akh,-11014
11275,▁incorporate,-11015
11276,mented,-11016
11277,▁horror,-11017
11278,▁speaks,-11018
11279,▁Whatever,-11019
11280,▁demonstrated,-11020
11281,plus,-11021
11282,▁Hours,-11022
11283,▁lineup,-11023
11284,▁ecosystem,-11024
11285,▁GA,-11025
11286,gged,-11026
11287,ivals,-11027
11288,▁patio,-11028
11289,▁Oxford,-11029
11290,IO,-11030
11291,▁accred,-11031
11292,▁VP,-11032
11293,▁scrap,-11033
11294,▁mining,-11034
11295,ACT,-11035
11296,▁Cars,-11036
11297,▁synd,-11037
11298,▁enabled,-11038
11299,esty,-11039
11300,owered,-11040
11301,▁routes,-11041
11302,▁DR,-11042
11303,ipper,-11043
11304,▁Furn,-11044
11305,▁HTML,-11045
11306,▁IV,-11046
11307,▁ax,-11047
11308,▁unlimited,-11048
11309,▁hardly,-11049
11310,▁Related,-11050
11311,▁Chap,-11051
11312,▁mush,-11052
11313,▁Region,-11053
11314,▁Chelsea,-11054
11315,gments,-11055
11316,▁proport,-11056
11317,▁Associate,-11057
11318,enny,-11058
11319,▁cous,-11059
11320,▁Maria,-11060
11321,▁secured,-11061
11322,▁healthier,-11062
11323,lando,-11063
11324,▁fitted,-11064
11325,▁rolled,-11065
11326,▁contacted,-11066
11327,▁accompanied,-11067
11328,▁Som,-11068
11329,ounces,-11069
11330,▁Prize,-11070
11331,▁seeks,-11071
11332,▁allerg,-11072
11333,▁sisters,-11073
11334,See,-11074
11335,▁BY,-11075
11336,Well,-11076
11337,▁colored,-11077
11338,▁Lawrence,-11078
11339,▁scenario,-11079
11340,▁simultane,-11080
11341,▁explanation,-11081
11342,lar,-11082
11343,edded,-11083
11344,▁paste,-11084
11345,▁Hunter,-11085
11346,▁dedication,-11086
11347,spec,-11087
11348,▁Kal,-11088
11349,▁Nich,-11089
11350,▁burg,-11090
11351,Oh,-11091
11352,adesh,-11092
11353,theless,-11093
11354,▁Ground,-11094
11355,ocated,-11095
11356,▁brace,-11096
11357,▁sized,-11097
11358,▁tasty,-11098
11359,conf,-11099
11360,nered,-11100
11361,▁WITH,-11101
11362,▁ordering,-11102
11363,KS,-11103
11364,best,-11104
11365,▁epic,-11105
11366,emetery,-11106
11367,gins,-11107
11368,▁fence,-11108
11369,inciple,-11109
11370,▁poetry,-11110
11371,▁specifications,-11111
11372,▁Ott,-11112
11373,▁fitting,-11113
11374,▁contractor,-11114
11375,stop,-11115
11376,▁CBS,-11116
11377,▁threw,-11117
11378,▁nobody,-11118
11379,▁scratch,-11119
11380,▁mg,-11120
11381,▁ears,-11121
11382,▁filing,-11122
11383,Am,-11123
11384,▁Ho,-11124
11385,▁Ukraine,-11125
11386,tends,-11126
11387,▁enemy,-11127
11388,▁Summit,-11128
11389,▁nicely,-11129
11390,▁Chicken,-11130
11391,▁internationally,-11131
11392,adows,-11132
11393,▁Therapy,-11133
11394,▁courage,-11134
11395,▁capability,-11135
11396,OUR,-11136
11397,▁convey,-11137
11398,▁thrown,-11138
11399,▁Boo,-11139
11400,▁aqu,-11140
11401,▁Spot,-11141
11402,holder,-11142
11403,▁Urban,-11143
11404,angel,-11144
11405,▁dont,-11145
11406,▁renov,-11146
11407,▁tires,-11147
11408,▁tear,-11148
11409,▁seventh,-11149
11410,▁selecting,-11150
11411,icut,-11151
11412,comed,-11152
11413,ospel,-11153
11414,▁Analy,-11154
11415,▁hybrid,-11155
11416,▁Essential,-11156
11417,▁publisher,-11157
11418,▁collecting,-11158
11419,▁tags,-11159
11420,reedom,-11160
11421,▁stadium,-11161
11422,▁spectrum,-11162
11423,▁Wash,-11163
11424,▁Edward,-11164
11425,▁Nigeria,-11165
11426,▁pant,-11166
11427,▁testim,-11167
11428,▁wellness,-11168
11429,▁adventures,-11169
11430,▁Netherlands,-11170
11431,ricane,-11171
11432,▁painful,-11172
11433,▁AG,-11173
11434,ceive,-11174
11435,party,-11175
11436,▁confirmation,-11176
11437,▁SA,-11177
11438,▁Begin,-11178
11439,▁lobby,-11179
11440,▁punch,-11180
11441,▁cabinet,-11181
11442,▁colleges,-11182
11443,▁diagnosed,-11183
11444,▁tempt,-11184
11445,▁mechanism,-11185
11446,▁Yahoo,-11186
11447,▁rhyth,-11187
11448,atherine,-11188
11449,▁Contract,-11189
11450,▁contractors,-11190
11451,olk,-11191
11452,▁appliances,-11192
11453,▁Jen,-11193
11454,▁spa,-11194
11455,asion,-11195
11456,▁vertical,-11196
11457,▁quarterback,-11197
11458,PT,-11198
11459,▁UV,-11199
11460,▁dose,-11200
11461,▁onions,-11201
11462,QU,-11202
11463,▁IL,-11203
11464,ixel,-11204
11465,▁Train,-11205
11466,▁petition,-11206
11467,▁tremendous,-11207
11468,▁Transportation,-11208
11469,▁Aaron,-11209
11470,▁reflects,-11210
11471,▁Baltimore,-11211
11472,▁Si,-11212
11473,▁tuned,-11213
11474,▁Fig,-11214
11475,▁rush,-11215
11476,▁Perry,-11216
11477,▁pione,-11217
11478,▁marine,-11218
11479,▁steady,-11219
11480,▁Sheriff,-11220
11481,▁embrace,-11221
11482,▁province,-11222
11483,▁stakeholders,-11223
11484,shot,-11224
11485,▁Mars,-11225
11486,▁phrase,-11226
11487,asures,-11227
11488,fortable,-11228
11489,▁voices,-11229
11490,▁anybody,-11230
11491,▁intimate,-11231
11492,▁bay,-11232
11493,▁Imag,-11233
11494,▁Craig,-11234
11495,▁gains,-11235
11496,▁locked,-11236
11497,ifferent,-11237
11498,▁reduces,-11238
11499,▁relation,-11239
11500,▁dozens,-11240
11501,▁spoken,-11241
11502,▁diameter,-11242
11503,▁electronics,-11243
11504,▁Sad,-11244
11505,▁feeding,-11245
11506,▁prospects,-11246
11507,UB,-11247
11508,▁Tow,-11248
11509,▁forums,-11249
11510,▁troops,-11250
11511,▁Weather,-11251
11512,▁landing,-11252
11513,▁realistic,-11253
11514,▁territory,-11254
11515,▁installing,-11255
11516,▁Afghanistan,-11256
11517,▁Rot,-11257
11518,father,-11258
11519,▁romance,-11259
11520,▁receives,-11260
11521,umble,-11261
11522,▁handed,-11262
11523,▁exploration,-11263
11524,▁medications,-11264
11525,▁glob,-11265
11526,▁Given,-11266
11527,wind,-11267
11528,▁jur,-11268
11529,▁uniform,-11269
11530,▁Draw,-11270
11531,▁venues,-11271
11532,▁countless,-11272
11533,▁warned,-11273
11534,▁churches,-11274
11535,▁Individual,-11275
11536,▁Fix,-11276
11537,▁Pas,-11277
11538,▁Posts,-11278
11539,▁Truck,-11279
11540,▁manif,-11280
11541,▁Butter,-11281
11542,▁(“,-11282
11543,gra,-11283
11544,kers,-11284
11545,quer,-11285
11546,asm,-11286
11547,▁Active,-11287
11548,▁Hawaii,-11288
11549,robe,-11289
11550,outheast,-11290
11551,▁dressed,-11291
11552,▁expense,-11292
11553,ascular,-11293
11554,▁Designed,-11294
11555,▁indicates,-11295
11556,Rep,-11296
11557,izations,-11297
11558,▁Sean,-11298
11559,▁lease,-11299
11560,▁Laura,-11300
11561,▁semester,-11301
11562,▁narrative,-11302
11563,▁Funeral,-11303
11564,bian,-11304
11565,▁Cold,-11305
11566,▁Metal,-11306
11567,▁corpor,-11307
11568,▁crimes,-11308
11569,▁peaceful,-11309
11570,▁competing,-11310
11571,▁motivated,-11311
11572,icity,-11312
11573,stick,-11313
11574,▁absence,-11314
11575,▁Recently,-11315
11576,▁appet,-11316
11577,▁femin,-11317
11578,▁Assess,-11318
11579,speed,-11319
11580,breaking,-11320
11581,▁Ec,-11321
11582,omin,-11322
11583,▁bio,-11323
11584,▁guns,-11324
11585,▁Alaska,-11325
11586,▁Dise,-11326
11587,▁ridic,-11327
11588,▁Former,-11328
11589,▁Malaysia,-11329
11590,▁Pittsburgh,-11330
11591,gun,-11331
11592,enth,-11332
11593,xygen,-11333
11594,ailand,-11334
11595,▁outer,-11335
11596,▁Harvard,-11336
11597,▁destroyed,-11337
11598,▁legendary,-11338
11599,DR,-11339
11600,▁Cou,-11340
11601,▁spo,-11341
11602,shine,-11342
11603,▁Strong,-11343
11604,▁Liverpool,-11344
11605,▁nonprofit,-11345
11606,▁submission,-11346
11607,▁Publ,-11347
11608,▁amid,-11348
11609,▁Da,-11349
11610,link,-11350
11611,▁camping,-11351
11612,▁Associated,-11352
11613,▁entrepreneur,-11353
11614,Che,-11354
11615,▁CV,-11355
11616,▁stere,-11356
11617,lishing,-11357
11618,owship,-11358
11619,▁dirty,-11359
11620,▁Wol,-11360
11621,▁placement,-11361
11622,ded,-11362
11623,▁Vin,-11363
11624,▁wheat,-11364
11625,▁PO,-11365
11626,▁Wolf,-11366
11627,▁Value,-11367
11628,▁manip,-11368
11629,▁Universal,-11369
11630,▁alternatives,-11370
11631,▁collaborative,-11371
11632,auc,-11372
11633,▁Dental,-11373
11634,▁fallen,-11374
11635,▁Earlier,-11375
11636,▁seasonal,-11376
11637,▁Jobs,-11377
11638,▁Pod,-11378
11639,▁buzz,-11379
11640,commerce,-11380
11641,abis,-11381
11642,ader,-11382
11643,▁overs,-11383
11644,▁Latest,-11384
11645,▁timing,-11385
11646,ividually,-11386
11647,Ph,-11387
11648,▁differently,-11388
11649,▁pork,-11389
11650,rapeut,-11390
11651,▁deput,-11391
11652,▁publicly,-11392
11653,▁dump,-11393
11654,▁Chrome,-11394
11655,▁suspended,-11395
11656,▁automotive,-11396
11657,▁tourist,-11397
11658,▁homeless,-11398
11659,▁conservative,-11399
11660,ingle,-11400
11661,▁%,-11401
11662,▁Fro,-11402
11663,▁gel,-11403
11664,inates,-11404
11665,▁brick,-11405
11666,chain,-11406
11667,▁bits,-11407
11668,▁shelf,-11408
11669,▁Yoga,-11409
11670,▁hill,-11410
11671,▁Beauty,-11411
11672,▁fridge,-11412
11673,▁DS,-11413
11674,IGHT,-11414
11675,cend,-11415
11676,▁jeans,-11416
11677,▁minim,-11417
11678,▁Robinson,-11418
11679,PI,-11419
11680,▁merc,-11420
11681,empl,-11421
11682,▁Bart,-11422
11683,▁reads,-11423
11684,▁Kennedy,-11424
11685,ictionary,-11425
11686,▁districts,-11426
11687,▁travelling,-11427
11688,uman,-11428
11689,▁NBC,-11429
11690,▁Rab,-11430
11691,count,-11431
11692,▁Extra,-11432
11693,▁blessed,-11433
11694,▁discussing,-11434
11695,▁Cann,-11435
11696,▁sink,-11436
11697,arrass,-11437
11698,▁Dubai,-11438
11699,▁gross,-11439
11700,cessary,-11440
11701,itivity,-11441
11702,▁Official,-11442
11703,vet,-11443
11704,▁branches,-11444
11705,▁distract,-11445
11706,▁Louisiana,-11446
11707,acent,-11447
11708,izable,-11448
11709,▁Organic,-11449
11710,▁Chocolate,-11450
11711,cca,-11451
11712,▁foster,-11452
11713,▁stroke,-11453
11714,▁Barbara,-11454
11715,▁tension,-11455
11716,▁trigger,-11456
11717,▁treating,-11457
11718,▁consultant,-11458
11719,▁implementing,-11459
11720,clusive,-11460
11721,▁devast,-11461
11722,▁ho,-11462
11723,▁Hey,-11463
11724,▁Larry,-11464
11725,▁vinyl,-11465
11726,Lear,-11466
11727,olas,-11467
11728,▁Info,-11468
11729,▁humor,-11469
11730,▁tablets,-11470
11731,▁Connecticut,-11471
11732,▁desert,-11472
11733,▁Volunte,-11473
11734,▁friendship,-11474
11735,FS,-11475
11736,atar,-11476
11737,▁tang,-11477
11738,▁Solar,-11478
11739,▁wrest,-11479
11740,chestra,-11480
11741,MB,-11481
11742,▁Starting,-11482
11743,▁delicate,-11483
11744,▁destinations,-11484
11745,▁ESP,-11485
11746,▁lap,-11486
11747,health,-11487
11748,▁protective,-11488
11749,▁Campus,-11489
11750,▁Nelson,-11490
11751,▁motivation,-11491
11752,oria,-11492
11753,▁Lex,-11493
11754,▁lips,-11494
11755,uisine,-11495
11756,▁Francis,-11496
11757,▁Medicare,-11497
11758,▁adopt,-11498
11759,▁welcomed,-11499
11760,cure,-11500
11761,aired,-11501
11762,ateur,-11502
11763,▁sons,-11503
11764,▁Adobe,-11504
11765,▁Jessica,-11505
11766,▁athletic,-11506
11767,▁prestigious,-11507
11768,▁recommendation,-11508
11769,Sub,-11509
11770,uru,-11510
11771,poon,-11511
11772,thur,-11512
11773,▁Bou,-11513
11774,▁ISO,-11514
11775,▁pine,-11515
11776,▁crafted,-11516
11777,▁pulling,-11517
11778,▁Om,-11518
11779,▁cush,-11519
11780,▁aging,-11520
11781,▁cyber,-11521
11782,▁seniors,-11522
11783,▁Includes,-11523
11784,blog,-11524
11785,▁Han,-11525
11786,▁Treatment,-11526
11787,▁assignment,-11527
11788,eta,-11528
11789,▁bun,-11529
11790,around,-11530
11791,▁angry,-11531
11792,▁Virtual,-11532
11793,▁formats,-11533
11794,▁boyfriend,-11534
11795,▁suspension,-11535
11796,ELL,-11536
11797,▁Bah,-11537
11798,▁cultures,-11538
11799,ols,-11539
11800,flix,-11540
11801,▁varied,-11541
11802,▁Culture,-11542
11803,▁judgment,-11543
11804,▁disorders,-11544
11805,▁anticipated,-11545
11806,▁SL,-11546
11807,glas,-11547
11808,▁burst,-11548
11809,▁Inside,-11549
11810,▁costume,-11550
11811,oyd,-11551
11812,▁accum,-11552
11813,▁picks,-11553
11814,▁Madison,-11554
11815,▁Options,-11555
11816,▁Bachelor,-11556
11817,▁reminder,-11557
11818,good,-11558
11819,▁vel,-11559
11820,vation,-11560
11821,▁Tools,-11561
11822,▁Cambridge,-11562
11823,aud,-11563
11824,ussy,-11564
11825,▁Adult,-11565
11826,▁Grace,-11566
11827,olesale,-11567
11828,Some,-11568
11829,▁Math,-11569
11830,▁Regard,-11570
11831,▁verify,-11571
11832,▁Benefits,-11572
11833,▁qualities,-11573
11834,onz,-11574
11835,▁proposals,-11575
11836,▁preferences,-11576
11837,ML,-11577
11838,▁Obs,-11578
11839,▁Marg,-11579
11840,▁Argent,-11580
11841,▁Carter,-11581
11842,▁crystal,-11582
11843,▁transparent,-11583
11844,▁fu,-11584
11845,▁GPS,-11585
11846,iches,-11586
11847,▁Ready,-11587
11848,Yes,-11588
11849,▁Temple,-11589
11850,▁finishes,-11590
11851,▁reporters,-11591
11852,▁concentration,-11592
11853,▁GO,-11593
11854,test,-11594
11855,▁Jazz,-11595
11856,▁kilomet,-11596
11857,Pal,-11597
11858,bes,-11598
11859,iper,-11599
11860,▁Bor,-11600
11861,▁sponsor,-11601
11862,▁toxic,-11602
11863,▁lyrics,-11603
11864,▁requiring,-11604
11865,BN,-11605
11866,▁fool,-11606
11867,▁Half,-11607
11868,▁Range,-11608
11869,▁reporter,-11609
11870,▁wing,-11610
11871,▁locate,-11611
11872,▁formation,-11612
11873,vol,-11613
11874,▁grid,-11614
11875,▁Artist,-11615
11876,▁prospect,-11616
11877,▁forgotten,-11617
11878,▁reliability,-11618
11879,▁confidential,-11619
11880,OME,-11620
11881,abs,-11621
11882,▁iPod,-11622
11883,▁ster,-11623
11884,▁toll,-11624
11885,▁Carib,-11625
11886,▁marketplace,-11626
11887,▁difficulties,-11627
11888,▁ES,-11628
11889,▁Door,-11629
11890,▁captain,-11630
11891,▁mounted,-11631
11892,▁recipient,-11632
11893,▁zip,-11633
11894,▁Desk,-11634
11895,▁moral,-11635
11896,▁lightly,-11636
11897,▁automated,-11637
11898,▁adjustable,-11638
11899,▁applicants,-11639
11900,lay,-11640
11901,▁**,-11641
11902,▁hem,-11642
11903,there,-11643
11904,▁boring,-11644
11905,▁appreciation,-11645
11906,▁bloom,-11646
11907,▁counties,-11647
11908,▁duration,-11648
11909,▁luxurious,-11649
11910,▁effectiveness,-11650
11911,▁ox,-11651
11912,▁armed,-11652
11913,▁strain,-11653
11914,▁dessert,-11654
11915,▁earning,-11655
11916,▁checkout,-11656
11917,▁replacing,-11657
11918,Date,-11658
11919,▁Survey,-11659
11920,ribution,-11660
11921,▁highlighted,-11661
11922,▁merchandise,-11662
11923,▁measurements,-11663
11924,▁Dra,-11664
11925,▁lat,-11665
11926,isers,-11666
11927,▁Length,-11667
11928,▁Doll,-11668
11929,eddings,-11669
11930,writing,-11670
11931,TON,-11671
11932,gic,-11672
11933,▁albums,-11673
11934,▁concluded,-11674
11935,ASH,-11675
11936,cat,-11676
11937,▁Rd,-11677
11938,ancers,-11678
11939,author,-11679
11940,called,-11680
11941,▁Sens,-11681
11942,▁shades,-11682
11943,▁Princip,-11683
11944,▁Ali,-11684
11945,depth,-11685
11946,▁outf,-11686
11947,▁nurse,-11687
11948,▁tower,-11688
11949,▁Visual,-11689
11950,▁handled,-11690
11951,▁magazines,-11691
11952,onia,-11692
11953,▁Investment,-11693
11954,hard,-11694
11955,▁Imm,-11695
11956,rowave,-11696
11957,▁complimentary,-11697
11958,▁LE,-11698
11959,▁Gib,-11699
11960,▁Item,-11700
11961,▁devoted,-11701
11962,▁interse,-11702
11963,▁identification,-11703
11964,▁Clar,-11704
11965,western,-11705
11966,▁Morning,-11706
11967,▁MO,-11707
11968,▁Kay,-11708
11969,▁judges,-11709
11970,ceptions,-11710
11971,▁funeral,-11711
11972,""")",-11712
11973,anth,-11713
11974,▁innoc,-11714
11975,▁Gordon,-11715
11976,▁Sweden,-11716
11977,▁satellite,-11717
11978,aul,-11718
11979,whe,-11719
11980,▁Captain,-11720
11981,▁fears,-11721
11982,▁damages,-11722
11983,▁winds,-11723
11984,▁Leader,-11724
11985,▁homemade,-11725
11986,▁Production,-11726
11987,▁canvas,-11727
11988,▁Strateg,-11728
11989,▁Convention,-11729
11990,alia,-11730
11991,Point,-11731
11992,▁Voice,-11732
11993,▁Recommend,-11733
11994,▁Fan,-11734
11995,amily,-11735
11996,▁convin,-11736
11997,▁Parliament,-11737
11998,pling,-11738
11999,▁grip,-11739
12000,▁Michelle,-11740
12001,▁addiction,-11741
12002,▁soy,-11742
12003,ruptcy,-11743
12004,▁Tampa,-11744
12005,pres,-11745
12006,▁Rent,-11746
12007,▁noon,-11747
12008,laimed,-11748
12009,▁rewards,-11749
12010,quest,-11750
12011,▁Ger,-11751
12012,▁Pra,-11752
12013,▁boats,-11753
12014,▁Orlando,-11754
12015,▁climbing,-11755
12016,▁boundaries,-11756
12017,▁herbs,-11757
12018,▁homeowners,-11758
12019,▁disabilities,-11759
12020,▁AW,-11760
12021,allel,-11761
12022,isode,-11762
12023,▁Adams,-11763
12024,▁crafts,-11764
12025,▁inclus,-11765
12026,▁lighter,-11766
12027,▁Intellig,-11767
12028,▁Something,-11768
12029,uz,-11769
12030,▁Chen,-11770
12031,▁Manh,-11771
12032,DAY,-11772
12033,ylon,-11773
12034,▁Anti,-11774
12035,▁sponsors,-11775
12036,hist,-11776
12037,▁Jacob,-11777
12038,ictions,-11778
12039,working,-11779
12040,▁blogging,-11780
12041,▁attendees,-11781
12042,▁Innovation,-11782
12043,ju,-11783
12044,▁Tig,-11784
12045,▁leak,-11785
12046,▁snack,-11786
12047,▁harmful,-11787
12048,▁ranking,-11788
12049,▁engineer,-11789
12050,▁reminded,-11790
12051,▁saves,-11791
12052,▁cultiv,-11792
12053,▁genetic,-11793
12054,▁celebrity,-11794
12055,ielder,-11795
12056,▁fabrics,-11796
12057,▁pumpkin,-11797
12058,▁execution,-11798
12059,▁resistant,-11799
12060,▁navigation,-11800
12061,▁Hug,-11801
12062,▁supportive,-11802
12063,sub,-11803
12064,▁ende,-11804
12065,▁prescription,-11805
12066,▁jam,-11806
12067,▁snacks,-11807
12068,▁violent,-11808
12069,▁Elementary,-11809
12070,▁attempting,-11810
12071,ni,-11811
12072,▁wore,-11812
12073,▁Domin,-11813
12074,▁Ridge,-11814
12075,▁hockey,-11815
12076,bat,-11816
12077,▁Nice,-11817
12078,▁ruled,-11818
12079,▁Dakota,-11819
12080,▁coupon,-11820
12081,▁pron,-11821
12082,▁chill,-11822
12083,sk,-11823
12084,IES,-11824
12085,▁Cass,-11825
12086,mitting,-11826
12087,▁Retail,-11827
12088,▁grades,-11828
12089,▁hiking,-11829
12090,▁launching,-11830
12091,track,-11831
12092,▁Tower,-11832
12093,▁accompany,-11833
12094,▁daughters,-11834
12095,▁enormous,-11835
12096,▁cer,-11836
12097,▁jumped,-11837
12098,▁varieties,-11838
12099,neath,-11839
12100,▁Beth,-11840
12101,▁Coun,-11841
12102,▁unne,-11842
12103,▁apolog,-11843
12104,▁pear,-11844
12105,▁Hello,-11845
12106,▁Independent,-11846
12107,▁undergraduate,-11847
12108,▁Ach,-11848
12109,▁Kel,-11849
12110,▁argue,-11850
12111,▁theft,-11851
12112,▁eastern,-11852
12113,▁Commissioner,-11853
12114,▁headquarters,-11854
12115,Phot,-11855
12116,ante,-11856
12117,▁Fal,-11857
12118,▁portal,-11858
12119,▁shadow,-11859
12120,▁claiming,-11860
12121,!).,-11861
12122,bled,-11862
12123,unct,-11863
12124,school,-11864
12125,▁Partner,-11865
12126,▁agricultural,-11866
12127,service,-11867
12128,▁Ian,-11868
12129,▁Baker,-11869
12130,▁vegan,-11870
12131,▁logged,-11871
12132,▁trademark,-11872
12133,▁subsequent,-11873
12134,Go,-11874
12135,▁owns,-11875
12136,cribed,-11876
12137,▁Paint,-11877
12138,▁rocks,-11878
12139,▁Franklin,-11879
12140,▁Scottish,-11880
12141,▁harsh,-11881
12142,▁Studios,-11882
12143,▁Thailand,-11883
12144,▁separately,-11884
12145,▁intelligent,-11885
12146,▁Multi,-11886
12147,▁tricks,-11887
12148,▁controversial,-11888
12149,eneath,-11889
12150,▁Players,-11890
12151,anne,-11891
12152,▁Graham,-11892
12153,▁FDA,-11893
12154,etooth,-11894
12155,▁Prices,-11895
12156,▁suicide,-11896
12157,▁adorable,-11897
12158,▁libraries,-11898
12159,▁..,-11899
12160,auge,-11900
12161,▁Chef,-11901
12162,▁Advert,-11902
12163,▁stitch,-11903
12164,▁tribute,-11904
12165,▁partnerships,-11905
12166,rons,-11906
12167,▁Parker,-11907
12168,▁expects,-11908
12169,▁traditions,-11909
12170,kyo,-11910
12171,ilarly,-11911
12172,▁Wright,-11912
12173,GS,-11913
12174,▁jury,-11914
12175,▁tastes,-11915
12176,▁tomato,-11916
12177,▁robot,-11917
12178,▁inning,-11918
12179,▁shorter,-11919
12180,▁contributing,-11920
12181,▁Edge,-11921
12182,▁Repair,-11922
12183,▁valued,-11923
12184,▁Century,-11924
12185,▁Between,-11925
12186,▁retreat,-11926
12187,▁MI,-11927
12188,ieces,-11928
12189,▁Grey,-11929
12190,▁Todd,-11930
12191,▁closet,-11931
12192,▁hungry,-11932
12193,▁speeds,-11933
12194,▁Crystal,-11934
12195,▁refreshing,-11935
12196,▁horn,-11936
12197,itarian,-11937
12198,▁casinos,-11938
12199,▁Olympics,-11939
12200,▁appearances,-11940
12201,▁promotional,-11941
12202,ibe,-11942
12203,▁fut,-11943
12204,▁grows,-11944
12205,mediate,-11945
12206,itzerland,-11946
12207,Are,-11947
12208,▁Stir,-11948
12209,▁thesis,-11949
12210,▁License,-11950
12211,▁underlying,-11951
12212,▁Chi,-11952
12213,resist,-11953
12214,▁Greater,-11954
12215,▁Islamic,-11955
12216,▁specially,-11956
12217,▁welcoming,-11957
12218,▁Philippines,-11958
12219,lace,-11959
12220,▁mobility,-11960
12221,▁executives,-11961
12222,▁gray,-11962
12223,▁Notes,-11963
12224,▁detection,-11964
12225,will,-11965
12226,▁beta,-11966
12227,▁ethnic,-11967
12228,oin,-11968
12229,▁Emb,-11969
12230,▁Born,-11970
12231,▁Tyler,-11971
12232,▁Senator,-11972
12233,▁encourages,-11973
12234,▁Vac,-11974
12235,▁demo,-11975
12236,▁Islands,-11976
12237,▁prosecut,-11977
12238,▁secretary,-11978
12239,ethe,-11979
12240,▁ranks,-11980
12241,▁drew,-11981
12242,▁Woman,-11982
12243,▁Stories,-11983
12244,▁dimensions,-11984
12245,cul,-11985
12246,held,-11986
12247,▁caf,-11987
12248,While,-11988
12249,▁Prop,-11989
12250,▁Swiss,-11990
12251,illance,-11991
12252,▁Morris,-11992
12253,▁troubles,-11993
12254,encil,-11994
12255,IE,-11995
12256,▁folk,-11996
12257,▁lined,-11997
12258,▁discipline,-11998
12259,thon,-11999
12260,▁Guy,-12000
12261,▁Fill,-12001
12262,▁neat,-12002
12263,▁Basic,-12003
12264,▁criticism,-12004
12265,▁unfortunately,-12005
12266,cs,-12006
12267,▁audit,-12007
12268,▁shake,-12008
12269,▁Transfer,-12009
12270,▁accepting,-12010
12271,eals,-12011
12272,▁Dragon,-12012
12273,▁charts,-12013
12274,▁teaches,-12014
12275,nell,-12015
12276,they,-12016
12277,itcher,-12017
12278,▁glory,-12018
12279,▁Rachel,-12019
12280,▁Toyota,-12020
12281,▁Profile,-12021
12282,▁dealers,-12022
12283,▁vaccine,-12023
12284,▁weekends,-12024
12285,vi,-12025
12286,iev,-12026
12287,▁fer,-12027
12288,▁nick,-12028
12289,▁spotted,-12029
12290,▁EST,-12030
12291,▁Administr,-12031
12292,▁computing,-12032
12293,user,-12033
12294,▁Crim,-12034
12295,▁Hans,-12035
12296,▁Syria,-12036
12297,▁Housing,-12037
12298,▁investigating,-12038
12299,rors,-12039
12300,size,-12040
12301,▁Turk,-12041
12302,▁reun,-12042
12303,▁Pool,-12043
12304,▁Pros,-12044
12305,▁inev,-12045
12306,▁Fisher,-12046
12307,▁propri,-12047
12308,▁embarrass,-12048
12309,▁Rol,-12049
12310,▁Used,-12050
12311,▁copper,-12051
12312,har,-12052
12313,wal,-12053
12314,erver,-12054
12315,▁Links,-12055
12316,▁lenses,-12056
12317,▁affairs,-12057
12318,▁closure,-12058
12319,▁reflection,-12059
12320,▁individually,-12060
12321,Os,-12061
12322,itchell,-12062
12323,▁Really,-12063
12324,▁riders,-12064
12325,▁Avoid,-12065
12326,▁hesitate,-12066
12327,▁accordance,-12067
12328,▁dying,-12068
12329,▁Fitness,-12069
12330,▁pad,-12070
12331,paren,-12071
12332,▁kits,-12072
12333,▁Taiwan,-12073
12334,▁Feature,-12074
12335,▁Technologies,-12075
12336,▁Ward,-12076
12337,▁bikes,-12077
12338,▁patent,-12078
12339,▁satisfy,-12079
12340,▁transferred,-12080
12341,▁Ori,-12081
12342,marks,-12082
12343,▁Anim,-12083
12344,▁Feed,-12084
12345,▁twin,-12085
12346,▁Jerry,-12086
12347,▁fundraising,-12087
12348,▁MORE,-12088
12349,▁torn,-12089
12350,▁Sugar,-12090
12351,▁disag,-12091
12352,▁resil,-12092
12353,arrings,-12093
12354,▁surviv,-12094
12355,▁infections,-12095
12356,▁handles,-12096
12357,▁programmes,-12097
12358,▁Grade,-12098
12359,leading,-12099
12360,▁guided,-12100
12361,▁FC,-12101
12362,▁WA,-12102
12363,▁dup,-12103
12364,▁jet,-12104
12365,▁NCAA,-12105
12366,▁heal,-12106
12367,▁Beyond,-12107
12368,▁Nevada,-12108
12369,▁Respons,-12109
12370,▁Excellent,-12110
12371,▁opponents,-12111
12372,▁Sett,-12112
12373,▁bail,-12113
12374,▁bother,-12114
12375,▁Sustain,-12115
12376,▁signals,-12116
12377,▁freel,-12117
12378,▁sunny,-12118
12379,▁honestly,-12119
12380,▁crisp,-12120
12381,▁Others,-12121
12382,▁filters,-12122
12383,▁printer,-12123
12384,▁BMW,-12124
12385,senal,-12125
12386,▁suited,-12126
12387,▁thankful,-12127
12388,▁agriculture,-12128
12389,IDS,-12129
12390,idity,-12130
12391,▁Hend,-12131
12392,▁Rice,-12132
12393,▁rect,-12133
12394,▁Sleep,-12134
12395,▁parameters,-12135
12396,chair,-12136
12397,▁console,-12137
12398,▁custody,-12138
12399,▁spam,-12139
12400,▁divers,-12140
12401,▁beating,-12141
12402,▁demanding,-12142
12403,▁Operations,-12143
12404,ao,-12144
12405,▁boil,-12145
12406,▁builds,-12146
12407,▁backyard,-12147
12408,▁Od,-12148
12409,▁Duke,-12149
12410,▁Frame,-12150
12411,▁composed,-12151
12412,▁presenting,-12152
12413,▁Emily,-12153
12414,▁Vision,-12154
12415,aus,-12155
12416,anut,-12156
12417,▁Java,-12157
12418,▁Kath,-12158
12419,▁enemies,-12159
12420,uity,-12160
12421,erald,-12161
12422,▁NASA,-12162
12423,▁squee,-12163
12424,▁Taking,-12164
12425,▁Improve,-12165
12426,▁outlets,-12166
12427,▁Broadway,-12167
12428,▁precision,-12168
12429,▁principle,-12169
12430,esc,-12170
12431,▁beliefs,-12171
12432,reck,-12172
12433,▁bin,-12173
12434,▁Islam,-12174
12435,▁sacrif,-12175
12436,irmingham,-12176
12437,▁variations,-12177
12438,▁Egg,-12178
12439,▁Soph,-12179
12440,▁tops,-12180
12441,▁sweat,-12181
12442,▁Category,-12182
12443,allow,-12183
12444,ching,-12184
12445,▁scal,-12185
12446,▁regards,-12186
12447,▁Programs,-12187
12448,▁containers,-12188
12449,▁restoration,-12189
12450,kend,-12190
12451,urers,-12191
12452,▁Gray,-12192
12453,▁hint,-12193
12454,herent,-12194
12455,▁Terry,-12195
12456,▁trash,-12196
12457,▁laboratory,-12197
12458,▁Sel,-12198
12459,▁Favor,-12199
12460,▁ought,-12200
12461,▁Condition,-12201
12462,▁motorcycle,-12202
12463,▁lid,-12203
12464,▁receiver,-12204
12465,lig,-12205
12466,▁rede,-12206
12467,▁analysts,-12207
12468,hu,-12208
12469,▁Fell,-12209
12470,▁Verm,-12210
12471,▁glue,-12211
12472,▁Conserv,-12212
12473,master,-12213
12474,▁tongue,-12214
12475,▁talents,-12215
12476,▁Instruct,-12216
12477,▁measuring,-12217
12478,▁Christians,-12218
12479,elta,-12219
12480,▁Diet,-12220
12481,▁Drop,-12221
12482,▁Hamp,-12222
12483,▁refers,-12223
12484,▁highway,-12224
12485,▁mothers,-12225
12486,▁confused,-12226
12487,▁Hopefully,-12227
12488,oks,-12228
12489,elect,-12229
12490,green,-12230
12491,▁pond,-12231
12492,umbers,-12232
12493,▁booked,-12233
12494,▁ignore,-12234
12495,▁Consumer,-12235
12496,▁arranged,-12236
12497,▁Manhattan,-12237
12498,▁Hunt,-12238
12499,▁peer,-12239
12500,▁Keith,-12240
12501,▁envelop,-12241
12502,▁patience,-12242
12503,▁Soul,-12243
12504,▁soda,-12244
12505,▁Honda,-12245
12506,▁Tokyo,-12246
12507,▁Douglas,-12247
12508,▁identifying,-12248
12509,▁Ale,-12249
12510,▁medic,-12250
12511,▁Warren,-12251
12512,▁gaining,-12252
12513,iar,-12253
12514,erals,-12254
12515,▁Path,-12255
12516,▁intim,-12256
12517,▁Rating,-12257
12518,▁Resource,-12258
12519,▁Originally,-12259
12520,▁distinctive,-12260
12521,oting,-12261
12522,▁Netflix,-12262
12523,▁tourists,-12263
12524,▁convinced,-12264
12525,▁rides,-12265
12526,written,-12266
12527,▁corners,-12267
12528,▁advocate,-12268
12529,▁analytics,-12269
12530,▁recycling,-12270
12531,▁measurement,-12271
12532,▁MC,-12272
12533,▁Hit,-12273
12534,▁Jimmy,-12274
12535,▁Eagles,-12275
12536,▁Weekly,-12276
12537,▁instructor,-12277
12538,HC,-12278
12539,OX,-12279
12540,▁Hud,-12280
12541,▁Hell,-12281
12542,▁organize,-12282
12543,▁Equipment,-12283
12544,amins,-12284
12545,▁Ultra,-12285
12546,▁prospective,-12286
12547,Aut,-12287
12548,▁Abs,-12288
12549,▁Tag,-12289
12550,ostic,-12290
12551,▁bones,-12291
12552,▁shore,-12292
12553,▁thumb,-12293
12554,▁Listen,-12294
12555,▁facial,-12295
12556,▁vinegar,-12296
12557,▁whereas,-12297
12558,▁dropping,-12298
12559,▁surg,-12299
12560,▁wage,-12300
12561,ometer,-12301
12562,▁drawings,-12302
12563,▁addressing,-12303
12564,▁Hat,-12304
12565,rylic,-12305
12566,isting,-12306
12567,▁rolls,-12307
12568,▁portray,-12308
12569,▁durability,-12309
12570,ivic,-12310
12571,▁Spa,-12311
12572,▁pays,-12312
12573,▁breed,-12313
12574,▁grill,-12314
12575,▁clever,-12315
12576,▁Nob,-12316
12577,▁dear,-12317
12578,ernand,-12318
12579,▁stepped,-12319
12580,▁adequate,-12320
12581,▁graduation,-12321
12582,acht,-12322
12583,▁Fly,-12323
12584,▁ank,-12324
12585,▁globally,-12325
12586,▁Kr,-12326
12587,omore,-12327
12588,▁Stream,-12328
12589,▁Regular,-12329
12590,▁utilizing,-12330
12591,onde,-12331
12592,lation,-12332
12593,▁Buffalo,-12333
12594,Mon,-12334
12595,▁Gay,-12335
12596,▁Lay,-12336
12597,▁islands,-12337
12598,▁modules,-12338
12599,▁investor,-12339
12600,▁seemingly,-12340
12601,▁substitute,-12341
12602,▁Alb,-12342
12603,▁Rather,-12343
12604,▁intake,-12344
12605,▁Gardens,-12345
12606,▁creatures,-12346
12607,▁lun,-12347
12608,▁Zone,-12348
12609,▁Citiz,-12349
12610,ificent,-12350
12611,parency,-12351
12612,▁Usually,-12352
12613,▁charming,-12353
12614,▁maximize,-12354
12615,▁weakness,-12355
12616,lington,-12356
12617,▁Collins,-12357
12618,▁Customers,-12358
12619,pa,-12359
12620,stairs,-12360
12621,▁parad,-12361
12622,▁Switzerland,-12362
12623,▁Communication,-12363
12624,▁awa,-12364
12625,▁interactions,-12365
12626,mel,-12366
12627,mental,-12367
12628,▁Greece,-12368
12629,▁longest,-12369
12630,▁compelling,-12370
12631,▁conferences,-12371
12632,▁vig,-12372
12633,ificates,-12373
12634,▁Tar,-12374
12635,▁liver,-12375
12636,▁sliced,-12376
12637,ventions,-12377
12638,Let,-12378
12639,▁Fu,-12379
12640,▁boasts,-12380
12641,▁LOVE,-12381
12642,▁lover,-12382
12643,▁ginger,-12383
12644,▁Palestin,-12384
12645,▁tropical,-12385
12646,▁independently,-12386
12647,aft,-12387
12648,lette,-12388
12649,▁carb,-12389
12650,▁disk,-12390
12651,apters,-12391
12652,▁Around,-12392
12653,▁Freedom,-12393
12654,▁Campbell,-12394
12655,▁retailer,-12395
12656,▁sequence,-12396
12657,▁integrate,-12397
12658,▁Veh,-12398
12659,▁Boot,-12399
12660,▁Faith,-12400
12661,▁batch,-12401
12662,▁moderate,-12402
12663,▁neighbour,-12403
12664,▁intervention,-12404
12665,arma,-12405
12666,▁Oft,-12406
12667,▁hills,-12407
12668,wy,-12408
12669,▁tile,-12409
12670,▁baked,-12410
12671,▁Romney,-12411
12672,▁converted,-12412
12673,▁acceptable,-12413
12674,Car,-12414
12675,hero,-12415
12676,▁triple,-12416
12677,▁sporting,-12417
12678,▁arrangement,-12418
12679,▁Bio,-12419
12680,▁Fer,-12420
12681,▁Pad,-12421
12682,Click,-12422
12683,▁Murray,-12423
12684,▁roster,-12424
12685,▁Serve,-12425
12686,▁Deputy,-12426
12687,▁refresh,-12427
12688,▁starter,-12428
12689,▁Question,-12429
12690,▁deserves,-12430
12691,ME,-12431
12692,▁Mas,-12432
12693,▁safer,-12433
12694,▁steep,-12434
12695,▁floral,-12435
12696,▁invested,-12436
12697,azy,-12437
12698,onge,-12438
12699,▁scroll,-12439
12700,▁worlds,-12440
12701,▁bacon,-12441
12702,▁conce,-12442
12703,▁metab,-12443
12704,▁oxygen,-12444
12705,▁stones,-12445
12706,▁packing,-12446
12707,▁basement,-12447
12708,▁Caribbean,-12448
12709,▁agreements,-12449
12710,▁cere,-12450
12711,▁rejected,-12451
12712,uy,-12452
12713,”),-12453
12714,▁Ay,-12454
12715,▁Kl,-12455
12716,▁cree,-12456
12717,▁Bitcoin,-12457
12718,▁promising,-12458
12719,ORK,-12459
12720,▁ARE,-12460
12721,▁ghost,-12461
12722,▁Barcel,-12462
12723,▁cure,-12463
12724,▁centuries,-12464
12725,▁permitted,-12465
12726,▁supplements,-12466
12727,▁Vi,-12467
12728,▁cogn,-12468
12729,worthy,-12469
12730,▁horiz,-12470
12731,▁archive,-12471
12732,NC,-12472
12733,▁dairy,-12473
12734,▁Racing,-12474
12735,▁blocked,-12475
12736,▁establishment,-12476
12737,plan,-12477
12738,▁duo,-12478
12739,▁ine,-12479
12740,▁draws,-12480
12741,▁Barack,-12481
12742,▁travels,-12482
12743,▁Mitchell,-12483
12744,▁Syn,-12484
12745,▁gut,-12485
12746,▁Patri,-12486
12747,▁Warri,-12487
12748,▁compound,-12488
12749,▁priorities,-12489
12750,▁hike,-12490
12751,▁sticks,-12491
12752,▁Pictures,-12492
12753,▁handmade,-12493
12754,▁structural,-12494
12755,▁***,-12495
12756,▁wool,-12496
12757,uitive,-12497
12758,mg,-12498
12759,▁od,-12499
12760,▁bron,-12500
12761,ottage,-12501
12762,uv,-12502
12763,▁Close,-12503
12764,▁deter,-12504
12765,istical,-12505
12766,▁worthy,-12506
12767,▁appealing,-12507
12768,▁Applications,-12508
12769,pace,-12509
12770,▁Dad,-12510
12771,itects,-12511
12772,UI,-12512
12773,Jan,-12513
12774,bet,-12514
12775,▁Left,-12515
12776,▁wings,-12516
12777,▁mart,-12517
12778,▁Robin,-12518
12779,▁heated,-12519
12780,▁margin,-12520
12781,▁Clinical,-12521
12782,▁technological,-12522
12783,Eng,-12523
12784,▁Alt,-12524
12785,▁syrup,-12525
12786,▁Expert,-12526
12787,▁cocktail,-12527
12788,▁underneath,-12528
12789,code,-12529
12790,▁Ideas,-12530
12791,▁praise,-12531
12792,▁relate,-12532
12793,▁universal,-12533
12794,ipedia,-12534
12795,▁defeated,-12535
12796,▁graduates,-12536
12797,▁shame,-12537
12798,▁Birmingham,-12538
12799,▁Rank,-12539
12800,▁slices,-12540
12801,▁departure,-12541
12802,▁preventing,-12542
12803,▁journalists,-12543
12804,ARE,-12544
12805,▁jar,-12545
12806,▁flip,-12546
12807,▁endorse,-12547
12808,▁Indonesia,-12548
12809,arer,-12549
12810,▁Joh,-12550
12811,▁Treas,-12551
12812,▁burden,-12552
12813,▁quoted,-12553
12814,▁backing,-12554
12815,▁pollution,-12555
12816,▁Ful,-12556
12817,▁eco,-12557
12818,ijing,-12558
12819,inery,-12559
12820,umbai,-12560
12821,▁RO,-12561
12822,▁Boys,-12562
12823,▁Flex,-12563
12824,▁Masters,-12564
12825,▁dive,-12565
12826,achers,-12566
12827,▁Cards,-12567
12828,▁bride,-12568
12829,▁Proble,-12569
12830,▁Monitor,-12570
12831,▁citizen,-12571
12832,▁invitation,-12572
12833,▁corporations,-12573
12834,▁Prob,-12574
12835,▁lying,-12575
12836,▁Theater,-12576
12837,▁neglect,-12577
12838,aws,-12578
12839,▁Ky,-12579
12840,▁CAN,-12580
12841,ogurt,-12581
12842,▁excessive,-12582
12843,RO,-12583
12844,Home,-12584
12845,▁shar,-12585
12846,▁allegations,-12586
12847,▁appointments,-12587
12848,▁RAM,-12588
12849,▁gem,-12589
12850,▁thy,-12590
12851,▁superm,-12591
12852,▁tempor,-12592
12853,▁secrets,-12593
12854,▁SEC,-12594
12855,▁politicians,-12595
12856,▁cycling,-12596
12857,▁Sri,-12597
12858,▁Evans,-12598
12859,▁Career,-12599
12860,▁silent,-12600
12861,ORD,-12601
12862,▁Arena,-12602
12863,▁Costa,-12603
12864,▁educate,-12604
12865,▁overlook,-12605
12866,▁ic,-12606
12867,▁Shan,-12607
12868,orient,-12608
12869,▁inflation,-12609
12870,Fl,-12610
12871,oline,-12611
12872,ocking,-12612
12873,▁Blues,-12613
12874,▁peers,-12614
12875,▁Browse,-12615
12876,▁analyze,-12616
12877,First,-12617
12878,▁welfare,-12618
12879,ropolitan,-12619
12880,▁aesthetic,-12620
12881,▁smartphones,-12621
12882,▁knowledgeable,-12622
12883,lett,-12623
12884,▁Hem,-12624
12885,otype,-12625
12886,▁delet,-12626
12887,▁renewable,-12627
12888,▁Oscar,-12628
12889,▁neuro,-12629
12890,▁scary,-12630
12891,▁Pap,-12631
12892,assador,-12632
12893,▁Baseball,-12633
12894,▁deciding,-12634
12895,▁Sold,-12635
12896,idding,-12636
12897,▁cleaned,-12637
12898,▁communic,-12638
12899,▁opponent,-12639
12900,▁appearing,-12640
12901,▁Swe,-12641
12902,About,-12642
12903,▁hass,-12643
12904,▁paths,-12644
12905,▁recruitment,-12645
12906,Best,-12646
12907,▁Khan,-12647
12908,ONE,-12648
12909,ango,-12649
12910,▁Dest,-12650
12911,▁Yeah,-12651
12912,attered,-12652
12913,▁mysterious,-12653
12914,Oct,-12654
12915,ublished,-12655
12916,ped,-12656
12917,John,-12657
12918,zech,-12658
12919,▁Guest,-12659
12920,▁alumni,-12660
12921,▁outlet,-12661
12922,▁Written,-12662
12923,▁momentum,-12663
12924,▁Dimensions,-12664
12925,amas,-12665
12926,roph,-12666
12927,▁Bapt,-12667
12928,▁Agree,-12668
12929,▁Marvel,-12669
12930,▁comply,-12670
12931,▁inject,-12671
12932,oni,-12672
12933,izard,-12673
12934,ulates,-12674
12935,▁encry,-12675
12936,▁inflamm,-12676
12937,▁ber,-12677
12938,▁env,-12678
12939,ailed,-12679
12940,▁stack,-12680
12941,▁Peters,-12681
12942,▁Bake,-12682
12943,▁runner,-12683
12944,▁consistency,-12684
12945,▁simultaneously,-12685
12946,▁Hung,-12686
12947,▁anger,-12687
12948,▁Opport,-12688
12949,▁potato,-12689
12950,▁premiere,-12690
12951,▁dependent,-12691
12952,Art,-12692
12953,▁quit,-12693
12954,fulness,-12694
12955,▁Native,-12695
12956,▁emerged,-12696
12957,▁leisure,-12697
12958,▁homework,-12698
12959,▁architectural,-12699
12960,dig,-12700
12961,Time,-12701
12962,▁fought,-12702
12963,▁psychological,-12703
12964,pg,-12704
12965,▁ups,-12705
12966,▁Horn,-12706
12967,▁Kyle,-12707
12968,▁Legisl,-12708
12969,▁delete,-12709
12970,iplinary,-12710
12971,▁Primary,-12711
12972,▁transit,-12712
12973,▁nutrients,-12713
12974,▁progressive,-12714
12975,▁Built,-12715
12976,▁quilt,-12716
12977,▁socks,-12717
12978,thod,-12718
12979,▁Karen,-12719
12980,▁mainstream,-12720
12981,▁VIP,-12721
12982,▁Managing,-12722
12983,▁cinnamon,-12723
12984,▁litigation,-12724
12985,eps,-12725
12986,▁FBI,-12726
12987,▁Gill,-12727
12988,▁bonds,-12728
12989,specific,-12729
12990,▁Payment,-12730
12991,▁orientation,-12731
12992,abad,-12732
12993,▁dip,-12733
12994,▁Emma,-12734
12995,▁todd,-12735
12996,▁Griff,-12736
12997,▁cleans,-12737
12998,▁sewing,-12738
12999,▁companion,-12739
13000,▁ingredient,-12740
13001,▁implications,-12741
13002,▁RV,-12742
13003,arel,-12743
13004,▁Nap,-12744
13005,▁maj,-12745
13006,▁Stri,-12746
13007,▁poem,-12747
13008,▁mattress,-12748
13009,borough,-12749
13010,▁Choice,-12750
13011,▁cleaner,-12751
13012,▁tablespoon,-12752
13013,▁acknowledge,-12753
13014,▁recycled,-12754
13015,ASS,-12755
13016,rac,-12756
13017,opes,-12757
13018,remy,-12758
13019,idges,-12759
13020,rogen,-12760
13021,▁gluten,-12761
13022,▁Graduate,-12762
13023,▁achievements,-12763
13024,Day,-12764
13025,ubs,-12765
13026,▁REAL,-12766
13027,▁Sent,-12767
13028,▁bake,-12768
13029,▁Commons,-12769
13030,▁closest,-12770
13031,trans,-12771
13032,▁Lakes,-12772
13033,▁Woods,-12773
13034,▁Faculty,-12774
13035,▁elderly,-12775
13036,▁passage,-12776
13037,▁Physical,-12777
13038,▁meditation,-12778
13039,▁notification,-12779
13040,oscow,-12780
13041,▁Gran,-12781
13042,▁eighth,-12782
13043,▁essence,-12783
13044,▁Campaign,-12784
13045,▁animation,-12785
13046,▁editorial,-12786
13047,▁bree,-12787
13048,▁beneath,-12788
13049,▁McDonald,-12789
13050,agu,-12790
13051,▁Carm,-12791
13052,▁bugs,-12792
13053,DI,-12793
13054,▁barg,-12794
13055,cos,-12795
13056,▁NOW,-12796
13057,▁Thai,-12797
13058,▁naked,-12798
13059,▁cooler,-12799
13060,▁authorized,-12800
13061,such,-12801
13062,▁Barcelona,-12802
13063,▁Mob,-12803
13064,inction,-12804
13065,▁terminal,-12805
13066,▁Panel,-12806
13067,▁retro,-12807
13068,ropriate,-12808
13069,▁Interior,-12809
13070,▁Ele,-12810
13071,▁Roger,-12811
13072,▁inbox,-12812
13073,ographer,-12813
13074,▁cuisine,-12814
13075,XX,-12815
13076,▁Saudi,-12816
13077,▁spouse,-12817
13078,▁abstract,-12818
13079,▁Fem,-12819
13080,▁fare,-12820
13081,▁lone,-12821
13082,▁Singh,-12822
13083,▁topped,-12823
13084,▁failing,-12824
13085,▁freshman,-12825
13086,▁Pret,-12826
13087,▁bump,-12827
13088,▁Honey,-12828
13089,▁visitor,-12829
13090,▁visibility,-12830
13091,Apr,-12831
13092,appro,-12832
13093,▁Brun,-12833
13094,▁Impact,-12834
13095,▁basics,-12835
13096,▁airline,-12836
13097,▁struggled,-12837
13098,▁gad,-12838
13099,encer,-12839
13100,▁Display,-12840
13101,▁variable,-12841
13102,▁Guid,-12842
13103,▁Vide,-12843
13104,▁skirt,-12844
13105,▁easiest,-12845
13106,▁Schedule,-12846
13107,▁customize,-12847
13108,▁convention,-12848
13109,intendo,-12849
13110,▁Platform,-12850
13111,▁browsing,-12851
13112,▁Federation,-12852
13113,oub,-12853
13114,ailing,-12854
13115,irable,-12855
13116,outube,-12856
13117,▁Cable,-12857
13118,▁radical,-12858
13119,▁revenues,-12859
13120,▁influenced,-12860
13121,▁'',-12861
13122,ardo,-12862
13123,closed,-12863
13124,▁bullet,-12864
13125,▁Fri,-12865
13126,▁Kid,-12866
13127,▁rab,-12867
13128,▁Reports,-12868
13129,elli,-12869
13130,ndant,-12870
13131,▁cited,-12871
13132,▁warming,-12872
13133,▁stressed,-12873
13134,▁grandchildren,-12874
13135,IAL,-12875
13136,driven,-12876
13137,▁Points,-12877
13138,▁multip,-12878
13139,iasm,-12879
13140,click,-12880
13141,▁inaug,-12881
13142,▁shield,-12882
13143,▁consolid,-12883
13144,▁journalist,-12884
13145,ele,-12885
13146,erto,-12886
13147,gary,-12887
13148,asive,-12888
13149,opter,-12889
13150,▁ramp,-12890
13151,Bay,-12891
13152,▁Sau,-12892
13153,▁slice,-12893
13154,▁Guarant,-12894
13155,▁pert,-12895
13156,kshire,-12896
13157,▁Linda,-12897
13158,▁sketch,-12898
13159,ritional,-12899
13160,▁Marshall,-12900
13161,▁convicted,-12901
13162,▁struggles,-12902
13163,▁Healthcare,-12903
13164,esis,-12904
13165,rary,-12905
13166,▁dentist,-12906
13167,▁complexity,-12907
13168,▁Added,-12908
13169,▁Nashville,-12909
13170,▁negotiations,-12910
13171,▁Flat,-12911
13172,attery,-12912
13173,▁shelves,-12913
13174,▁unemployment,-12914
13175,edar,-12915
13176,▁shit,-12916
13177,▁exempt,-12917
13178,▁honors,-12918
13179,▁literary,-12919
13180,ummer,-12920
13181,▁vendor,-12921
13182,▁deficit,-12922
13183,▁automation,-12923
13184,VI,-12924
13185,▁Fel,-12925
13186,ellery,-12926
13187,struct,-12927
13188,▁Knight,-12928
13189,▁hazard,-12929
13190,▁lining,-12930
13191,▁surgical,-12931
13192,▁classified,-12932
13193,apor,-12933
13194,▁practicing,-12934
13195,ITE,-12935
13196,umm,-12936
13197,umper,-12937
13198,▁fork,-12938
13199,aments,-12939
13200,▁Often,-12940
13201,▁Clinic,-12941
13202,▁portrait,-12942
13203,▁Breakfast,-12943
13204,▁silk,-12944
13205,▁vegg,-12945
13206,▁Lions,-12946
13207,▁Request,-12947
13208,▁notified,-12948
13209,▁travelers,-12949
13210,▁UP,-12950
13211,▁gloss,-12951
13212,rapeutic,-12952
13213,▁Shopping,-12953
13214,▁controller,-12954
13215,olo,-12955
13216,▁rebounds,-12956
13217,▁releasing,-12957
13218,▁understands,-12958
13219,ivan,-12959
13220,▁ate,-12960
13221,▁blast,-12961
13222,igenous,-12962
13223,▁transformed,-12963
13224,▁Rene,-12964
13225,verages,-12965
13226,▁Dublin,-12966
13227,▁Beijing,-12967
13228,▁Arkansas,-12968
13229,▁ESPN,-12969
13230,▁vacuum,-12970
13231,........,-12971
13232,▁Northwest,-12972
13233,▁acceptance,-12973
13234,Look,-12974
13235,▁NHL,-12975
13236,▁Mason,-12976
13237,▁trainer,-12977
13238,▁Wireless,-12978
13239,▁proceeds,-12979
13240,▁determination,-12980
13241,lon,-12981
13242,arms,-12982
13243,girl,-12983
13244,isor,-12984
13245,▁pose,-12985
13246,▁costly,-12986
13247,▁remembered,-12987
13248,▁Parks,-12988
13249,▁permits,-12989
13250,▁subscribers,-12990
13251,▁EM,-12991
13252,▁Sit,-12992
13253,▁packs,-12993
13254,▁killer,-12994
13255,▁limitations,-12995
13256,afood,-12996
13257,quire,-12997
13258,▁Surv,-12998
13259,▁joke,-12999
13260,▁Empire,-13000
13261,▁crossed,-13001
13262,▁notable,-13002
13263,▁solving,-13003
13264,▁continually,-13004
13265,▁considerable,-13005
13266,di,-13006
13267,▁threatened,-13007
13268,lla,-13008
13269,anka,-13009
13270,drop,-13010
13271,▁Ens,-13011
13272,▁Outdoor,-13012
13273,▁observe,-13013
13274,▁restricted,-13014
13275,Gl,-13015
13276,xual,-13016
13277,▁holder,-13017
13278,▁thirty,-13018
13279,pectives,-13019
13280,▁runners,-13020
13281,Friday,-13021
13282,▁Crown,-13022
13283,▁Fight,-13023
13284,▁incorporated,-13024
13285,fox,-13025
13286,▁Fit,-13026
13287,▁Ple,-13027
13288,▁Match,-13028
13289,▁groom,-13029
13290,▁commented,-13030
13291,▁municipal,-13031
13292,▁warehouse,-13032
13293,▁independence,-13033
13294,Dr,-13034
13295,your,-13035
13296,atson,-13036
13297,▁mayor,-13037
13298,▁accent,-13038
13299,▁Parents,-13039
13300,▁memorial,-13040
13301,▁affecting,-13041
13302,othy,-13042
13303,▁Lang,-13043
13304,▁inval,-13044
13305,▁medal,-13045
13306,▁Indeed,-13046
13307,▁Electronic,-13047
13308,▁underground,-13048
13309,▁BBQ,-13049
13310,▁discipl,-13050
13311,▁physicians,-13051
13312,hh,-13052
13313,▁embedded,-13053
13314,▁Materials,-13054
13315,▁specializes,-13055
13316,▁provisions,-13056
13317,UE,-13057
13318,▁Tip,-13058
13319,▁joins,-13059
13320,liminary,-13060
13321,▁Directors,-13061
13322,ACH,-13062
13323,▁Exhib,-13063
13324,▁Monte,-13064
13325,▁Stage,-13065
13326,▁lounge,-13066
13327,▁elementary,-13067
13328,BR,-13068
13329,▁MLS,-13069
13330,▁Soon,-13070
13331,agraph,-13071
13332,▁Storm,-13072
13333,▁Vista,-13073
13334,▁chick,-13074
13335,▁vessels,-13075
13336,▁connectivity,-13076
13337,TO,-13077
13338,lie,-13078
13339,▁Pul,-13079
13340,▁Seven,-13080
13341,▁elite,-13081
13342,▁wides,-13082
13343,▁coastal,-13083
13344,phony,-13084
13345,ovable,-13085
13346,▁hoped,-13086
13347,insp,-13087
13348,World,-13088
13349,anean,-13089
13350,▁incom,-13090
13351,arently,-13091
13352,▁immers,-13092
13353,▁decorated,-13093
13354,Tech,-13094
13355,pread,-13095
13356,▁Thor,-13096
13357,artered,-13097
13358,▁Teacher,-13098
13359,▁Route,-13099
13360,▁inclusion,-13100
13361,pers,-13101
13362,plete,-13102
13363,▁deadly,-13103
13364,▁vessel,-13104
13365,▁shoulders,-13105
13366,▁manufacture,-13106
13367,rek,-13107
13368,▁creator,-13108
13369,▁receipt,-13109
13370,▁populations,-13110
13371,▁almond,-13111
13372,▁strips,-13112
13373,▁Picture,-13113
13374,▁ethical,-13114
13375,▁reaches,-13115
13376,▁classical,-13116
13377,LP,-13117
13378,enery,-13118
13379,IZ,-13119
13380,ean,-13120
13381,▁Eagle,-13121
13382,news,-13122
13383,Black,-13123
13384,▁Snap,-13124
13385,▁clips,-13125
13386,▁crust,-13126
13387,▁drunk,-13127
13388,▁Dennis,-13128
13389,bn,-13129
13390,▁Aid,-13130
13391,▁Pour,-13131
13392,▁slides,-13132
13393,▁Advisory,-13133
13394,▁continuously,-13134
13395,hole,-13135
13396,rison,-13136
13397,etheless,-13137
13398,▁Bluetooth,-13138
13399,▁gradually,-13139
13400,▁heels,-13140
13401,▁loading,-13141
13402,▁Depending,-13142
13403,▁remod,-13143
13404,▁pension,-13144
13405,uh,-13145
13406,OUT,-13146
13407,base,-13147
13408,▁Nancy,-13148
13409,▁hence,-13149
13410,▁Hotels,-13150
13411,▁freely,-13151
13412,▁Liberty,-13152
13413,▁minimize,-13153
13414,▁relatives,-13154
13415,▁separated,-13155
13416,uated,-13156
13417,▁whisk,-13157
13418,compass,-13158
13419,▁stroll,-13159
13420,▁derived,-13160
13421,▁pipeline,-13161
13422,▁nationally,-13162
13423,▁SK,-13163
13424,▁Tes,-13164
13425,▁Medium,-13165
13426,▁traveled,-13166
13427,▁Economics,-13167
13428,▁conducting,-13168
13429,▁destruction,-13169
13430,oded,-13170
13431,rowing,-13171
13432,▁Jamie,-13172
13433,▁sells,-13173
13434,▁tiles,-13174
13435,▁Murphy,-13175
13436,▁radiation,-13176
13437,▁Clay,-13177
13438,alling,-13178
13439,▁Lower,-13179
13440,▁deemed,-13180
13441,'',-13181
13442,Med,-13182
13443,▁Spl,-13183
13444,atinum,-13184
13445,▁shout,-13185
13446,▁founding,-13186
13447,isd,-13187
13448,▁incidents,-13188
13449,▁inclusive,-13189
13450,▁grandmother,-13190
13451,Reg,-13191
13452,▁Eat,-13192
13453,▁collar,-13193
13454,▁abortion,-13194
13455,▁attacked,-13195
13456,assy,-13196
13457,▁Pure,-13197
13458,▁pedest,-13198
13459,▁startup,-13199
13460,bey,-13200
13461,▁Dal,-13201
13462,▁ampl,-13202
13463,▁nails,-13203
13464,▁kicked,-13204
13465,▁ranges,-13205
13466,▁improves,-13206
13467,mal,-13207
13468,uffy,-13208
13469,▁apples,-13209
13470,▁Episode,-13210
13471,▁Associates,-13211
13472,iop,-13212
13473,▁Worth,-13213
13474,▁Oracle,-13214
13475,▁Disease,-13215
13476,▁challenged,-13216
13477,▁unnecessary,-13217
13478,oooo,-13218
13479,▁Pic,-13219
13480,▁alerts,-13220
13481,▁sensors,-13221
13482,▁technicians,-13222
13483,fi,-13223
13484,agne,-13224
13485,idel,-13225
13486,▁Naz,-13226
13487,ooting,-13227
13488,▁Adjust,-13228
13489,▁humanity,-13229
13490,▁conjunction,-13230
13491,zo,-13231
13492,▁Mes,-13232
13493,cedes,-13233
13494,▁Grove,-13234
13495,▁coins,-13235
13496,▁comed,-13236
13497,▁digit,-13237
13498,▁congress,-13238
13499,▁violation,-13239
13500,▁Haz,-13240
13501,▁delays,-13241
13502,corn,-13242
13503,▁CNN,-13243
13504,▁Rio,-13244
13505,▁Risk,-13245
13506,▁Cotton,-13246
13507,▁Agriculture,-13247
13508,mi,-13248
13509,▁pairs,-13249
13510,▁puzzle,-13250
13511,▁Healthy,-13251
13512,▁floating,-13252
13513,▁camps,-13253
13514,▁Hus,-13254
13515,▁IBM,-13255
13516,▁Ing,-13256
13517,▁Madrid,-13257
13518,▁reminds,-13258
13519,▁Revolution,-13259
13520,IRE,-13260
13521,▁tar,-13261
13522,▁woods,-13262
13523,▁Brandon,-13263
13524,▁lawmakers,-13264
13525,▁fel,-13265
13526,▁Billy,-13266
13527,▁spoon,-13267
13528,▁plugin,-13268
13529,▁experimental,-13269
13530,ocial,-13270
13531,▁melt,-13271
13532,▁clarity,-13272
13533,▁tasting,-13273
13534,ographical,-13274
13535,▁nominated,-13275
13536,▁legislative,-13276
13537,▁interpretation,-13277
13538,ACE,-13278
13539,▁visa,-13279
13540,▁steal,-13280
13541,▁volunt,-13281
13542,▁Vitamin,-13282
13543,▁fortunate,-13283
13544,▁enthusiasm,-13284
13545,▁backgrounds,-13285
13546,▁Cav,-13286
13547,▁lamp,-13287
13548,▁Capit,-13288
13549,▁Palace,-13289
13550,▁mutual,-13290
13551,▁advisor,-13291
13552,ugly,-13292
13553,ocate,-13293
13554,▁chic,-13294
13555,▁fier,-13295
13556,▁Volume,-13296
13557,▁Delta,-13297
13558,▁fails,-13298
13559,▁inhib,-13299
13560,▁landed,-13300
13561,▁suppose,-13301
13562,▁crossing,-13302
13563,▁discrimination,-13303
13564,URE,-13304
13565,cha,-13305
13566,duct,-13306
13567,▁Spect,-13307
13568,▁scared,-13308
13569,▁nearest,-13309
13570,▁Military,-13310
13571,▁attracted,-13311
13572,▁straightforward,-13312
13573,iator,-13313
13574,▁Vill,-13314
13575,▁slim,-13315
13576,▁modes,-13316
13577,▁Linked,-13317
13578,▁Fortunately,-13318
13579,igue,-13319
13580,mons,-13320
13581,arium,-13321
13582,▁holders,-13322
13583,▁bathrooms,-13323
13584,▁magnificent,-13324
13585,▁Championships,-13325
13586,AE,-13326
13587,illo,-13327
13588,some,-13328
13589,▁Barry,-13329
13590,▁Horse,-13330
13591,▁Rangers,-13331
13592,▁adjusted,-13332
13593,iov,-13333
13594,bris,-13334
13595,▁Tob,-13335
13596,quisite,-13336
13597,▁defence,-13337
13598,▁decorative,-13338
13599,bec,-13339
13600,Back,-13340
13601,▁Bos,-13341
13602,stage,-13342
13603,strong,-13343
13604,▁crops,-13344
13605,▁Johnny,-13345
13606,▁harass,-13346
13607,▁Cameron,-13347
13608,▁targeting,-13348
13609,▁Certificate,-13349
13610,mir,-13350
13611,ontal,-13351
13612,▁Defin,-13352
13613,▁argued,-13353
13614,▁serial,-13354
13615,▁recruiting,-13355
13616,sor,-13356
13617,▁Tigers,-13357
13618,▁streak,-13358
13619,▁warmth,-13359
13620,bin,-13360
13621,roe,-13361
13622,arat,-13362
13623,▁unpre,-13363
13624,▁Budget,-13364
13625,▁broader,-13365
13626,▁farming,-13366
13627,▁intensity,-13367
13628,lan,-13368
13629,▁Lag,-13369
13630,▁shirts,-13370
13631,▁coating,-13371
13632,▁wardrobe,-13372
13633,▁dramatically,-13373
13634,omer,-13374
13635,▁paired,-13375
13636,▁arrives,-13376
13637,ucker,-13377
13638,▁yeah,-13378
13639,▁Chand,-13379
13640,▁congr,-13380
13641,▁Driver,-13381
13642,▁restored,-13382
13643,▁strengths,-13383
13644,▁Sin,-13384
13645,▁Luther,-13385
13646,▁regime,-13386
13647,▁delayed,-13387
13648,▁matched,-13388
13649,ogan,-13389
13650,▁Alf,-13390
13651,▁Doug,-13391
13652,▁revers,-13392
13653,▁Parking,-13393
13654,▁Hampshire,-13394
13655,NET,-13395
13656,urdy,-13396
13657,▁Aer,-13397
13658,▁Marie,-13398
13659,▁brack,-13399
13660,▁exams,-13400
13661,▁Mumbai,-13401
13662,▁abandoned,-13402
13663,▁Throughout,-13403
13664,pert,-13404
13665,cover,-13405
13666,imens,-13406
13667,▁tbsp,-13407
13668,▁Circle,-13408
13669,▁Script,-13409
13670,▁liberal,-13410
13671,▁manifest,-13411
13672,anas,-13412
13673,▁Fif,-13413
13674,▁Lie,-13414
13675,rates,-13415
13676,forced,-13416
13677,▁Poland,-13417
13678,▁instances,-13418
13679,oard,-13419
13680,▁Sandy,-13420
13681,▁Climate,-13421
13682,▁Package,-13422
13683,▁rebuild,-13423
13684,▁combining,-13424
13685,.:,-13425
13686,▁tob,-13426
13687,▁Agent,-13427
13688,▁sooner,-13428
13689,▁animated,-13429
13690,▁referring,-13430
13691,▁sustained,-13431
13692,▁surprisingly,-13432
13693,bra,-13433
13694,may,-13434
13695,Over,-13435
13696,uming,-13436
13697,watch,-13437
13698,▁loyalty,-13438
13699,▁Richards,-13439
13700,▁Nutrition,-13440
13701,▁approached,-13441
13702,▁calculated,-13442
13703,▁Swedish,-13443
13704,▁moistur,-13444
13705,"▁(""",-13445
13706,▁ports,-13446
13707,▁Moscow,-13447
13708,aho,-13448
13709,▁Ry,-13449
13710,boro,-13450
13711,opic,-13451
13712,▁GOP,-13452
13713,▁Pump,-13453
13714,▁meantime,-13454
13715,▁respected,-13455
13716,eded,-13456
13717,large,-13457
13718,▁Items,-13458
13719,▁sandwich,-13459
13720,▁templates,-13460
13721,wau,-13461
13722,▁oak,-13462
13723,▁Ster,-13463
13724,▁coin,-13464
13725,▁texts,-13465
13726,▁manages,-13466
13727,▁Progress,-13467
13728,nor,-13468
13729,Part,-13469
13730,▁RBI,-13470
13731,orted,-13471
13732,▁Spons,-13472
13733,▁Ashley,-13473
13734,▁inviting,-13474
13735,ANS,-13475
13736,▁Arc,-13476
13737,▁Tab,-13477
13738,▁None,-13478
13739,▁pile,-13479
13740,▁Opera,-13480
13741,olester,-13481
13742,▁Jeremy,-13482
13743,▁retrie,-13483
13744,▁adapted,-13484
13745,▁newspapers,-13485
13746,Aug,-13486
13747,ulu,-13487
13748,▁FM,-13488
13749,▁NT,-13489
13750,gging,-13490
13751,▁Load,-13491
13752,People,-13492
13753,▁indul,-13493
13754,▁explores,-13494
13755,▁Standards,-13495
13756,▁cant,-13496
13757,▁Ranch,-13497
13758,▁lands,-13498
13759,▁overt,-13499
13760,▁wrist,-13500
13761,▁Imagine,-13501
13762,UK,-13502
13763,▁SF,-13503
13764,▁buried,-13504
13765,▁cleared,-13505
13766,▁touched,-13506
13767,Out,-13507
13768,Down,-13508
13769,▁chains,-13509
13770,▁locals,-13510
13771,▁Reuters,-13511
13772,▁midnight,-13512
13773,▁enthusiasts,-13513
13774,▁introducing,-13514
13775,▁cargo,-13515
13776,▁exped,-13516
13777,▁strikes,-13517
13778,▁Knowledge,-13518
13779,Su,-13519
13780,▁dub,-13520
13781,aneous,-13521
13782,▁bored,-13522
13783,▁revol,-13523
13784,▁salmon,-13524
13785,▁Academic,-13525
13786,▁musician,-13526
13787,▁Pinterest,-13527
13788,▁fireplace,-13528
13789,eli,-13529
13790,pin,-13530
13791,cies,-13531
13792,ensed,-13532
13793,ulent,-13533
13794,▁Glen,-13534
13795,▁Jake,-13535
13796,▁nude,-13536
13797,▁silly,-13537
13798,▁Arthur,-13538
13799,▁anonymous,-13539
13800,▁hospitality,-13540
13801,▁TM,-13541
13802,thal,-13542
13803,▁farms,-13543
13804,▁mandatory,-13544
13805,▁fatal,-13545
13806,▁Circuit,-13546
13807,▁Speaker,-13547
13808,▁Brothers,-13548
13809,▁arc,-13549
13810,▁rod,-13550
13811,▁Bass,-13551
13812,▁Priv,-13552
13813,oustic,-13553
13814,▁hilar,-13554
13815,ometric,-13555
13816,▁pending,-13556
13817,▁protects,-13557
13818,▁rewarding,-13558
13819,▁suspected,-13559
13820,▁coronavirus,-13560
13821,AK,-13561
13822,▁MY,-13562
13823,commun,-13563
13824,▁Offer,-13564
13825,▁sellers,-13565
13826,Good,-13566
13827,aria,-13567
13828,isons,-13568
13829,▁Designer,-13569
13830,▁Furniture,-13570
13831,ski,-13571
13832,▁panc,-13572
13833,▁spice,-13573
13834,▁urged,-13574
13835,▁Nintendo,-13575
13836,▁steering,-13576
13837,Cal,-13577
13838,▁masc,-13578
13839,▁tuition,-13579
13840,▁Veterans,-13580
13841,▁incorrect,-13581
13842,▁reactions,-13582
13843,ancies,-13583
13844,▁flows,-13584
13845,▁centres,-13585
13846,▁upgrades,-13586
13847,▁reflected,-13587
13848,▁knit,-13588
13849,normal,-13589
13850,tended,-13590
13851,▁assisted,-13591
13852,NG,-13592
13853,▁IRS,-13593
13854,▁avo,-13594
13855,acies,-13595
13856,named,-13596
13857,▁Lots,-13597
13858,▁hott,-13598
13859,itudes,-13599
13860,▁traged,-13600
13861,▁turkey,-13601
13862,▁ash,-13602
13863,aning,-13603
13864,arios,-13604
13865,▁Gear,-13605
13866,▁resc,-13606
13867,▁clouds,-13607
13868,▁trauma,-13608
13869,▁evident,-13609
13870,▁Strategy,-13610
13871,▁Kirk,-13611
13872,function,-13612
13873,▁dispute,-13613
13874,SD,-13614
13875,▁Manual,-13615
13876,▁Columbus,-13616
13877,▁occasional,-13617
13878,▁establishing,-13618
13879,▁uncomfortable,-13619
13880,amous,-13620
13881,▁Late,-13621
13882,▁Lost,-13622
13883,▁helic,-13623
13884,▁thrive,-13624
13885,▁symbols,-13625
13886,▁preference,-13626
13887,▁promotions,-13627
13888,Off,-13628
13889,ateral,-13629
13890,▁utilized,-13630
13891,IME,-13631
13892,▁relie,-13632
13893,▁Almost,-13633
13894,▁Candid,-13634
13895,▁Multiple,-13635
13896,▁Ru,-13636
13897,▁Mine,-13637
13898,▁Supply,-13638
13899,▁needing,-13639
13900,▁Birthday,-13640
13901,▁annoying,-13641
13902,▁bankruptcy,-13642
13903,▁SER,-13643
13904,▁unders,-13644
13905,▁LG,-13645
13906,▁Coal,-13646
13907,▁Initi,-13647
13908,▁trains,-13648
13909,▁chemistry,-13649
13910,▁Conditions,-13650
13911,Life,-13651
13912,▁SQL,-13652
13913,▁Parts,-13653
13914,ropract,-13654
13915,▁shorts,-13655
13916,▁desires,-13656
13917,▁catching,-13657
13918,▁Interview,-13658
13919,▁Typ,-13659
13920,▁Leaf,-13660
13921,▁backs,-13661
13922,▁leverage,-13662
13923,▁recovered,-13663
13924,▁counseling,-13664
13925,▁reservation,-13665
13926,due,-13666
13927,omas,-13667
13928,color,-13668
13929,itual,-13669
13930,ixtures,-13670
13931,▁Rivers,-13671
13932,▁barrier,-13672
13933,Per,-13673
13934,▁predicted,-13674
13935,type,-13675
13936,ancell,-13676
13937,▁Hudson,-13677
13938,▁Archives,-13678
13939,▁arriving,-13679
13940,▁pressing,-13680
13941,▁profound,-13681
13942,▁suggestion,-13682
13943,END,-13683
13944,eek,-13684
13945,mus,-13685
13946,ergy,-13686
13947,▁Danny,-13687
13948,▁Leather,-13688
13949,▁planted,-13689
13950,▁promotes,-13690
13951,▁photographers,-13691
13952,vd,-13692
13953,eston,-13693
13954,imedia,-13694
13955,▁jumping,-13695
13956,▁shy,-13696
13957,▁Rate,-13697
13958,▁sofa,-13698
13959,▁sore,-13699
13960,▁Going,-13700
13961,▁Warner,-13701
13962,▁immigrants,-13702
13963,TY,-13703
13964,▁Vo,-13704
13965,▁cum,-13705
13966,▁Walt,-13706
13967,▁Rules,-13707
13968,▁Height,-13708
13969,▁creamy,-13709
13970,▁electro,-13710
13971,▁Historical,-13711
13972,ede,-13712
13973,▁lime,-13713
13974,▁addict,-13714
13975,▁Average,-13715
13976,▁explaining,-13716
13977,▁py,-13717
13978,iterr,-13718
13979,▁cycl,-13719
13980,▁newer,-13720
13981,▁poison,-13721
13982,▁Counsel,-13722
13983,▁Running,-13723
13984,▁Downtown,-13724
13985,▁transparency,-13725
13986,osph,-13726
13987,anium,-13727
13988,waukee,-13728
13989,▁Crime,-13729
13990,▁Plans,-13730
13991,▁scent,-13731
13992,▁cannabis,-13732
13993,▁parallel,-13733
13994,▁intensive,-13734
13995,matic,-13735
13996,▁alph,-13736
13997,minded,-13737
13998,▁banned,-13738
13999,▁gloves,-13739
14000,mad,-13740
14001,ellar,-13741
14002,lower,-13742
14003,▁Cad,-13743
14004,▁brut,-13744
14005,hester,-13745
14006,▁Amend,-13746
14007,▁Letter,-13747
14008,▁Provide,-13748
14009,▁Actually,-13749
14010,▁accurately,-13750
14011,izers,-13751
14012,▁lane,-13752
14013,▁Pages,-13753
14014,▁strap,-13754
14015,pensive,-13755
14016,▁traded,-13756
14017,▁Popular,-13757
14018,▁professionally,-13758
14019,rise,-13759
14020,▁brass,-13760
14021,olesterol,-13761
14022,▁cabinets,-13762
14023,▁psychology,-13763
14024,▁approaching,-13764
14025,▁coordinator,-13765
14026,▁surveillance,-13766
14027,igo,-13767
14028,ques,-13768
14029,▁tray,-13769
14030,▁stiff,-13770
14031,▁infected,-13771
14032,▁searches,-13772
14033,IONS,-13773
14034,reath,-13774
14035,arness,-13775
14036,▁intend,-13776
14037,▁precisely,-13777
14038,GBT,-13778
14039,white,-13779
14040,hesive,-13780
14041,▁twelve,-13781
14042,▁Fame,-13782
14043,▁penet,-13783
14044,▁Recovery,-13784
14045,▁competitions,-13785
14046,▁heroes,-13786
14047,▁widespread,-13787
14048,▁forgot,-13788
14049,▁novels,-13789
14050,▁goodness,-13790
14051,▁ow,-13791
14052,mile,-13792
14053,▁shred,-13793
14054,▁flavour,-13794
14055,▁Dow,-13795
14056,start,-13796
14057,Posted,-13797
14058,▁Excel,-13798
14059,aph,-13799
14060,Orig,-13800
14061,ponse,-13801
14062,▁cakes,-13802
14063,▁ancest,-13803
14064,▁temple,-13804
14065,▁blogger,-13805
14066,▁deliber,-13806
14067,▁Richmond,-13807
14068,▁Publishing,-13808
14069,GM,-13809
14070,jan,-13810
14071,▁SN,-13811
14072,ingo,-13812
14073,▁Tol,-13813
14074,incinn,-13814
14075,▁Czech,-13815
14076,▁volumes,-13816
14077,▁weddings,-13817
14078,▁Different,-13818
14079,cam,-13819
14080,hyd,-13820
14081,▁Pine,-13821
14082,inance,-13822
14083,wealth,-13823
14084,▁immense,-13824
14085,adays,-13825
14086,▁Twin,-13826
14087,iciency,-13827
14088,▁Degree,-13828
14089,▁arguments,-13829
14090,▁insulation,-13830
14091,Who,-13831
14092,dis,-13832
14093,rimp,-13833
14094,▁Ted,-13834
14095,▁Allow,-13835
14096,▁Lauren,-13836
14097,▁ribbon,-13837
14098,▁Champion,-13838
14099,▁affiliated,-13839
14100,umph,-13840
14101,ammed,-13841
14102,founder,-13842
14103,▁Princess,-13843
14104,▁promoted,-13844
14105,boys,-13845
14106,ippers,-13846
14107,▁prosec,-13847
14108,▁barriers,-13848
14109,iterranean,-13849
14110,▁Pel,-13850
14111,▁Tun,-13851
14112,▁athlete,-13852
14113,▁prayers,-13853
14114,▁Cleaning,-13854
14115,half,-13855
14116,▁Cruz,-13856
14117,▁badly,-13857
14118,▁fract,-13858
14119,▁Stanley,-13859
14120,▁connects,-13860
14121,nan,-13861
14122,▁Dear,-13862
14123,▁dict,-13863
14124,▁avoiding,-13864
14125,▁Hab,-13865
14126,▁tattoo,-13866
14127,▁Isa,-13867
14128,▁Giants,-13868
14129,▁entity,-13869
14130,▁identical,-13870
14131,▁spreading,-13871
14132,▁FAQ,-13872
14133,▁styl,-13873
14134,▁fried,-13874
14135,▁Either,-13875
14136,▁Nathan,-13876
14137,▁microwave,-13877
14138,▁organised,-13878
14139,▁bases,-13879
14140,▁Camera,-13880
14141,▁playoffs,-13881
14142,▁deployment,-13882
14143,▁TW,-13883
14144,▁RES,-13884
14145,▁Lanc,-13885
14146,rupted,-13886
14147,▁landl,-13887
14148,▁towel,-13888
14149,▁excuse,-13889
14150,▁Specific,-13890
14151,▁logistics,-13891
14152,▁suggesting,-13892
14153,rin,-13893
14154,▁Watson,-13894
14155,▁affair,-13895
14156,▁complain,-13896
14157,▁surroundings,-13897
14158,▁vou,-13898
14159,gence,-13899
14160,▁pest,-13900
14161,▁turb,-13901
14162,▁astron,-13902
14163,▁Tournament,-13903
14164,▁submitting,-13904
14165,▁TC,-13905
14166,▁hassle,-13906
14167,▁wallet,-13907
14168,▁lb,-13908
14169,amine,-13909
14170,arten,-13910
14171,▁Ches,-13911
14172,▁NOTE,-13912
14173,▁Patt,-13913
14174,▁craw,-13914
14175,▁prox,-13915
14176,▁sung,-13916
14177,incinnati,-13917
14178,GR,-13918
14179,▁//,-13919
14180,▁Cany,-13920
14181,▁gest,-13921
14182,▁valve,-13922
14183,▁bicycle,-13923
14184,▁schedules,-13924
14185,sur,-13925
14186,▁Ze,-13926
14187,itrus,-13927
14188,▁Init,-13928
14189,▁Spark,-13929
14190,ountain,-13930
14191,▁Labour,-13931
14192,▁Switch,-13932
14193,▁beaten,-13933
14194,▁outlook,-13934
14195,▁Specialist,-13935
14196,PH,-13936
14197,chi,-13937
14198,▁Bike,-13938
14199,icular,-13939
14200,keeper,-13940
14201,▁partial,-13941
14202,▁enrolled,-13942
14203,▁Fo,-13943
14204,▁Yor,-13944
14205,▁lol,-13945
14206,▁anth,-13946
14207,▁nurt,-13947
14208,▁bubble,-13948
14209,ratulations,-13949
14210,▁Prevention,-13950
14211,▁absorb,-13951
14212,▁analys,-13952
14213,▁blanket,-13953
14214,▁lifting,-13954
14215,▁attraction,-13955
14216,▁Eb,-13956
14217,rose,-13957
14218,group,-13958
14219,▁glam,-13959
14220,▁pupp,-13960
14221,▁Shore,-13961
14222,▁differ,-13962
14223,▁confusion,-13963
14224,▁Neil,-13964
14225,▁WiFi,-13965
14226,▁Basket,-13966
14227,▁silence,-13967
14228,▁legitimate,-13968
14229,▁relaxation,-13969
14230,▁repeatedly,-13970
14231,iw,-13971
14232,Sec,-13972
14233,▁na,-13973
14234,oric,-13974
14235,unge,-13975
14236,▁lace,-13976
14237,▁Alice,-13977
14238,▁Status,-13978
14239,▁Yesterday,-13979
14240,▁corruption,-13980
14241,umbled,-13981
14242,▁Corps,-13982
14243,▁thermal,-13983
14244,▁premises,-13984
14245,▁reserves,-13985
14246,rella,-13986
14247,rolog,-13987
14248,▁urge,-13988
14249,▁frost,-13989
14250,▁sealed,-13990
14251,▁persu,-13991
14252,▁melted,-13992
14253,aman,-13993
14254,▁Sox,-13994
14255,Thank,-13995
14256,chant,-13996
14257,▁Viol,-13997
14258,bitious,-13998
14259,▁smoothly,-13999
14260,▁RC,-14000
14261,omic,-14001
14262,▁Pope,-14002
14263,▁Moving,-14003
14264,▁besides,-14004
14265,▁density,-14005
14266,▁unveiled,-14006
14267,▁parliament,-14007
14268,▁TN,-14008
14269,udge,-14009
14270,▁Myst,-14010
14271,Christ,-14011
14272,▁Turkish,-14012
14273,▁belongs,-14013
14274,▁facebook,-14014
14275,▁workflow,-14015
14276,▁maintains,-14016
14277,ptic,-14017
14278,▁Sha,-14018
14279,▁monu,-14019
14280,▁zoom,-14020
14281,▁Upper,-14021
14282,▁balcon,-14022
14283,▁pickup,-14023
14284,▁satisfying,-14024
14285,wer,-14025
14286,lesh,-14026
14287,ometry,-14027
14288,▁grams,-14028
14289,▁logic,-14029
14290,▁Oliver,-14030
14291,▁roller,-14031
14292,OOK,-14032
14293,ido,-14033
14294,▁buses,-14034
14295,▁curve,-14035
14296,▁Coming,-14036
14297,oda,-14037
14298,▁Len,-14038
14299,▁mall,-14039
14300,▁skip,-14040
14301,▁arise,-14041
14302,▁coinc,-14042
14303,▁variation,-14043
14304,AW,-14044
14305,▁Tags,-14045
14306,▁cozy,-14046
14307,ometown,-14047
14308,▁organizing,-14048
14309,▁DM,-14049
14310,▁HS,-14050
14311,▁Rug,-14051
14312,▁damn,-14052
14313,▁Solid,-14053
14314,▁inhab,-14054
14315,▁footprint,-14055
14316,▁Tap,-14056
14317,▁Dete,-14057
14318,▁Pent,-14058
14319,▁Competition,-14059
14320,▁rh,-14060
14321,arse,-14061
14322,▁din,-14062
14323,▁fond,-14063
14324,atched,-14064
14325,▁Foods,-14065
14326,▁aggreg,-14066
14327,▁nurses,-14067
14328,▁Thunder,-14068
14329,▁Workshop,-14069
14330,acre,-14070
14331,bery,-14071
14332,rolled,-14072
14333,▁sheep,-14073
14334,▁Philip,-14074
14335,bul,-14075
14336,ANCE,-14076
14337,▁blade,-14077
14338,▁firmly,-14078
14339,▁darkness,-14079
14340,▁integral,-14080
14341,ifle,-14081
14342,pher,-14082
14343,kward,-14083
14344,▁Brooks,-14084
14345,▁Recipe,-14085
14346,oriented,-14086
14347,▁Arsenal,-14087
14348,▁critics,-14088
14349,▁streams,-14089
14350,▁adjacent,-14090
14351,▁disagree,-14091
14352,▁responsive,-14092
14353,▁concentrate,-14093
14354,agg,-14094
14355,▁Mt,-14095
14356,▁Abb,-14096
14357,ioned,-14097
14358,▁mint,-14098
14359,▁concerts,-14099
14360,▁SMS,-14100
14361,▁Cafe,-14101
14362,▁defect,-14102
14363,▁Edwards,-14103
14364,▁Poll,-14104
14365,▁sake,-14105
14366,advant,-14106
14367,riving,-14107
14368,▁niche,-14108
14369,▁debris,-14109
14370,▁exotic,-14110
14371,▁Previous,-14111
14372,▁democracy,-14112
14373,▁privilege,-14113
14374,???,-14114
14375,agger,-14115
14376,illet,-14116
14377,▁mesh,-14117
14378,▁Skills,-14118
14379,▁Walter,-14119
14380,▁cherry,-14120
14381,▁disappear,-14121
14382,▁pars,-14122
14383,▁quil,-14123
14384,▁zones,-14124
14385,keeping,-14125
14386,▁plumbing,-14126
14387,▁pursuing,-14127
14388,▁Cop,-14128
14389,▁UFC,-14129
14390,▁provin,-14130
14391,▁stabil,-14131
14392,▁elastic,-14132
14393,▁touches,-14133
14394,▁entities,-14134
14395,▁obligation,-14135
14396,▁profitable,-14136
14397,ournals,-14137
14398,▁Sacram,-14138
14399,▁physics,-14139
14400,▁isolated,-14140
14401,▁celebrities,-14141
14402,OK,-14142
14403,pal,-14143
14404,rez,-14144
14405,▁Lion,-14145
14406,▁Mario,-14146
14407,▁Ye,-14147
14408,▁CBD,-14148
14409,ioxid,-14149
14410,▁ballot,-14150
14411,cedented,-14151
14412,▁sometime,-14152
14413,irs,-14153
14414,sal,-14154
14415,▁pads,-14155
14416,▁Reader,-14156
14417,▁parade,-14157
14418,▁yogurt,-14158
14419,▁Investig,-14159
14420,▁subt,-14160
14421,▁trace,-14161
14422,▁inspir,-14162
14423,▁detected,-14163
14424,▁synthetic,-14164
14425,otto,-14165
14426,▁ninth,-14166
14427,▁sleeve,-14167
14428,▁significance,-14168
14429,▁Suz,-14169
14430,olved,-14170
14431,▁toug,-14171
14432,atical,-14172
14433,▁Alexand,-14173
14434,▁Finding,-14174
14435,▁forming,-14175
14436,ended,-14176
14437,▁sunlight,-14177
14438,▁Intelligence,-14178
14439,/.,-14179
14440,▁OFF,-14180
14441,▁Wes,-14181
14442,▁brave,-14182
14443,▁verified,-14183
14444,▁licensing,-14184
14445,ools,-14185
14446,▁Teen,-14186
14447,▁Plaza,-14187
14448,▁reass,-14188
14449,▁legally,-14189
14450,▁chapters,-14190
14451,▁Abd,-14191
14452,▁Enc,-14192
14453,▁lear,-14193
14454,▁fires,-14194
14455,▁pipes,-14195
14456,▁posters,-14196
14457,▁surveys,-14197
14458,▁Mercedes,-14198
14459,▁Montreal,-14199
14460,▁Phase,-14200
14461,allic,-14201
14462,▁Ferr,-14202
14463,▁pole,-14203
14464,▁circles,-14204
14465,▁branding,-14205
14466,▁Coordinator,-14206
14467,▁administrator,-14207
14468,lu,-14208
14469,▁Chat,-14209
14470,▁maxim,-14210
14471,▁LP,-14211
14472,bank,-14212
14473,▁tan,-14213
14474,▁damp,-14214
14475,▁queen,-14215
14476,▁fisher,-14216
14477,▁mentor,-14217
14478,▁chamber,-14218
14479,▁imaging,-14219
14480,▁watches,-14220
14481,▁treasure,-14221
14482,▁recreational,-14222
14483,▁investigators,-14223
14484,uez,-14224
14485,▁pale,-14225
14486,tic,-14226
14487,▁NG,-14227
14488,▁Ni,-14228
14489,▁Ble,-14229
14490,▁Decor,-14230
14491,▁pools,-14231
14492,▁tends,-14232
14493,▁intuitive,-14233
14494,imm,-14234
14495,▁modify,-14235
14496,▁Listing,-14236
14497,▁Democrat,-14237
14498,ARS,-14238
14499,▁OP,-14239
14500,oodles,-14240
14501,▁sciences,-14241
14502,appropriate,-14242
14503,▁Especially,-14243
14504,▁Gonz,-14244
14505,▁Norm,-14245
14506,▁taxi,-14246
14507,▁Baptist,-14247
14508,▁violations,-14248
14509,omi,-14249
14510,▁Chev,-14250
14511,fighters,-14251
14512,▁shoppers,-14252
14513,▁syndrome,-14253
14514,▁terrorist,-14254
14515,abul,-14255
14516,aple,-14256
14517,rine,-14257
14518,▁mineral,-14258
14519,▁carriers,-14259
14520,▁economics,-14260
14521,▁perception,-14261
14522,Any,-14262
14523,grad,-14263
14524,▁Pos,-14264
14525,owski,-14265
14526,▁rook,-14266
14527,thening,-14267
14528,▁earthqu,-14268
14529,▁seamless,-14269
14530,▁upgraded,-14270
14531,▁determining,-14271
14532,▁Exc,-14272
14533,▁Sud,-14273
14534,▁query,-14274
14535,▁Harbor,-14275
14536,▁ounces,-14276
14537,▁ambitious,-14277
14538,▁supermarket,-14278
14539,▁uncertainty,-14279
14540,▁BS,-14280
14541,▁....,-14281
14542,▁deer,-14282
14543,heimer,-14283
14544,ourage,-14284
14545,▁icons,-14285
14546,▁shocked,-14286
14547,▁downloads,-14287
14548,▁governance,-14288
14549,▁Mediterranean,-14289
14550,kn,-14290
14551,▁marry,-14291
14552,▁christ,-14292
14553,▁voltage,-14293
14554,▁mounting,-14294
14555,emor,-14295
14556,tees,-14296
14557,▁bod,-14297
14558,▁Recre,-14298
14559,lasting,-14299
14560,▁Nursing,-14300
14561,▁Teaching,-14301
14562,▁Ultimate,-14302
14563,▁develops,-14303
14564,▁ACC,-14304
14565,▁toe,-14305
14566,▁Dent,-14306
14567,▁Kenya,-14307
14568,▁Neigh,-14308
14569,▁arena,-14309
14570,▁diving,-14310
14571,building,-14311
14572,▁Replace,-14312
14573,▁tobacco,-14313
14574,▁spokesperson,-14314
14575,▁OH,-14315
14576,▁Benn,-14316
14577,uscript,-14317
14578,▁counting,-14318
14579,▁festivals,-14319
14580,▁PT,-14320
14581,inee,-14321
14582,▁regret,-14322
14583,▁spirits,-14323
14584,▁summit,-14324
14585,▁credential,-14325
14586,▁neighborhoods,-14326
14587,.||,-14327
14588,pring,-14328
14589,▁Harrison,-14329
14590,▁advocacy,-14330
14591,▁Lodge,-14331
14592,▁contam,-14332
14593,▁duplic,-14333
14594,▁prevents,-14334
14595,▁adjustments,-14335
14596,▁Ax,-14336
14597,▁Ll,-14337
14598,Gener,-14338
14599,esity,-14339
14600,▁Magn,-14340
14601,▁Honor,-14341
14602,ository,-14342
14603,▁Explorer,-14343
14604,▁obtaining,-14344
14605,▁scenarios,-14345
14606,▁Apparently,-14346
14607,▁Cincinnati,-14347
14608,brew,-14348
14609,▁Okay,-14349
14610,▁Mechan,-14350
14611,▁Purchase,-14351
14612,▁innocent,-14352
14613,▁Root,-14353
14614,▁Stick,-14354
14615,▁reson,-14355
14616,▁Bishop,-14356
14617,▁Rogers,-14357
14618,▁messaging,-14358
14619,▁intersection,-14359
14620,ulin,-14360
14621,▁mph,-14361
14622,▁fame,-14362
14623,▁Ghost,-14363
14624,▁Someone,-14364
14625,▁reservations,-14365
14626,flu,-14366
14627,alph,-14367
14628,▁meter,-14368
14629,rection,-14369
14630,▁freeze,-14370
14631,▁charter,-14371
14632,▁monster,-14372
14633,▁strictly,-14373
14634,icaid,-14374
14635,leased,-14375
14636,▁Session,-14376
14637,▁readily,-14377
14638,▁sleeves,-14378
14639,▁sophomore,-14379
14640,▁consultants,-14380
14641,▁fate,-14381
14642,▁Covid,-14382
14643,▁Flore,-14383
14644,▁Milan,-14384
14645,issance,-14385
14646,▁pupils,-14386
14647,▁cosmetic,-14387
14648,▁revel,-14388
14649,▁sleek,-14389
14650,▁spicy,-14390
14651,▁Kindle,-14391
14652,▁caution,-14392
14653,▁congrat,-14393
14654,▁discusses,-14394
14655,annon,-14395
14656,▁Shaw,-14396
14657,▁sends,-14397
14658,▁Require,-14398
14659,▁consume,-14399
14660,▁Favorite,-14400
14661,▁beverage,-14401
14662,▁magnetic,-14402
14663,▁regarded,-14403
14664,▁Jefferson,-14404
14665,▁recognised,-14405
14666,USA,-14406
14667,Care,-14407
14668,jamin,-14408
14669,▁junk,-14409
14670,▁prosper,-14410
14671,▁paragraph,-14411
14672,▁Nep,-14412
14673,▁puzz,-14413
14674,▁Montana,-14414
14675,▁Warrant,-14415
14676,▁Bonus,-14416
14677,▁Attend,-14417
14678,▁perpet,-14418
14679,▁vocals,-14419
14680,▁Regardless,-14420
14681,▁Constitution,-14421
14682,▁scholarships,-14422
14683,listed,-14423
14684,Station,-14424
14685,▁Answer,-14425
14686,▁Potter,-14426
14687,▁distribute,-14427
14688,▁assignments,-14428
14689,▁demonstration,-14429
14690,PO,-14430
14691,utt,-14431
14692,▁IR,-14432
14693,▁NA,-14433
14694,▁Kick,-14434
14695,▁qualifying,-14435
14696,tails,-14436
14697,▁Julie,-14437
14698,▁theore,-14438
14699,IX,-14439
14700,▁Swim,-14440
14701,▁editors,-14441
14702,▁performers,-14442
14703,oca,-14443
14704,▁Bot,-14444
14705,▁tel,-14445
14706,▁Scar,-14446
14707,▁dealt,-14447
14708,▁Canyon,-14448
14709,▁happily,-14449
14710,▁priorit,-14450
14711,▁advisory,-14451
14712,▁modeling,-14452
14713,▁activists,-14453
14714,▁alternate,-14454
14715,▁publishers,-14455
14716,engu,-14456
14717,▁Mos,-14457
14718,▁prohibited,-14458
14719,▁structured,-14459
14720,▁Architecture,-14460
14721,-),-14461
14722,▁dia,-14462
14723,▁Bears,-14463
14724,▁Pearl,-14464
14725,▁energ,-14465
14726,ounding,-14466
14727,▁cables,-14467
14728,▁unwanted,-14468
14729,cap,-14469
14730,fil,-14470
14731,hedral,-14471
14732,▁shiny,-14472
14733,▁Orders,-14473
14734,▁needle,-14474
14735,▁sacrifice,-14475
14736,▁informative,-14476
14737,giene,-14477
14738,▁Canon,-14478
14739,▁Joint,-14479
14740,▁ankle,-14480
14741,▁stove,-14481
14742,▁jurisd,-14482
14743,▁inquiry,-14483
14744,▁trademarks,-14484
14745,▁nic,-14485
14746,▁Hood,-14486
14747,▁wondered,-14487
14748,▁dys,-14488
14749,▁sheer,-14489
14750,▁rivers,-14490
14751,▁Against,-14491
14752,▁cancelled,-14492
14753,▁demonstrates,-14493
14754,okia,-14494
14755,ivest,-14495
14756,▁Curt,-14496
14757,Health,-14497
14758,▁rankings,-14498
14759,▁barn,-14499
14760,▁mins,-14500
14761,▁stats,-14501
14762,▁greens,-14502
14763,▁contend,-14503
14764,▁blessing,-14504
14765,▁compiled,-14505
14766,▁culinary,-14506
14767,▁witnessed,-14507
14768,Tra,-14508
14769,▁Edin,-14509
14770,▁Cinem,-14510
14771,▁modest,-14511
14772,▁freezer,-14512
14773,▁proudly,-14513
14774,▁commentary,-14514
14775,▁Scholarship,-14515
14776,leen,-14516
14777,▁sequel,-14517
14778,▁borders,-14518
14779,▁explicit,-14519
14780,gends,-14520
14781,osity,-14521
14782,▁couch,-14522
14783,▁hobby,-14523
14784,▁stirring,-14524
14785,▁attachment,-14525
14786,chron,-14526
14787,▁metres,-14527
14788,▁Centers,-14528
14789,▁Luckily,-14529
14790,▁breathe,-14530
14791,ARK,-14531
14792,▁Et,-14532
14793,▁Vintage,-14533
14794,▁missions,-14534
14795,▁galleries,-14535
14796,▁corresponding,-14536
14797,GH,-14537
14798,UP,-14538
14799,bye,-14539
14800,cost,-14540
14801,▁Arn,-14541
14802,rapes,-14542
14803,▁Nike,-14543
14804,▁Planet,-14544
14805,▁Milwaukee,-14545
14806,▁Obviously,-14546
14807,▁optimization,-14547
14808,rien,-14548
14809,▁flee,-14549
14810,▁hind,-14550
14811,▁spices,-14551
14812,▁planting,-14552
14813,▁evaluated,-14553
14814,▁institutional,-14554
14815,▁Nord,-14555
14816,reated,-14556
14817,ahl,-14557
14818,▁Oakland,-14558
14819,▁Delaware,-14559
14820,▁accessed,-14560
14821,▁compromise,-14561
14822,lad,-14562
14823,▁kg,-14563
14824,ocur,-14564
14825,▁unh,-14565
14826,borne,-14566
14827,▁clay,-14567
14828,▁dign,-14568
14829,▁Wildlife,-14569
14830,▁biological,-14570
14831,▁nutritional,-14571
14832,OWN,-14572
14833,anton,-14573
14834,issan,-14574
14835,▁ugly,-14575
14836,▁Heavy,-14576
14837,▁Articles,-14577
14838,▁Required,-14578
14839,▁vitamins,-14579
14840,▁recreation,-14580
14841,▁corporation,-14581
14842,comm,-14582
14843,▁cyl,-14583
14844,addle,-14584
14845,bling,-14585
14846,urred,-14586
14847,▁Tiger,-14587
14848,▁nerve,-14588
14849,▁freshly,-14589
14850,▁perspectives,-14590
14851,ref,-14591
14852,ulus,-14592
14853,gered,-14593
14854,▁LGBT,-14594
14855,▁intr,-14595
14856,payers,-14596
14857,▁Katie,-14597
14858,▁performs,-14598
14859,▁generating,-14599
14860,▁mechanisms,-14600
14861,lam,-14601
14862,help,-14602
14863,mill,-14603
14864,▁Cake,-14604
14865,▁reset,-14605
14866,▁commod,-14606
14867,▁raises,-14607
14868,▁starring,-14608
14869,▁recordings,-14609
14870,▁inexpensive,-14610
14871,fu,-14611
14872,istle,-14612
14873,▁Jews,-14613
14874,▁dilig,-14614
14875,▁Amazing,-14615
14876,▁coupons,-14616
14877,▁manually,-14617
14878,▁Adventure,-14618
14879,▁experiments,-14619
14880,▁additionally,-14620
14881,aba,-14621
14882,ogg,-14622
14883,ername,-14623
14884,▁storyt,-14624
14885,▁urgent,-14625
14886,▁invites,-14626
14887,ui,-14627
14888,▁constra,-14628
14889,▁Margaret,-14629
14890,▁practitioners,-14630
14891,▁pharmaceutical,-14631
14892,▁environmentally,-14632
14893,fy,-14633
14894,ete,-14634
14895,phis,-14635
14896,▁ONE,-14636
14897,mends,-14637
14898,▁inher,-14638
14899,▁elabor,-14639
14900,▁Brazilian,-14640
14901,▁encompass,-14641
14902,▁partially,-14642
14903,▁playground,-14643
14904,▁downloading,-14644
14905,▁NV,-14645
14906,High,-14646
14907,shirts,-14647
14908,▁Truth,-14648
14909,▁attributes,-14649
14910,▁households,-14650
14911,try,-14651
14912,▁RF,-14652
14913,rots,-14653
14914,▁VAT,-14654
14915,cient,-14655
14916,▁blues,-14656
14917,▁Political,-14657
14918,▁certificates,-14658
14919,FOR,-14659
14920,storm,-14660
14921,▁Perm,-14661
14922,▁gauge,-14662
14923,▁Cheese,-14663
14924,▁breakdown,-14664
14925,▁unprecedented,-14665
14926,bag,-14666
14927,rik,-14667
14928,inis,-14668
14929,▁SAP,-14669
14930,▁prol,-14670
14931,▁evolved,-14671
14932,▁updating,-14672
14933,▁stressful,-14673
14934,▁counterpart,-14674
14935,▁preliminary,-14675
14936,haw,-14676
14937,Most,-14677
14938,▁Dinner,-14678
14939,▁Norway,-14679
14940,▁pointing,-14680
14941,▁uploaded,-14681
14942,▁Assessment,-14682
14943,▁ridiculous,-14683
14944,▁descriptions,-14684
14945,▁Mi,-14685
14946,orus,-14686
14947,▁tin,-14687
14948,▁bitter,-14688
14949,▁Quarter,-14689
14950,▁examined,-14690
14951,▁underway,-14691
14952,▁educators,-14692
14953,▁FE,-14693
14954,hesis,-14694
14955,▁Issue,-14695
14956,▁Rodrig,-14696
14957,otherapy,-14697
14958,▁styling,-14698
14959,▁convince,-14699
14960,▁gameplay,-14700
14961,▁migration,-14701
14962,▁wallpaper,-14702
14963,▁waterproof,-14703
14964,▁Mack,-14704
14965,▁fertil,-14705
14966,▁generic,-14706
14967,IND,-14707
14968,▁SUV,-14708
14969,▁grabbed,-14709
14970,▁queries,-14710
14971,▁Airlines,-14711
14972,▁acknowledged,-14712
14973,▁IF,-14713
14974,▁Ug,-14714
14975,▁Fans,-14715
14976,▁murd,-14716
14977,osures,-14717
14978,▁bears,-14718
14979,▁minority,-14719
14980,▁reviewing,-14720
14981,▁Hook,-14721
14982,▁spat,-14722
14983,▁cinema,-14723
14984,▁outreach,-14724
14985,▁Creating,-14725
14986,▁Wel,-14726
14987,▁Pete,-14727
14988,century,-14728
14989,▁deputy,-14729
14990,chnology,-14730
14991,▁battles,-14731
14992,▁earrings,-14732
14993,▁mushrooms,-14733
14994,▁installations,-14734
14995,▁UT,-14735
14996,bone,-14736
14997,nings,-14737
14998,powered,-14738
14999,▁Thread,-14739
15000,▁Ticket,-14740
15001,▁Factory,-14741
15002,▁Conservation,-14742
15003,▁complications,-14743
15004,ixon,-14744
15005,▁Cha,-14745
15006,▁mud,-14746
15007,▁nan,-14747
15008,▁Gard,-14748
15009,▁Villa,-14749
15010,▁march,-14750
15011,▁autumn,-14751
15012,▁hiding,-14752
15013,▁washed,-14753
15014,▁hottest,-14754
15015,▁Calendar,-14755
15016,▁investigations,-14756
15017,▁epid,-14757
15018,retion,-14758
15019,▁trades,-14759
15020,CR,-14760
15021,Hi,-14761
15022,urable,-14762
15023,▁arbit,-14763
15024,▁Programme,-14764
15025,asa,-14765
15026,chet,-14766
15027,▁Ald,-14767
15028,elong,-14768
15029,▁acids,-14769
15030,▁accordingly,-14770
15031,got,-14771
15032,ghai,-14772
15033,ourt,-14773
15034,insula,-14774
15035,urring,-14775
15036,▁Idaho,-14776
15037,▁Wells,-14777
15038,▁Guests,-14778
15039,▁Saints,-14779
15040,▁Bristol,-14780
15041,▁Measure,-14781
15042,▁Discount,-14782
15043,▁proteins,-14783
15044,▁Enh,-14784
15045,▁Wow,-14785
15046,▁offset,-14786
15047,▁terrain,-14787
15048,▁Medicaid,-14788
15049,▁suspects,-14789
15050,▁villages,-14790
15051,▁jewellery,-14791
15052,▁Moz,-14792
15053,ourmet,-14793
15054,▁dated,-14794
15055,parents,-14795
15056,▁Approx,-14796
15057,▁festive,-14797
15058,▁terrific,-14798
15059,▁assisting,-14799
15060,▁enhancing,-14800
15061,▁combinations,-14801
15062,MD,-14802
15063,▁Ship,-14803
15064,▁lever,-14804
15065,▁evenly,-14805
15066,▁schemes,-14806
15067,▁stating,-14807
15068,▁advances,-14808
15069,▁Juan,-14809
15070,arnish,-14810
15071,▁alien,-14811
15072,▁pussy,-14812
15073,▁Accept,-14813
15074,▁joints,-14814
15075,▁behaviors,-14815
15076,▁influences,-14816
15077,▁proprietary,-14817
15078,▁HV,-14818
15079,▁Chase,-14819
15080,▁brake,-14820
15081,▁burned,-14821
15082,▁expend,-14822
15083,▁forests,-14823
15084,▁rentals,-14824
15085,▁obstacles,-14825
15086,▁journalism,-14826
15087,Acc,-14827
15088,▁Oz,-14828
15089,camp,-14829
15090,have,-14830
15091,▁Liqu,-14831
15092,▁remarks,-14832
15093,▁coloring,-14833
15094,▁deployed,-14834
15095,▁PD,-14835
15096,▁Township,-14836
15097,▁sentences,-14837
15098,▁renovation,-14838
15099,▁assessments,-14839
15100,Red,-14840
15101,▁ric,-14841
15102,castle,-14842
15103,▁fever,-14843
15104,▁Memory,-14844
15105,▁Belgium,-14845
15106,▁Opening,-14846
15107,▁Projects,-14847
15108,alg,-14848
15109,two,-14849
15110,▁XP,-14850
15111,asha,-14851
15112,▁WWE,-14852
15113,▁dat,-14853
15114,▁bang,-14854
15115,▁Amanda,-14855
15116,▁Notice,-14856
15117,▁Command,-14857
15118,▁replied,-14858
15119,▁defending,-14859
15120,▁responding,-14860
15121,▁participant,-14861
15122,hett,-14862
15123,unks,-14863
15124,ontin,-14864
15125,▁Chan,-14865
15126,▁Wide,-14866
15127,▁Bryan,-14867
15128,▁Holland,-14868
15129,▁Vermont,-14869
15130,▁horrible,-14870
15131,▁illustrations,-14871
15132,anim,-14872
15133,inse,-14873
15134,April,-14874
15135,▁wand,-14875
15136,▁Score,-14876
15137,▁Branch,-14877
15138,▁Ronald,-14878
15139,▁Similar,-14879
15140,dr,-14880
15141,▁Earn,-14881
15142,▁reign,-14882
15143,▁Motors,-14883
15144,▁congreg,-14884
15145,▁deleted,-14885
15146,▁varying,-14886
15147,▁Cultural,-14887
15148,▁protests,-14888
15149,▁eaten,-14889
15150,ablished,-14890
15151,▁optical,-14891
15152,▁Publisher,-14892
15153,erated,-14893
15154,▁frustrated,-14894
15155,▁WR,-14895
15156,▁Whole,-14896
15157,▁Instit,-14897
15158,▁headlines,-14898
15159,gow,-14899
15160,orie,-14900
15161,▁Jar,-14901
15162,oodle,-14902
15163,▁condem,-14903
15164,▁outline,-14904
15165,▁Southeast,-14905
15166,▁sentenced,-14906
15167,▁nomination,-14907
15168,La,-14908
15169,poke,-14909
15170,▁GRE,-14910
15171,▁Dell,-14911
15172,▁Blake,-14912
15173,▁Optim,-14913
15174,effective,-14914
15175,▁hilarious,-14915
15176,▁delightful,-14916
15177,scape,-14917
15178,▁carp,-14918
15179,▁Fantasy,-14919
15180,▁awkward,-14920
15181,▁execute,-14921
15182,▁scandal,-14922
15183,▁executed,-14923
15184,SO,-14924
15185,rams,-14925
15186,▁mos,-14926
15187,acker,-14927
15188,▁Eval,-14928
15189,▁Happ,-14929
15190,▁Haven,-14930
15191,▁viral,-14931
15192,otional,-14932
15193,▁Client,-14933
15194,▁nowhere,-14934
15195,▁touching,-14935
15196,▁thickness,-14936
15197,▁influential,-14937
15198,BE,-14938
15199,kh,-14939
15200,ennial,-14940
15201,iosity,-14941
15202,▁crying,-14942
15203,▁opener,-14943
15204,▁lecture,-14944
15205,▁tragedy,-14945
15206,▁Wikipedia,-14946
15207,▁afterwards,-14947
15208,offs,-14948
15209,▁whis,-14949
15210,▁revised,-14950
15211,▁bloggers,-14951
15212,▁indication,-14952
15213,Spe,-14953
15214,kees,-14954
15215,▁Steam,-14955
15216,▁drill,-14956
15217,▁fucking,-14957
15218,▁rounded,-14958
15219,▁dominant,-14959
15220,▁Excellence,-14960
15221,▁Traditional,-14961
15222,OLD,-14962
15223,▁gum,-14963
15224,▁Jama,-14964
15225,rating,-14965
15226,▁polls,-14966
15227,▁depict,-14967
15228,▁Complex,-14968
15229,▁Recruit,-14969
15230,▁extends,-14970
15231,▁catering,-14971
15232,▁desperate,-14972
15233,▁Membership,-14973
15234,second,-14974
15235,▁crowds,-14975
15236,▁VR,-14976
15237,ampagne,-14977
15238,▁embark,-14978
15239,▁ritual,-14979
15240,▁Maintenance,-14980
15241,▁controlling,-14981
15242,▁subsequently,-14982
15243,acts,-14983
15244,erie,-14984
15245,▁NHS,-14985
15246,▁bom,-14986
15247,▁Wear,-14987
15248,▁utter,-14988
15249,▁pillow,-14989
15250,▁decides,-14990
15251,▁Mountains,-14991
15252,▁advocates,-14992
15253,Ke,-14993
15254,▁RT,-14994
15255,▁Makes,-14995
15256,▁donors,-14996
15257,▁indicator,-14997
15258,▁perfection,-14998
15259,▁functioning,-14999
15260,pop,-15000
15261,▁Scout,-15001
15262,▁Words,-15002
15263,▁candle,-15003
15264,▁cartoon,-15004
15265,▁roasted,-15005
15266,▁seminar,-15006
15267,▁Featuring,-15007
15268,▁acclaimed,-15008
15269,▁therapeutic,-15009
15270,▁threatening,-15010
15271,▁organizational,-15011
15272,ere,-15012
15273,▁PRO,-15013
15274,ierra,-15014
15275,braska,-15015
15276,▁Brain,-15016
15277,▁unfor,-15017
15278,▁refuse,-15018
15279,▁rhythm,-15019
15280,intendent,-15020
15281,▁wholesale,-15021
15282,▁frustrating,-15022
15283,▁DIS,-15023
15284,▁Glas,-15024
15285,sterdam,-15025
15286,▁banner,-15026
15287,▁peanut,-15027
15288,▁assumed,-15028
15289,▁penalties,-15029
15290,▁notifications,-15030
15291,Two,-15031
15292,▁Cu,-15032
15293,▁pel,-15033
15294,▁pix,-15034
15295,March,-15035
15296,▁remed,-15036
15297,▁assure,-15037
15298,▁interf,-15038
15299,▁resemb,-15039
15300,▁confusing,-15040
15301,▁decorating,-15041
15302,▁Understanding,-15042
15303,race,-15043
15304,▁RSS,-15044
15305,astics,-15045
15306,▁binding,-15046
15307,▁lending,-15047
15308,▁peppers,-15048
15309,▁timeless,-15049
15310,▁Ja,-15050
15311,▁Visa,-15051
15312,ellers,-15052
15313,▁Asked,-15053
15314,▁belly,-15054
15315,▁disrupt,-15055
15316,▁habitat,-15056
15317,▁lenders,-15057
15318,▁Cemetery,-15058
15319,▁Argentina,-15059
15320,stit,-15060
15321,▁Aub,-15061
15322,▁Vel,-15062
15323,▁diesel,-15063
15324,▁disposal,-15064
15325,▁Analytics,-15065
15326,ussels,-15066
15327,▁doubles,-15067
15328,▁flooding,-15068
15329,ipher,-15069
15330,▁Garc,-15070
15331,▁Mode,-15071
15332,▁Rebe,-15072
15333,▁Videos,-15073
15334,▁Benjamin,-15074
15335,▁Victorian,-15075
15336,▁Educational,-15076
15337,▁proceedings,-15077
15338,June,-15078
15339,▁Fra,-15079
15340,▁Sty,-15080
15341,usalem,-15081
15342,▁Heights,-15082
15343,▁Chemical,-15083
15344,▁collapse,-15084
15345,▁adjustment,-15085
15346,▁enrollment,-15086
15347,▁phenomenon,-15087
15348,▁Dol,-15088
15349,▁gown,-15089
15350,▁Certain,-15090
15351,▁EL,-15091
15352,resa,-15092
15353,▁Pam,-15093
15354,▁Beer,-15094
15355,▁beads,-15095
15356,crafted,-15096
15357,▁Higher,-15097
15358,▁refrigerator,-15098
15359,El,-15099
15360,▁Pun,-15100
15361,million,-15101
15362,attering,-15102
15363,▁dimension,-15103
15364,▁AA,-15104
15365,▁XL,-15105
15366,fare,-15106
15367,unted,-15107
15368,oulder,-15108
15369,▁pumps,-15109
15370,▁infant,-15110
15371,▁Alberta,-15111
15372,▁dominated,-15112
15373,▁CE,-15113
15374,aque,-15114
15375,▁beats,-15115
15376,▁Flight,-15116
15377,▁lifted,-15117
15378,▁recept,-15118
15379,▁ignored,-15119
15380,▁positioned,-15120
15381,BL,-15121
15382,uda,-15122
15383,▁Helen,-15123
15384,▁awful,-15124
15385,▁Growth,-15125
15386,▁Mental,-15126
15387,▁thereby,-15127
15388,▁costumes,-15128
15389,COM,-15129
15390,artha,-15130
15391,▁Rule,-15131
15392,▁tones,-15132
15393,atabase,-15133
15394,▁Testing,-15134
15395,▁twitter,-15135
15396,▁Edinburgh,-15136
15397,▁cognitive,-15137
15398,▁consuming,-15138
15399,psy,-15139
15400,▁cel,-15140
15401,▁Rescue,-15141
15402,▁Historic,-15142
15403,▁Agreement,-15143
15404,▁Ku,-15144
15405,▁LCD,-15145
15406,▁Roof,-15146
15407,▁Wake,-15147
15408,▁mast,-15148
15409,istance,-15149
15410,▁beings,-15150
15411,▁throws,-15151
15412,▁offline,-15152
15413,▁Internal,-15153
15414,▁resolved,-15154
15415,▁retention,-15155
15416,IDE,-15156
15417,ohyd,-15157
15418,oples,-15158
15419,▁Edit,-15159
15420,▁sailing,-15160
15421,▁therapist,-15161
15422,▁BT,-15162
15423,▁MT,-15163
15424,arre,-15164
15425,▁gri,-15165
15426,iaries,-15166
15427,▁Heaven,-15167
15428,▁median,-15168
15429,▁Battery,-15169
15430,▁accessory,-15170
15431,▁recommends,-15171
15432,eu,-15172
15433,▁Tu,-15173
15434,"...""",-15174
15435,show,-15175
15436,▁MAN,-15176
15437,apple,-15177
15438,opard,-15178
15439,▁Pred,-15179
15440,▁Shar,-15180
15441,▁foss,-15181
15442,direct,-15182
15443,▁quicker,-15183
15444,▁abundance,-15184
15445,▁temporarily,-15185
15446,aky,-15186
15447,anners,-15187
15448,▁Gabri,-15188
15449,▁Occup,-15189
15450,▁poems,-15190
15451,▁flowing,-15191
15452,▁worries,-15192
15453,Top,-15193
15454,tops,-15194
15455,ributed,-15195
15456,▁sculpture,-15196
15457,fold,-15197
15458,arity,-15198
15459,available,-15199
15460,▁prompted,-15200
15461,▁comprised,-15201
15462,▁documented,-15202
15463,▁VM,-15203
15464,West,-15204
15465,▁org,-15205
15466,▁Fold,-15206
15467,itants,-15207
15468,changing,-15208
15469,▁ceramic,-15209
15470,▁Statistics,-15210
15471,▁associations,-15211
15472,yon,-15212
15473,mare,-15213
15474,stown,-15214
15475,▁palm,-15215
15476,▁masks,-15216
15477,▁Pretty,-15217
15478,▁beside,-15218
15479,▁comics,-15219
15480,▁approve,-15220
15481,▁museums,-15221
15482,▁polished,-15222
15483,uki,-15223
15484,▁Ub,-15224
15485,▁Zoo,-15225
15486,uffle,-15226
15487,▁Chron,-15227
15488,▁Quant,-15228
15489,claimer,-15229
15490,▁google,-15230
15491,▁shifts,-15231
15492,▁waited,-15232
15493,▁circular,-15233
15494,▁finances,-15234
15495,▁rotation,-15235
15496,▁segments,-15236
15497,▁supervision,-15237
15498,▁GS,-15238
15499,▁reck,-15239
15500,▁downt,-15240
15501,▁stairs,-15241
15502,▁marathon,-15242
15503,▁quarters,-15243
15504,▁qualifications,-15244
15505,uxe,-15245
15506,prom,-15246
15507,▁Maj,-15247
15508,▁sou,-15248
15509,amboo,-15249
15510,▁Harm,-15250
15511,▁earl,-15251
15512,▁Bangl,-15252
15513,▁Experts,-15253
15514,▁Returns,-15254
15515,▁transfers,-15255
15516,WA,-15256
15517,▁MM,-15257
15518,eton,-15258
15519,uffs,-15259
15520,vine,-15260
15521,▁cope,-15261
15522,▁poet,-15262
15523,▁rape,-15263
15524,▁spine,-15264
15525,▁bonuses,-15265
15526,▁specify,-15266
15527,▁Portugal,-15267
15528,▁formerly,-15268
15529,▁Participants,-15269
15530,".),",-15270
15531,Sept,-15271
15532,ilant,-15272
15533,ritis,-15273
15534,third,-15274
15535,▁Reed,-15275
15536,▁Surgery,-15276
15537,▁LinkedIn,-15277
15538,▁youngest,-15278
15539,▁Orchestra,-15279
15540,▁Sacramento,-15280
15541,▁circulation,-15281
15542,▁administrators,-15282
15543,occ,-15283
15544,atal,-15284
15545,▁Stu,-15285
15546,▁Puerto,-15286
15547,▁ethics,-15287
15548,▁neglig,-15288
15549,--------,-15289
15550,▁Memphis,-15290
15551,▁adverse,-15291
15552,▁antique,-15292
15553,▁Ana,-15293
15554,▁Vine,-15294
15555,▁quad,-15295
15556,▁enrich,-15296
15557,▁linear,-15297
15558,▁rumors,-15298
15559,▁valley,-15299
15560,▁amateur,-15300
15561,struction,-15301
15562,▁licenses,-15302
15563,HP,-15303
15564,BER,-15304
15565,uate,-15305
15566,▁dot,-15306
15567,▁beers,-15307
15568,▁educated,-15308
15569,oise,-15309
15570,stan,-15310
15571,▁Cit,-15311
15572,▁Kam,-15312
15573,▁Calc,-15313
15574,ainted,-15314
15575,▁themed,-15315
15576,▁gratitude,-15316
15577,▁sensitivity,-15317
15578,▁Nevertheless,-15318
15579,fix,-15319
15580,ATED,-15320
15581,role,-15321
15582,umar,-15322
15583,ymph,-15323
15584,▁pitcher,-15324
15585,▁algorithm,-15325
15586,▁projected,-15326
15587,▁Vik,-15327
15588,arett,-15328
15589,panic,-15329
15590,▁hats,-15330
15591,▁pier,-15331
15592,Monday,-15332
15593,▁dimin,-15333
15594,▁wages,-15334
15595,▁notify,-15335
15596,▁Million,-15336
15597,▁roofing,-15337
15598,▁showers,-15338
15599,▁tweeted,-15339
15600,▁Employment,-15340
15601,▁accessibility,-15341
15602,▁nap,-15342
15603,filled,-15343
15604,▁Turner,-15344
15605,▁noting,-15345
15606,▁picnic,-15346
15607,▁preval,-15347
15608,▁Outside,-15348
15609,▁Walking,-15349
15610,▁Walmart,-15350
15611,▁practically,-15351
15612,▁rehabilitation,-15352
15613,Cor,-15353
15614,▁EPA,-15354
15615,ested,-15355
15616,▁Dian,-15356
15617,▁nour,-15357
15618,shaped,-15358
15619,▁notion,-15359
15620,▁tactics,-15360
15621,▁Laboratory,-15361
15622,sa,-15362
15623,aton,-15363
15624,▁lug,-15364
15625,▁sturdy,-15365
15626,▁happier,-15366
15627,▁pursuit,-15367
15628,▁listened,-15368
15629,▁teenager,-15369
15630,keys,-15370
15631,▁cav,-15371
15632,State,-15372
15633,anked,-15373
15634,▁herb,-15374
15635,▁Nicole,-15375
15636,inspired,-15376
15637,▁antioxid,-15377
15638,Will,-15378
15639,▁Sov,-15379
15640,ucked,-15380
15641,▁cave,-15381
15642,▁acute,-15382
15643,▁grape,-15383
15644,▁polish,-15384
15645,▁searched,-15385
15646,ois,-15386
15647,▁Il,-15387
15648,▁bou,-15388
15649,impse,-15389
15650,▁relay,-15390
15651,▁Unless,-15391
15652,▁Photosh,-15392
15653,▁Trading,-15393
15654,▁casting,-15394
15655,▁Response,-15395
15656,▁TE,-15396
15657,aways,-15397
15658,▁Dust,-15398
15659,▁Kend,-15399
15660,wiches,-15400
15661,▁crunch,-15401
15662,▁unions,-15402
15663,▁Podcast,-15403
15664,▁deposits,-15404
15665,▁encountered,-15405
15666,focus,-15406
15667,▁Firefox,-15407
15668,▁Stephan,-15408
15669,▁impacted,-15409
15670,▁databases,-15410
15671,▁celebrations,-15411
15672,mega,-15412
15673,requ,-15413
15674,▁Karl,-15414
15675,▁Wheel,-15415
15676,patient,-15416
15677,▁bronze,-15417
15678,▁fights,-15418
15679,▁Message,-15419
15680,▁necklace,-15420
15681,▁gardening,-15421
15682,▁interviewed,-15422
15683,flower,-15423
15684,▁bucket,-15424
15685,▁throat,-15425
15686,▁Guardian,-15426
15687,▁Bloomberg,-15427
15688,▁exchanges,-15428
15689,▁perceived,-15429
15690,▁Initiative,-15430
15691,▁GL,-15431
15692,▁Kle,-15432
15693,imity,-15433
15694,story,-15434
15695,▁castle,-15435
15696,▁harmon,-15436
15697,aternity,-15437
15698,▁Traffic,-15438
15699,▁acrylic,-15439
15700,▁securely,-15440
15701,▁milestone,-15441
15702,nia,-15442
15703,acer,-15443
15704,▁Bug,-15444
15705,▁Lip,-15445
15706,▁Crew,-15446
15707,▁PayPal,-15447
15708,▁fortune,-15448
15709,▁pressed,-15449
15710,▁laughing,-15450
15711,▁beverages,-15451
15712,OCK,-15452
15713,▁Kir,-15453
15714,▁Hour,-15454
15715,inkles,-15455
15716,▁racial,-15456
15717,▁surgeon,-15457
15718,▁Phillips,-15458
15719,eem,-15459
15720,php,-15460
15721,uba,-15461
15722,pered,-15462
15723,▁Dale,-15463
15724,▁Fried,-15464
15725,▁quart,-15465
15726,▁Writer,-15466
15727,▁metrics,-15467
15728,▁giveaway,-15468
15729,▁minerals,-15469
15730,▁sentiment,-15470
15731,Wed,-15471
15732,zel,-15472
15733,▁Dogs,-15473
15734,▁Wait,-15474
15735,▁sights,-15475
15736,▁AU,-15476
15737,food,-15477
15738,▁Fest,-15478
15739,▁nost,-15479
15740,▁ours,-15480
15741,▁Raven,-15481
15742,▁kinda,-15482
15743,ullivan,-15483
15744,▁skiing,-15484
15745,▁Privacy,-15485
15746,▁Engineer,-15486
15747,▁contacting,-15487
15748,Em,-15488
15749,▁Biden,-15489
15750,▁specialize,-15490
15751,▁inflammation,-15491
15752,Web,-15492
15753,▁Raw,-15493
15754,ieval,-15494
15755,▁WHAT,-15495
15756,Search,-15496
15757,▁Banks,-15497
15758,▁puppy,-15498
15759,comfort,-15499
15760,▁Samuel,-15500
15761,▁evolving,-15501
15762,▁cholesterol,-15502
15763,▁Commonwealth,-15503
15764,▁tv,-15504
15765,▁Boe,-15505
15766,▁disadvant,-15506
15767,▁fundament,-15507
15768,▁proportion,-15508
15769,▁substances,-15509
15770,say,-15510
15771,▁aug,-15511
15772,▁honour,-15512
15773,▁briefly,-15513
15774,▁keywords,-15514
15775,▁researcher,-15515
15776,bane,-15516
15777,▁Frequ,-15517
15778,▁Whats,-15518
15779,▁salon,-15519
15780,▁tweets,-15520
15781,▁instrumental,-15521
15782,▁pap,-15522
15783,Produ,-15523
15784,icone,-15524
15785,▁decreased,-15525
15786,▁decoration,-15526
15787,▁Bun,-15527
15788,▁Jet,-15528
15789,▁xxx,-15529
15790,▁Medal,-15530
15791,▁Carbon,-15531
15792,▁assert,-15532
15793,▁Summary,-15533
15794,▁Teachers,-15534
15795,▁overhead,-15535
15796,akery,-15536
15797,▁Entry,-15537
15798,▁Ottawa,-15538
15799,▁asleep,-15539
15800,▁finely,-15540
15801,▁rivals,-15541
15802,▁refined,-15542
15803,▁dynamics,-15543
15804,▁Television,-15544
15805,AVE,-15545
15806,ania,-15546
15807,umbs,-15547
15808,▁Ric,-15548
15809,Watch,-15549
15810,▁Oliv,-15550
15811,▁Task,-15551
15812,▁zomb,-15552
15813,▁cares,-15553
15814,▁pinch,-15554
15815,▁particles,-15555
15816,▁enterprises,-15556
15817,oped,-15557
15818,▁mum,-15558
15819,▁Bent,-15559
15820,▁Cham,-15560
15821,▁irre,-15561
15822,iblings,-15562
15823,▁Secure,-15563
15824,▁commands,-15564
15825,▁rational,-15565
15826,▁accredited,-15566
15827,▁incentives,-15567
15828,▁pp,-15568
15829,▁Defe,-15569
15830,▁meth,-15570
15831,▁Minor,-15571
15832,▁Owner,-15572
15833,▁Expect,-15573
15834,▁labour,-15574
15835,▁tenants,-15575
15836,▁traders,-15576
15837,▁partnered,-15577
15838,Min,-15578
15839,Stud,-15579
15840,than,-15580
15841,▁vibe,-15581
15842,▁grasp,-15582
15843,▁males,-15583
15844,▁tanks,-15584
15845,▁tread,-15585
15846,▁biology,-15586
15847,▁describing,-15587
15848,also,-15588
15849,▁lam,-15589
15850,▁Loan,-15590
15851,▁gaps,-15591
15852,▁Draft,-15592
15853,▁Lucas,-15593
15854,▁dense,-15594
15855,▁cricket,-15595
15856,iovascular,-15596
15857,Feb,-15597
15858,Mod,-15598
15859,usc,-15599
15860,▁RM,-15600
15861,think,-15601
15862,heastern,-15602
15863,▁hardest,-15603
15864,▁Nebraska,-15604
15865,▁simplicity,-15605
15866,Learn,-15606
15867,▁lazy,-15607
15868,umatic,-15608
15869,▁Nokia,-15609
15870,▁kicks,-15610
15871,▁cousin,-15611
15872,▁constitu,-15612
15873,▁translated,-15613
15874,Bus,-15614
15875,▁Abu,-15615
15876,▁Inj,-15616
15877,▁lod,-15617
15878,ocity,-15618
15879,▁selections,-15619
15880,▁collaborate,-15620
15881,▁ACT,-15621
15882,▁Superv,-15622
15883,▁Heather,-15623
15884,▁pretend,-15624
15885,▁monetary,-15625
15886,▁Jerusalem,-15626
15887,five,-15627
15888,▁Warm,-15628
15889,▁cupc,-15629
15890,▁Pizza,-15630
15891,▁Discovery,-15631
15892,▁Otherwise,-15632
15893,▁enjoyment,-15633
15894,▁consisting,-15634
15895,▁verification,-15635
15896,pic,-15636
15897,▁NAT,-15637
15898,Photo,-15638
15899,▁wars,-15639
15900,degree,-15640
15901,▁chase,-15641
15902,▁chore,-15642
15903,▁scoop,-15643
15904,▁resign,-15644
15905,▁simmer,-15645
15906,▁Austria,-15646
15907,▁Amsterdam,-15647
15908,avan,-15648
15909,ettes,-15649
15910,▁Firm,-15650
15911,houses,-15651
15912,▁Behav,-15652
15913,▁stair,-15653
15914,▁gamers,-15654
15915,▁females,-15655
15916,▁Egyptian,-15656
15917,▁Reference,-15657
15918,▁comparable,-15658
15919,▁controversy,-15659
15920,▁Representative,-15660
15921,ados,-15661
15922,▁Window,-15662
15923,▁intric,-15663
15924,▁seafood,-15664
15925,▁Statement,-15665
15926,▁Ts,-15666
15927,▁Cord,-15667
15928,▁Neck,-15668
15929,▁kingdom,-15669
15930,▁Collabor,-15670
15931,▁launches,-15671
15932,▁offshore,-15672
15933,ikh,-15673
15934,▁Rib,-15674
15935,▁unde,-15675
15936,▁metals,-15676
15937,▁lengthy,-15677
15938,▁explored,-15678
15939,▁teammates,-15679
15940,▁innovations,-15680
15941,Pre,-15681
15942,▁Lan,-15682
15943,▁memor,-15683
15944,▁sunset,-15684
15945,▁glimpse,-15685
15946,▁touring,-15686
15947,▁webinar,-15687
15948,ibles,-15688
15949,▁Dual,-15689
15950,▁flesh,-15690
15951,▁Nissan,-15691
15952,▁drying,-15692
15953,▁static,-15693
15954,▁learners,-15694
15955,▁Same,-15695
15956,▁dock,-15696
15957,▁tens,-15697
15958,usters,-15698
15959,▁Shanghai,-15699
15960,ENTS,-15700
15961,▁Dod,-15701
15962,▁EUR,-15702
15963,▁dece,-15703
15964,▁deny,-15704
15965,formed,-15705
15966,▁Claim,-15706
15967,▁pencil,-15707
15968,▁fatigue,-15708
15969,▁veggies,-15709
15970,▁Warranty,-15710
15971,▁fragrance,-15711
15972,itle,-15712
15973,▁PHP,-15713
15974,▁eBay,-15714
15975,▁evac,-15715
15976,▁trio,-15716
15977,▁Leban,-15717
15978,▁Minne,-15718
15979,▁knees,-15719
15980,▁Batman,-15720
15981,▁Vincent,-15721
15982,▁customs,-15722
15983,▁NSW,-15723
15984,▁promo,-15724
15985,▁Vehicle,-15725
15986,▁Kan,-15726
15987,▁Milk,-15727
15988,levard,-15728
15989,▁angel,-15729
15990,▁switching,-15730
15991,▁financially,-15731
15992,▁au,-15732
15993,▁hey,-15733
15994,Where,-15734
15995,itime,-15735
15996,▁heater,-15736
15997,▁threads,-15737
15998,▁Hurricane,-15738
15999,▁decorations,-15739
16000,▁pdf,-15740
16001,▁Apps,-15741
16002,▁chaos,-15742
16003,▁cattle,-15743
16004,▁garbage,-15744
16005,▁Publication,-15745
16006,places,-15746
16007,▁forcing,-15747
16008,▁renewed,-15748
16009,▁polyester,-15749
16010,Ty,-15750
16011,etics,-15751
16012,▁foil,-15752
16013,▁fres,-15753
16014,▁careg,-15754
16015,▁sacred,-15755
16016,▁Designs,-15756
16017,▁pharmacy,-15757
16018,▁obligations,-15758
16019,▁succ,-15759
16020,atories,-15760
16021,▁Soccer,-15761
16022,▁Yankees,-15762
16023,▁aviation,-15763
16024,▁landscapes,-15764
16025,▁coordination,-15765
16026,iga,-15766
16027,Mart,-15767
16028,enez,-15768
16029,quare,-15769
16030,▁strings,-15770
16031,▁teenage,-15771
16032,▁faithful,-15772
16033,cond,-15773
16034,phew,-15774
16035,▁jaw,-15775
16036,▁Kill,-15776
16037,ulously,-15777
16038,▁Colomb,-15778
16039,▁hunger,-15779
16040,▁unclear,-15780
16041,▁bachelor,-15781
16042,▁Assistance,-15782
16043,▁guarantees,-15783
16044,▁ANY,-15784
16045,▁Beng,-15785
16046,akespe,-15786
16047,▁crews,-15787
16048,▁redes,-15788
16049,▁tricky,-15789
16050,▁automobile,-15790
16051,▁Installation,-15791
16052,pdf,-15792
16053,▁Dh,-15793
16054,jack,-15794
16055,pless,-15795
16056,somet,-15796
16057,▁Flower,-15797
16058,▁Triple,-15798
16059,FR,-15799
16060,▁bik,-15800
16061,width,-15801
16062,▁Chuck,-15802
16063,▁Dating,-15803
16064,▁Indians,-15804
16065,▁columns,-15805
16066,▁flagship,-15806
16067,▁shareholders,-15807
16068,▁perf,-15808
16069,▁Colon,-15809
16070,▁coupled,-15810
16071,gro,-15811
16072,▁BA,-15812
16073,July,-15813
16074,▁Pull,-15814
16075,▁cryst,-15815
16076,▁kills,-15816
16077,▁Carlos,-15817
16078,▁Cherry,-15818
16079,▁varies,-15819
16080,▁defendant,-15820
16081,▁inquiries,-15821
16082,HR,-15822
16083,Hey,-15823
16084,▁BU,-15824
16085,Cent,-15825
16086,▁benefic,-15826
16087,▁glitter,-15827
16088,▁Document,-15828
16089,▁elevated,-15829
16090,▁imported,-15830
16091,▁seasoned,-15831
16092,▁broadband,-15832
16093,▁frustration,-15833
16094,▁enthusiastic,-15834
16095,isle,-15835
16096,▁mes,-15836
16097,▁FROM,-15837
16098,▁Cisco,-15838
16099,▁upside,-15839
16100,etta,-15840
16101,urop,-15841
16102,▁Wend,-15842
16103,▁Cyber,-15843
16104,▁Chapel,-15844
16105,▁Freder,-15845
16106,▁blocking,-15846
16107,▁creations,-15847
16108,▁Registered,-15848
16109,▁correction,-15849
16110,▁Gem,-15850
16111,lasses,-15851
16112,▁ample,-15852
16113,▁fairy,-15853
16114,▁Tonight,-15854
16115,▁intimid,-15855
16116,▁literacy,-15856
16117,▁Basically,-15857
16118,▁spotlight,-15858
16119,▁permanently,-15859
16120,Have,-15860
16121,Work,-15861
16122,igma,-15862
16123,path,-15863
16124,▁Nom,-15864
16125,▁holy,-15865
16126,▁clinics,-15866
16127,▁revealing,-15867
16128,▁scientist,-15868
16129,▁nit,-15869
16130,▁vet,-15870
16131,alone,-15871
16132,glass,-15872
16133,▁bean,-15873
16134,▁midst,-15874
16135,▁panic,-15875
16136,ourcing,-15876
16137,▁Extract,-15877
16138,▁cryptocur,-15878
16139,ahn,-15879
16140,Many,-15880
16141,▁Fitz,-15881
16142,▁jokes,-15882
16143,▁amazed,-15883
16144,▁Operating,-15884
16145,▁Entreprene,-15885
16146,idy,-15886
16147,lit,-15887
16148,arded,-15888
16149,getic,-15889
16150,ospice,-15890
16151,▁lakes,-15891
16152,▁lasts,-15892
16153,▁towels,-15893
16154,▁extensions,-15894
16155,▁Indianapolis,-15895
16156,Ge,-15896
16157,▁umb,-15897
16158,▁ONLY,-15898
16159,ifiers,-15899
16160,ulative,-15900
16161,▁Recogn,-15901
16162,▁bundle,-15902
16163,▁viable,-15903
16164,▁Founder,-15904
16165,▁studios,-15905
16166,div,-15906
16167,eks,-15907
16168,upt,-15908
16169,Find,-15909
16170,nected,-15910
16171,▁anchor,-15911
16172,▁Pav,-15912
16173,▁Trek,-15913
16174,▁Views,-15914
16175,▁Melissa,-15915
16176,▁sincere,-15916
16177,▁Included,-15917
16178,▁equality,-15918
16179,▁QU,-15919
16180,▁CPU,-15920
16181,▁Rou,-15921
16182,▁Ideal,-15922
16183,▁rookie,-15923
16184,▁Denmark,-15924
16185,▁harness,-15925
16186,▁palette,-15926
16187,▁assessed,-15927
16188,▁disciplines,-15928
16189,▁Chad,-15929
16190,▁Sara,-15930
16191,atches,-15931
16192,imated,-15932
16193,▁Chile,-15933
16194,▁Swift,-15934
16195,▁Cities,-15935
16196,▁endeav,-15936
16197,▁disclosure,-15937
16198,▁Congratulations,-15938
16199,mid,-15939
16200,▁Garage,-15940
16201,▁Shield,-15941
16202,Saturday,-15942
16203,▁Revenue,-15943
16204,▁undergo,-15944
16205,▁transcript,-15945
16206,▁Partnership,-15946
16207,gom,-15947
16208,pad,-15948
16209,▁Ot,-15949
16210,when,-15950
16211,▁diver,-15951
16212,▁Hockey,-15952
16213,▁submissions,-15953
16214,hma,-15954
16215,▁UI,-15955
16216,...),-15956
16217,▁aspir,-15957
16218,▁Keeping,-15958
16219,▁Photoshop,-15959
16220,▁recession,-15960
16221,▁adaptation,-15961
16222,map,-15962
16223,brook,-15963
16224,▁dull,-15964
16225,manship,-15965
16226,position,-15966
16227,▁Founded,-15967
16228,AME,-15968
16229,iens,-15969
16230,rene,-15970
16231,Since,-15971
16232,irsty,-15972
16233,mount,-15973
16234,▁Butler,-15974
16235,▁attain,-15975
16236,▁payroll,-15976
16237,▁visually,-15977
16238,▁Amendment,-15978
16239,▁clearance,-15979
16240,park,-15980
16241,Trans,-15981
16242,ynote,-15982
16243,▁Tall,-15983
16244,▁dread,-15984
16245,▁phrases,-15985
16246,▁wounded,-15986
16247,▁hometown,-15987
16248,▁occupied,-15988
16249,▁Southwest,-15989
16250,▁dismissed,-15990
16251,disciplinary,-15991
16252,ilk,-15992
16253,▁hed,-15993
16254,▁Celt,-15994
16255,▁Grill,-15995
16256,▁Lemon,-15996
16257,▁metabol,-15997
16258,▁outfits,-15998
16259,▁optimize,-15999
16260,▁assembled,-16000
16261,▁Certification,-16001
16262,PER,-16002
16263,leton,-16003
16264,course,-16004
16265,▁jersey,-16005
16266,▁Midwest,-16006
16267,▁Weekend,-16007
16268,▁billing,-16008
16269,▁boutique,-16009
16270,▁fixtures,-16010
16271,▁observations,-16011
16272,▁Sr,-16012
16273,Love,-16013
16274,▁Hero,-16014
16275,atable,-16015
16276,▁Motion,-16016
16277,▁Created,-16017
16278,▁balcony,-16018
16279,▁crushed,-16019
16280,▁Solution,-16020
16281,▁Sterling,-16021
16282,▁earliest,-16022
16283,▁survivors,-16023
16284,▁scheduling,-16024
16285,▁PlayStation,-16025
16286,▁Maz,-16026
16287,entry,-16027
16288,▁Resear,-16028
16289,▁lender,-16029
16290,▁Serving,-16030
16291,▁stranger,-16031
16292,INGTON,-16032
16293,▁mindset,-16033
16294,▁paperwork,-16034
16295,▁McM,-16035
16296,▁hug,-16036
16297,▁Parad,-16037
16298,version,-16038
16299,▁,-16039
16300,e,-16040
16301,t,-16041
16302,a,-16042
16303,o,-16043
16304,i,-16044
16305,n,-16045
16306,s,-16046
16307,r,-16047
16308,h,-16048
16309,l,-16049
16310,d,-16050
16311,c,-16051
16312,u,-16052
16313,m,-16053
16314,p,-16054
16315,g,-16055
16316,f,-16056
16317,y,-16057
16318,w,-16058
16319,b,-16059
16320,.,-16060
16321,v,-16061
16322,",",-16062
16323,k,-16063
16324,T,-16064
16325,S,-16065
16326,I,-16066
16327,A,-16067
16328,-,-16068
16329,C,-16069
16330,0,-16070
16331,M,-16071
16332,1,-16072
16333,P,-16073
16334,x,-16074
16335,B,-16075
16336,2,-16076
16337,W,-16077
16338,D,-16078
16339,R,-16079
16340,E,-16080
16341,H,-16081
16342,F,-16082
16343,’,-16083
16344,L,-16084
16345,N,-16085
16346,O,-16086
16347,',-16087
16348,:,-16088
16349,G,-16089
16350,j,-16090
16351,),-16091
16352,(,-16092
16353,z,-16093
16354,3,-16094
16355,5,-16095
16356,q,-16096
16357,U,-16097
16358,4,-16098
16359,"""",-16099
16360,J,-16100
16361,9,-16101
16362,8,-16102
16363,6,-16103
16364,V,-16104
16365,Y,-16105
16366,K,-16106
16367,7,-16107
16368,!,-16108
16369,|,-16109
16370,/,-16110
16371,“,-16111
16372,”,-16112
16373,?,-16113
16374,–,-16114
16375,;,-16115
16376,&,-16116
16377,$,-16117
16378,Q,-16118
16379,—,-16119
16380,%,-16120
16381,X,-16121
16382,Z,-16122
16383,*,-16123
