sp_id,piece,score
0,<pad>,0
1,<s>,0
2,</s>,0
3,<unk>,0
4,<0x00>,0
5,<0x01>,0
6,<0x02>,0
7,<0x03>,0
8,<0x04>,0
9,<0x05>,0
10,<0x06>,0
11,<0x07>,0
12,<0x08>,0
13,<0x09>,0
14,<0x0A>,0
15,<0x0B>,0
16,<0x0C>,0
17,<0x0D>,0
18,<0x0E>,0
19,<0x0F>,0
20,<0x10>,0
21,<0x11>,0
22,<0x12>,0
23,<0x13>,0
24,<0x14>,0
25,<0x15>,0
26,<0x16>,0
27,<0x17>,0
28,<0x18>,0
29,<0x19>,0
30,<0x1A>,0
31,<0x1B>,0
32,<0x1C>,0
33,<0x1D>,0
34,<0x1E>,0
35,<0x1F>,0
36,<0x20>,0
37,<0x21>,0
38,<0x22>,0
39,<0x23>,0
40,<0x24>,0
41,<0x25>,0
42,<0x26>,0
43,<0x27>,0
44,<0x28>,0
45,<0x29>,0
46,<0x2A>,0
47,<0x2B>,0
48,<0x2C>,0
49,<0x2D>,0
50,<0x2E>,0
51,<0x2F>,0
52,<0x30>,0
53,<0x31>,0
54,<0x32>,0
55,<0x33>,0
56,<0x34>,0
57,<0x35>,0
58,<0x36>,0
59,<0x37>,0
60,<0x38>,0
61,<0x39>,0
62,<0x3A>,0
63,<0x3B>,0
64,<0x3C>,0
65,<0x3D>,0
66,<0x3E>,0
67,<0x3F>,0
68,<0x40>,0
69,<0x41>,0
70,<0x42>,0
71,<0x43>,0
72,<0x44>,0
73,<0x45>,0
74,<0x46>,0
75,<0x47>,0
76,<0x48>,0
77,<0x49>,0
78,<0x4A>,0
79,<0x4B>,0
80,<0x4C>,0
81,<0x4D>,0
82,<0x4E>,0
83,<0x4F>,0
84,<0x50>,0
85,<0x51>,0
86,<0x52>,0
87,<0x53>,0
88,<0x54>,0
89,<0x55>,0
90,<0x56>,0
91,<0x57>,0
92,<0x58>,0
93,<0x59>,0
94,<0x5A>,0
95,<0x5B>,0
96,<0x5C>,0
97,<0x5D>,0
98,<0x5E>,0
99,<0x5F>,0
100,<0x60>,0
101,<0x61>,0
102,<0x62>,0
103,<0x63>,0
104,<0x64>,0
105,<0x65>,0
106,<0x66>,0
107,<0x67>,0
108,<0x68>,0
109,<0x69>,0
110,<0x6A>,0
111,<0x6B>,0
112,<0x6C>,0
113,<0x6D>,0
114,<0x6E>,0
115,<0x6F>,0
116,<0x70>,0
117,<0x71>,0
118,<0x72>,0
119,<0x73>,0
120,<0x74>,0
121,<0x75>,0
122,<0x76>,0
123,<0x77>,0
124,<0x78>,0
125,<0x79>,0
126,<0x7A>,0
127,<0x7B>,0
128,<0x7C>,0
129,<0x7D>,0
130,<0x7E>,0
131,<0x7F>,0
132,<0x80>,0
133,<0x81>,0
134,<0x82>,0
135,<0x83>,0
136,<0x84>,0
137,<0x85>,0
138,<0x86>,0
139,<0x87>,0
140,<0x88>,0
141,<0x89>,0
142,<0x8A>,0
143,<0x8B>,0
144,<0x8C>,0
145,<0x8D>,0
146,<0x8E>,0
147,<0x8F>,0
148,<0x90>,0
149,<0x91>,0
150,<0x92>,0
151,<0x93>,0
152,<0x94>,0
153,<0x95>,0
154,<0x96>,0
155,<0x97>,0
156,<0x98>,0
157,<0x99>,0
158,<0x9A>,0
159,<0x9B>,0
160,<0x9C>,0
161,<0x9D>,0
162,<0x9E>,0
163,<0x9F>,0
164,<0xA0>,0
165,<0xA1>,0
166,<0xA2>,0
167,<0xA3>,0
168,<0xA4>,0
169,<0xA5>,0
170,<0xA6>,0
171,<0xA7>,0
172,<0xA8>,0
173,<0xA9>,0
174,<0xAA>,0
175,<0xAB>,0
176,<0xAC>,0
177,<0xAD>,0
178,<0xAE>,0
179,<0xAF>,0
180,<0xB0>,0
181,<0xB1>,0
182,<0xB2>,0
183,<0xB3>,0
184,<0xB4>,0
185,<0xB5>,0
186,<0xB6>,0
187,<0xB7>,0
188,<0xB8>,0
189,<0xB9>,0
190,<0xBA>,0
191,<0xBB>,0
192,<0xBC>,0
193,<0xBD>,0
194,<0xBE>,0
195,<0xBF>,0
196,<0xC0>,0
197,<0xC1>,0
198,<0xC2>,0
199,<0xC3>,0
200,<0xC4>,0
201,<0xC5>,0
202,<0xC6>,0
203,<0xC7>,0
204,<0xC8>,0
205,<0xC9>,0
206,<0xCA>,0
207,<0xCB>,0
208,<0xCC>,0
209,<0xCD>,0
210,<0xCE>,0
211,<0xCF>,0
212,<0xD0>,0
213,<0xD1>,0
214,<0xD2>,0
215,<0xD3>,0
216,<0xD4>,0
217,<0xD5>,0
218,<0xD6>,0
219,<0xD7>,0
220,<0xD8>,0
221,<0xD9>,0
222,<0xDA>,0
223,<0xDB>,0
224,<0xDC>,0
225,<0xDD>,0
226,<0xDE>,0
227,<0xDF>,0
228,<0xE0>,0
229,<0xE1>,0
230,<0xE2>,0
231,<0xE3>,0
232,<0xE4>,0
233,<0xE5>,0
234,<0xE6>,0
235,<0xE7>,0
236,<0xE8>,0
237,<0xE9>,0
238,<0xEA>,0
239,<0xEB>,0
240,<0xEC>,0
241,<0xED>,0
242,<0xEE>,0
243,<0xEF>,0
244,<0xF0>,0
245,<0xF1>,0
246,<0xF2>,0
247,<0xF3>,0
248,<0xF4>,0
249,<0xF5>,0
250,<0xF6>,0
251,<0xF7>,0
252,<0xF8>,0
253,<0xF9>,0
254,<0xFA>,0
255,<0xFB>,0
256,<0xFC>,0
257,<0xFD>,0
258,<0xFE>,0
259,<0xFF>,0
260,▁t,-0
261,▁a,-1
262,in,-2
263,he,-3
264,re,-4
265,on,-5
266,er,-6
267,▁the,-7
268,▁s,-8
269,▁w,-9
270,or,-10
271,at,-11
272,nd,-12
273,ou,-13
274,▁c,-14
275,it,-15
276,es,-16
277,▁f,-17
278,is,-18
279,en,-19
280,ing,-20
281,▁b,-21
282,▁p,-22
283,▁o,-23
284,an,-24
285,ed,-25
286,al,-26
287,▁to,-27
288,▁m,-28
289,ar,-29
290,▁and,-30
291,▁in,-31
292,▁of,-32
293,▁d,-33
294,le,-34
295,ic,-35
296,as,-36
297,om,-37
298,▁h,-38
299,ion,-39
300,▁th,-40
301,il,-41
302,▁T,-42
303,▁l,-43
304,ent,-44
305,ve,-45
306,ro,-46
307,▁y,-47
308,st,-48
309,▁I,-49
310,▁e,-50
311,▁re,-51
312,▁n,-52
313,▁S,-53
314,▁g,-54
315,et,-55
316,ct,-56
317,▁A,-57
318,▁you,-58
319,▁C,-59
320,ly,-60
321,id,-61
322,▁for,-62
323,▁is,-63
324,ay,-64
325,▁on,-65
326,▁be,-66
327,ot,-67
328,ow,-68
329,ol,-69
330,am,-70
331,ac,-71
332,ig,-72
333,el,-73
334,us,-74
335,ad,-75
336,im,-76
337,▁M,-77
338,ver,-78
339,ith,-79
340,ut,-80
341,▁st,-81
342,ation,-82
343,ur,-83
344,▁P,-84
345,▁with,-85
346,▁that,-86
347,ir,-87
348,▁B,-88
349,▁W,-89
350,ch,-90
351,ce,-91
352,▁it,-92
353,▁The,-93
354,▁he,-94
355,ill,-95
356,ers,-96
357,▁al,-97
358,un,-98
359,▁an,-99
360,ul,-100
361,▁D,-101
362,▁H,-102
363,▁F,-103
364,ra,-104
365,out,-105
366,▁pro,-106
367,▁as,-107
368,▁wh,-108
369,ke,-109
370,se,-110
371,▁are,-111
372,ter,-112
373,▁we,-113
374,if,-114
375,oo,-115
376,▁ha,-116
377,ge,-117
378,▁R,-118
379,our,-119
380,pp,-120
381,ate,-121
382,▁at,-122
383,ess,-123
384,▁con,-124
385,▁com,-125
386,▁or,-126
387,▁L,-127
388,est,-128
389,her,-129
390,ore,-130
391,ment,-131
392,▁fr,-132
393,igh,-133
394,ab,-134
395,▁-,-135
396,▁N,-136
397,▁se,-137
398,▁ne,-138
399,ort,-139
400,ld,-140
401,▁G,-141
402,▁E,-142
403,ist,-143
404,▁your,-144
405,ri,-145
406,op,-146
407,▁(,-147
408,▁ex,-148
409,ity,-149
410,ure,-150
411,em,-151
412,▁O,-152
413,▁v,-153
414,qu,-154
415,ant,-155
416,art,-156
417,ive,-157
418,▁r,-158
419,▁was,-159
420,ust,-160
421,▁have,-161
422,um,-162
423,▁from,-163
424,pe,-164
425,▁this,-165
426,▁de,-166
427,oc,-167
428,▁sh,-168
429,th,-169
430,ain,-170
431,ies,-171
432,up,-172
433,▁ch,-173
434,▁can,-174
435,▁will,-175
436,and,-176
437,▁by,-177
438,os,-178
439,ight,-179
440,nt,-180
441,ie,-181
442,▁us,-182
443,all,-183
444,ome,-184
445,ard,-185
446,▁not,-186
447,ud,-187
448,res,-188
449,▁le,-189
450,▁J,-190
451,ast,-191
452,▁pl,-192
453,ost,-193
454,▁su,-194
455,▁ab,-195
456,ear,-196
457,iv,-197
458,ide,-198
459,ack,-199
460,▁wor,-200
461,ial,-201
462,rou,-202
463,gh,-203
464,▁all,-204
465,ell,-205
466,od,-206
467,ak,-207
468,te,-208
469,ould,-209
470,ine,-210
471,▁j,-211
472,..,-212
473,red,-213
474,ag,-214
475,▁has,-215
476,ice,-216
477,▁Th,-217
478,▁U,-218
479,age,-219
480,▁do,-220
481,▁k,-221
482,fe,-222
483,ook,-223
484,▁ad,-224
485,per,-225
486,▁In,-226
487,ip,-227
488,▁comp,-228
489,ake,-229
490,▁out,-230
491,ions,-231
492,▁up,-232
493,ally,-233
494,▁but,-234
495,▁me,-235
496,are,-236
497,▁whe,-237
498,pt,-238
499,ry,-239
500,one,-240
501,▁our,-241
502,able,-242
503,og,-243
504,▁en,-244
505,▁“,-245
506,▁more,-246
507,ind,-247
508,ite,-248
509,ail,-249
510,ther,-250
511,ich,-251
512,▁Y,-252
513,▁their,-253
514,ime,-254
515,very,-255
516,▁so,-256
517,cc,-257
518,▁cl,-258
519,▁sa,-259
520,ood,-260
521,ong,-261
522,▁my,-262
523,ated,-263
524,▁K,-264
525,for,-265
526,ame,-266
527,iz,-267
528,ber,-268
529,▁they,-269
530,▁St,-270
531,ace,-271
532,▁te,-272
533,▁one,-273
534,ous,-274
535,ans,-275
536,so,-276
537,ike,-277
538,act,-278
539,▁about,-279
540,pl,-280
541,ase,-281
542,du,-282
543,▁cont,-283
544,▁V,-284
545,ick,-285
546,▁im,-286
547,ia,-287
548,▁inc,-288
549,ign,-289
550,▁work,-290
551,ance,-291
552,▁un,-292
553,ree,-293
554,▁who,-294
555,▁off,-295
556,▁fe,-296
557,ire,-297
558,ue,-298
559,▁man,-299
560,"▁""",-300
561,ach,-301
562,▁tr,-302
563,ub,-303
564,ll,-304
565,▁go,-305
566,▁It,-306
567,reat,-307
568,ction,-308
569,▁year,-309
570,▁his,-310
571,▁new,-311
572,ne,-312
573,ib,-313
574,▁app,-314
575,ays,-315
576,ult,-316
577,erv,-317
578,▁Ch,-318
579,und,-319
580,▁res,-320
581,▁We,-321
582,ap,-322
583,ep,-323
584,ass,-324
585,ark,-325
586,ff,-326
587,▁qu,-327
588,ations,-328
589,ary,-329
590,▁per,-330
591,▁sp,-331
592,ile,-332
593,▁also,-333
594,ove,-334
595,▁int,-335
596,▁which,-336
597,form,-337
598,▁time,-338
599,ven,-339
600,ount,-340
601,▁get,-341
602,own,-342
603,▁like,-343
604,▁some,-344
605,▁other,-345
606,ond,-346
607,ings,-347
608,ents,-348
609,▁any,-349
610,vel,-350
611,ical,-351
612,▁been,-352
613,ence,-353
614,▁part,-354
615,av,-355
616,▁over,-356
617,▁This,-357
618,▁dis,-358
619,ition,-359
620,ress,-360
621,ors,-361
622,▁rec,-362
623,▁He,-363
624,▁ar,-364
625,ck,-365
626,▁them,-366
627,▁sc,-367
628,ild,-368
629,▁pe,-369
630,ink,-370
631,port,-371
632,▁ag,-372
633,▁said,-373
634,low,-374
635,▁ro,-375
636,▁when,-376
637,▁her,-377
638,ound,-378
639,ose,-379
640,mer,-380
641,▁kn,-381
642,int,-382
643,ough,-383
644,oy,-384
645,ob,-385
646,ens,-386
647,ord,-387
648,ish,-388
649,irst,-389
650,▁just,-390
651,▁pre,-391
652,▁pr,-392
653,ov,-393
654,▁need,-394
655,ru,-395
656,▁spe,-396
657,wn,-397
658,▁acc,-398
659,▁what,-399
660,ren,-400
661,▁there,-401
662,▁if,-402
663,▁than,-403
664,day,-404
665,▁Re,-405
666,▁its,-406
667,▁would,-407
668,vers,-408
669,▁had,-409
670,ater,-410
671,ade,-411
672,ning,-412
673,fter,-413
674,▁were,-414
675,lud,-415
676,▁am,-416
677,old,-417
678,▁des,-418
679,▁into,-419
680,lp,-420
681,rough,-421
682,ory,-422
683,itt,-423
684,▁–,-424
685,ople,-425
686,▁tw,-426
687,ang,-427
688,use,-428
689,▁how,-429
690,ool,-430
691,lic,-431
692,▁help,-432
693,anc,-433
694,▁first,-434
695,▁bec,-435
696,▁add,-436
697,ks,-437
698,...,-438
699,ons,-439
700,▁make,-440
701,amp,-441
702,hed,-442
703,ft,-443
704,▁comm,-444
705,▁prov,-445
706,▁includ,-446
707,▁look,-447
708,▁Wh,-448
709,les,-449
710,▁people,-450
711,▁You,-451
712,gr,-452
713,ual,-453
714,▁bl,-454
715,▁col,-455
716,▁serv,-456
717,ments,-457
718,▁know,-458
719,ian,-459
720,ful,-460
721,▁produ,-461
722,▁Ne,-462
723,ates,-463
724,iew,-464
725,tern,-465
726,ious,-466
727,▁em,-467
728,▁she,-468
729,round,-469
730,rent,-470
731,▁every,-471
732,ating,-472
733,▁may,-473
734,▁through,-474
735,▁no,-475
736,▁back,-476
737,ict,-477
738,▁only,-478
739,pport,-479
740,▁want,-480
741,▁bu,-481
742,▁most,-482
743,cts,-483
744,ices,-484
745,▁As,-485
746,▁ph,-486
747,▁see,-487
748,▁well,-488
749,▁two,-489
750,we,-490
751,▁ind,-491
752,ities,-492
753,▁If,-493
754,▁bet,-494
755,ise,-495
756,▁use,-496
757,xt,-497
758,com,-498
759,ont,-499
760,▁und,-500
761,je,-501
762,▁after,-502
763,iss,-503
764,ph,-504
765,▁play,-505
766,▁Se,-506
767,ause,-507
768,ife,-508
769,▁co,-509
770,iness,-510
771,oth,-511
772,ock,-512
773,lect,-513
774,row,-514
775,ily,-515
776,▁|,-516
777,▁act,-517
778,▁&,-518
779,enc,-519
780,▁exper,-520
781,urn,-521
782,hen,-522
783,▁fl,-523
784,▁cons,-524
785,als,-525
786,▁years,-526
787,ting,-527
788,▁these,-528
789,cial,-529
790,ert,-530
791,▁tra,-531
792,aw,-532
793,▁$,-533
794,▁Un,-534
795,▁Com,-535
796,▁stud,-536
797,▁An,-537
798,▁For,-538
799,ange,-539
800,▁good,-540
801,ures,-541
802,ational,-542
803,bs,-543
804,aking,-544
805,▁Pro,-545
806,vent,-546
807,▁now,-547
808,any,-548
809,▁ke,-549
810,▁under,-550
811,fore,-551
812,▁bus,-552
813,ased,-553
814,hing,-554
815,ific,-555
816,▁sm,-556
817,▁many,-557
818,ward,-558
819,▁reg,-559
820,get,-560
821,▁very,-561
822,oint,-562
823,▁way,-563
824,ts,-564
825,▁imp,-565
826,▁wee,-566
827,erson,-567
828,▁fin,-568
829,▁dif,-569
830,▁And,-570
831,▁De,-571
832,▁start,-572
833,▁gu,-573
834,ience,-574
835,fect,-575
836,formation,-576
837,uring,-577
838,▁rel,-578
839,▁great,-579
840,yst,-580
841,ility,-581
842,▁could,-582
843,▁dec,-583
844,▁rem,-584
845,uch,-585
846,ible,-586
847,▁even,-587
848,▁inv,-588
849,hip,-589
850,oss,-590
851,▁sec,-591
852,ty,-592
853,).,-593
854,▁loc,-594
855,ident,-595
856,rit,-596
857,alth,-597
858,ork,-598
859,▁where,-599
860,ics,-600
861,▁day,-601
862,▁own,-602
863,▁show,-603
864,cess,-604
865,velop,-605
866,elf,-606
867,ull,-607
868,hes,-608
869,▁high,-609
870,its,-610
871,nds,-611
872,ath,-612
873,▁find,-613
874,▁don,-614
875,▁home,-615
876,air,-616
877,line,-617
878,olog,-618
879,▁should,-619
880,▁here,-620
881,lease,-621
882,chool,-622
883,▁ass,-623
884,▁ent,-624
885,▁best,-625
886,ied,-626
887,▁down,-627
888,▁then,-628
889,ble,-629
890,▁right,-630
891,The,-631
892,▁Sh,-632
893,▁br,-633
894,ular,-634
895,ited,-635
896,▁ac,-636
897,▁set,-637
898,arch,-638
899,▁Al,-639
900,▁New,-640
901,ract,-641
902,▁car,-642
903,▁av,-643
904,▁read,-644
905,▁mon,-645
906,▁fam,-646
907,gan,-647
908,▁min,-648
909,ix,-649
910,pect,-650
911,▁take,-651
912,▁design,-652
913,ner,-653
914,▁too,-654
915,erm,-655
916,▁ins,-656
917,▁att,-657
918,▁inst,-658
919,▁business,-659
920,ystem,-660
921,ative,-661
922,||,-662
923,.”,-663
924,▁much,-664
925,▁long,-665
926,ys,-666
927,▁che,-667
928,▁information,-668
929,io,-669
930,▁last,-670
931,▁made,-671
932,▁Cl,-672
933,▁Be,-673
934,gram,-674
935,omet,-675
936,ason,-676
937,other,-677
938,ues,-678
939,▁Fr,-679
940,▁did,-680
941,ax,-681
942,▁because,-682
943,ollow,-683
944,rib,-684
945,ject,-685
946,▁team,-686
947,ank,-687
948,▁call,-688
949,▁before,-689
950,▁think,-690
951,"),",-691
952,arket,-692
953,me,-693
954,▁world,-694
955,ale,-695
956,atch,-696
957,▁But,-697
958,pen,-698
959,▁cre,-699
960,oun,-700
961,▁Le,-701
962,▁again,-702
963,▁vis,-703
964,▁sur,-704
965,az,-705
966,▁art,-706
967,ient,-707
968,ower,-708
969,way,-709
970,▁requ,-710
971,▁Ad,-711
972,pr,-712
973,▁person,-713
974,▁being,-714
975,▁pres,-715
976,▁develop,-716
977,▁him,-717
978,▁mem,-718
979,ustom,-719
980,ng,-720
981,rest,-721
982,▁diffe,-722
983,ug,-723
984,chn,-724
985,ener,-725
986,▁such,-726
987,alk,-727
988,▁support,-728
989,arn,-729
990,▁inte,-730
991,land,-731
992,▁life,-732
993,ouse,-733
994,▁disc,-734
995,ving,-735
996,▁does,-736
997,unity,-737
998,ince,-738
999,▁those,-739
1000,▁Ar,-740
1001,ave,-741
1002,arm,-742
1003,▁med,-743
1004,▁while,-744
1005,ins,-745
1006,ivers,-746
1007,▁provid,-747
1008,irect,-748
1009,ash,-749
1010,▁ra,-750
1011,ced,-751
1012,ss,-752
1013,view,-753
1014,▁sk,-754
1015,▁lead,-755
1016,▁sim,-756
1017,akes,-757
1018,▁free,-758
1019,▁mod,-759
1020,▁pol,-760
1021,ier,-761
1022,▁end,-762
1023,▁around,-763
1024,▁used,-764
1025,ces,-765
1026,ality,-766
1027,ublic,-767
1028,ives,-768
1029,▁gr,-769
1030,ailable,-770
1031,▁cur,-771
1032,▁each,-772
1033,ple,-773
1034,read,-774
1035,▁comple,-775
1036,ather,-776
1037,ually,-777
1038,▁post,-778
1039,▁love,-779
1040,led,-780
1041,ional,-781
1042,▁ret,-782
1043,▁care,-783
1044,der,-784
1045,ize,-785
1046,▁trans,-786
1047,▁det,-787
1048,ric,-788
1049,▁bo,-789
1050,▁follow,-790
1051,roup,-791
1052,▁child,-792
1053,▁eas,-793
1054,▁On,-794
1055,ars,-795
1056,▁book,-796
1057,ines,-797
1058,▁ed,-798
1059,ages,-799
1060,▁There,-800
1061,▁ser,-801
1062,▁num,-802
1063,▁system,-803
1064,▁count,-804
1065,",”",-805
1066,ene,-806
1067,▁really,-807
1068,imes,-808
1069,ets,-809
1070,▁program,-810
1071,▁Te,-811
1072,oad,-812
1073,▁run,-813
1074,▁All,-814
1075,▁How,-815
1076,ton,-816
1077,au,-817
1078,▁top,-818
1079,▁str,-819
1080,iet,-820
1081,▁So,-821
1082,iel,-822
1083,▁cour,-823
1084,▁char,-824
1085,▁place,-825
1086,▁found,-826
1087,▁feel,-827
1088,▁list,-828
1089,▁going,-829
1090,ah,-830
1091,▁custom,-831
1092,▁del,-832
1093,▁form,-833
1094,man,-834
1095,ness,-835
1096,▁prof,-836
1097,▁inter,-837
1098,ittle,-838
1099,▁month,-839
1100,ute,-840
1101,▁available,-841
1102,▁sign,-842
1103,▁sub,-843
1104,▁still,-844
1105,▁somet,-845
1106,ature,-846
1107,▁They,-847
1108,▁To,-848
1109,ames,-849
1110,▁cle,-850
1111,▁three,-851
1112,▁fun,-852
1113,▁Bl,-853
1114,▁Pl,-854
1115,▁both,-855
1116,▁gl,-856
1117,ways,-857
1118,cept,-858
1119,▁market,-859
1120,orn,-860
1121,▁health,-861
1122,▁though,-862
1123,▁different,-863
1124,▁few,-864
1125,▁aut,-865
1126,ved,-866
1127,ired,-867
1128,ital,-868
1129,meric,-869
1130,▁open,-870
1131,▁pur,-871
1132,▁report,-872
1133,▁happ,-873
1134,▁Ex,-874
1135,▁week,-875
1136,▁rep,-876
1137,▁adv,-877
1138,ering,-878
1139,".""",-879
1140,▁lot,-880
1141,▁hand,-881
1142,bers,-882
1143,▁Sc,-883
1144,▁keep,-884
1145,▁game,-885
1146,tt,-886
1147,orth,-887
1148,ween,-888
1149,ata,-889
1150,▁techn,-890
1151,▁point,-891
1152,▁plan,-892
1153,▁company,-893
1154,▁say,-894
1155,▁She,-895
1156,iqu,-896
1157,▁school,-897
1158,▁lar,-898
1159,▁ext,-899
1160,ants,-900
1161,ining,-901
1162,▁exp,-902
1163,oot,-903
1164,atur,-904
1165,ross,-905
1166,▁frie,-906
1167,▁sol,-907
1168,▁same,-908
1169,▁including,-909
1170,ology,-910
1171,▁process,-911
1172,att,-912
1173,▁family,-913
1174,▁using,-914
1175,uc,-915
1176,▁exc,-916
1177,▁little,-917
1178,▁fil,-918
1179,▁state,-919
1180,▁met,-920
1181,▁i,-921
1182,▁import,-922
1183,▁ev,-923
1184,ized,-924
1185,els,-925
1186,ott,-926
1187,ling,-927
1188,▁What,-928
1189,gg,-929
1190,▁Q,-930
1191,▁between,-931
1192,▁during,-932
1193,oh,-933
1194,ution,-934
1195,▁experience,-935
1196,▁Col,-936
1197,▁next,-937
1198,iving,-938
1199,ik,-939
1200,be,-940
1201,less,-941
1202,uss,-942
1203,ished,-943
1204,▁Tr,-944
1205,▁real,-945
1206,▁water,-946
1207,ves,-947
1208,▁Americ,-948
1209,▁allow,-949
1210,▁build,-950
1211,ody,-951
1212,aint,-952
1213,▁things,-953
1214,reen,-954
1215,▁come,-955
1216,▁service,-956
1217,▁contin,-957
1218,▁cent,-958
1219,ms,-959
1220,thing,-960
1221,▁opt,-961
1222,ield,-962
1223,▁var,-963
1224,▁Ph,-964
1225,uck,-965
1226,ists,-966
1227,arly,-967
1228,▁dri,-968
1229,ern,-969
1230,over,-970
1231,▁win,-971
1232,▁rece,-972
1233,▁appro,-973
1234,▁small,-974
1235,▁big,-975
1236,▁cr,-976
1237,cent,-977
1238,▁rest,-978
1239,▁online,-979
1240,self,-980
1241,ever,-981
1242,rand,-982
1243,ex,-983
1244,▁organ,-984
1245,ger,-985
1246,▁better,-986
1247,▁always,-987
1248,▁ref,-988
1249,▁bel,-989
1250,▁mus,-990
1251,▁put,-991
1252,▁sure,-992
1253,▁full,-993
1254,▁pass,-994
1255,aut,-995
1256,ware,-996
1257,ined,-997
1258,illion,-998
1259,▁With,-999
1260,▁since,-1000
1261,▁try,-1001
1262,gy,-1002
1263,iversity,-1003
1264,▁pri,-1004
1265,▁Ind,-1005
1266,▁iss,-1006
1267,▁interest,-1007
1268,▁poss,-1008
1269,ffect,-1009
1270,▁When,-1010
1271,▁quest,-1011
1272,▁pat,-1012
1273,▁gener,-1013
1274,▁group,-1014
1275,▁ve,-1015
1276,",""",-1016
1277,▁result,-1017
1278,▁mov,-1018
1279,▁Or,-1019
1280,▁stand,-1020
1281,▁days,-1021
1282,▁ty,-1022
1283,▁phot,-1023
1284,▁head,-1024
1285,▁second,-1025
1286,▁class,-1026
1287,▁direct,-1027
1288,ps,-1028
1289,▁something,-1029
1290,▁today,-1030
1291,br,-1031
1292,ploy,-1032
1293,▁special,-1033
1294,▁ide,-1034
1295,▁partic,-1035
1296,▁dist,-1036
1297,▁perform,-1037
1298,ours,-1038
1299,▁resp,-1039
1300,▁provide,-1040
1301,ared,-1041
1302,▁pay,-1042
1303,▁val,-1043
1304,▁tri,-1044
1305,▁Con,-1045
1306,▁sl,-1046
1307,▁def,-1047
1308,▁Chr,-1048
1309,▁ann,-1049
1310,joy,-1050
1311,▁services,-1051
1312,▁hard,-1052
1313,▁bro,-1053
1314,pping,-1054
1315,ok,-1055
1316,▁conf,-1056
1317,▁wom,-1057
1318,ccess,-1058
1319,▁Our,-1059
1320,▁without,-1060
1321,▁another,-1061
1322,ision,-1062
1323,ients,-1063
1324,▁—,-1064
1325,▁Z,-1065
1326,work,-1066
1327,▁number,-1067
1328,▁cor,-1068
1329,con,-1069
1330,▁must,-1070
1331,ER,-1071
1332,oney,-1072
1333,▁vide,-1073
1334,▁give,-1074
1335,ards,-1075
1336,▁current,-1076
1337,stand,-1077
1338,▁old,-1078
1339,ium,-1079
1340,ically,-1080
1341,ior,-1081
1342,outh,-1082
1343,oor,-1083
1344,ope,-1084
1345,▁access,-1085
1346,▁At,-1086
1347,▁able,-1087
1348,iver,-1088
1349,ately,-1089
1350,▁soc,-1090
1351,▁Sp,-1091
1352,▁meet,-1092
1353,aj,-1093
1354,▁got,-1094
1355,▁bre,-1095
1356,▁webs,-1096
1357,▁important,-1097
1358,▁grow,-1098
1359,ote,-1099
1360,raph,-1100
1361,▁Cent,-1101
1362,▁invest,-1102
1363,▁area,-1103
1364,▁cost,-1104
1365,▁fact,-1105
1366,ense,-1106
1367,▁light,-1107
1368,▁public,-1108
1369,▁Is,-1109
1370,ered,-1110
1371,▁Res,-1111
1372,ral,-1112
1373,▁wr,-1113
1374,▁unt,-1114
1375,▁US,-1115
1376,rence,-1116
1377,▁visit,-1117
1378,pped,-1118
1379,ruct,-1119
1380,ems,-1120
1381,▁proble,-1121
1382,▁working,-1122
1383,▁incre,-1123
1384,ats,-1124
1385,▁ob,-1125
1386,▁never,-1126
1387,▁ask,-1127
1388,ample,-1128
1389,ann,-1129
1390,▁students,-1130
1391,▁might,-1131
1392,▁level,-1132
1393,▁looking,-1133
1394,▁No,-1134
1395,▁data,-1135
1396,inal,-1136
1397,▁four,-1137
1398,ley,-1138
1399,▁sal,-1139
1400,▁proper,-1140
1401,▁expl,-1141
1402,▁site,-1142
1403,ffic,-1143
1404,▁sing,-1144
1405,rol,-1145
1406,▁fac,-1146
1407,ww,-1147
1408,▁rese,-1148
1409,▁Comm,-1149
1410,▁That,-1150
1411,▁order,-1151
1412,ird,-1152
1413,▁local,-1153
1414,▁food,-1154
1415,▁season,-1155
1416,▁let,-1156
1417,ission,-1157
1418,ember,-1158
1419,ency,-1159
1420,ery,-1160
1421,▁event,-1161
1422,ential,-1162
1423,eng,-1163
1424,▁profess,-1164
1425,▁Man,-1165
1426,▁enjoy,-1166
1427,▁night,-1167
1428,▁children,-1168
1429,▁test,-1169
1430,▁My,-1170
1431,▁check,-1171
1432,▁eng,-1172
1433,▁ca,-1173
1434,lection,-1174
1435,▁Pr,-1175
1436,▁making,-1176
1437,▁sit,-1177
1438,▁spec,-1178
1439,▁pos,-1179
1440,▁offer,-1180
1441,▁view,-1181
1442,ertain,-1182
1443,ording,-1183
1444,▁past,-1184
1445,▁inf,-1185
1446,▁addition,-1186
1447,▁within,-1187
1448,here,-1188
1449,▁until,-1189
1450,let,-1190
1451,▁oper,-1191
1452,gin,-1192
1453,▁community,-1193
1454,▁power,-1194
1455,▁room,-1195
1456,▁el,-1196
1457,▁pop,-1197
1458,▁prom,-1198
1459,▁',-1199
1460,ently,-1200
1461,▁products,-1201
1462,ids,-1202
1463,▁product,-1203
1464,ator,-1204
1465,tend,-1205
1466,▁less,-1206
1467,▁against,-1207
1468,ains,-1208
1469,utes,-1209
1470,▁job,-1210
1471,sh,-1211
1472,▁Mar,-1212
1473,▁est,-1213
1474,ney,-1214
1475,ged,-1215
1476,urs,-1216
1477,▁law,-1217
1478,iron,-1218
1479,ina,-1219
1480,med,-1220
1481,ieve,-1221
1482,ream,-1222
1483,ases,-1223
1484,▁conc,-1224
1485,▁intern,-1225
1486,to,-1226
1487,enn,-1227
1488,▁prote,-1228
1489,▁email,-1229
1490,ised,-1230
1491,▁Br,-1231
1492,▁May,-1232
1493,We,-1233
1494,▁quality,-1234
1495,orm,-1235
1496,ivid,-1236
1497,▁indust,-1237
1498,ories,-1238
1499,▁turn,-1239
1500,ills,-1240
1501,▁University,-1241
1502,ified,-1242
1503,IN,-1243
1504,▁impro,-1244
1505,▁App,-1245
1506,▁website,-1246
1507,agement,-1247
1508,icle,-1248
1509,▁toget,-1249
1510,▁together,-1250
1511,▁creat,-1251
1512,▁Fe,-1252
1513,▁away,-1253
1514,irl,-1254
1515,load,-1255
1516,istr,-1256
1517,co,-1257
1518,ode,-1258
1519,▁leg,-1259
1520,▁Co,-1260
1521,▁project,-1261
1522,▁Fl,-1262
1523,iday,-1263
1524,ique,-1264
1525,pend,-1265
1526,bo,-1266
1527,▁contact,-1267
1528,▁equ,-1268
1529,aring,-1269
1530,ury,-1270
1531,▁complete,-1271
1532,▁success,-1272
1533,▁says,-1273
1534,▁include,-1274
1535,▁pract,-1275
1536,▁dr,-1276
1537,▁easy,-1277
1538,▁learn,-1278
1539,▁Can,-1279
1540,▁Car,-1280
1541,por,-1281
1542,atter,-1282
1543,iety,-1283
1544,▁change,-1284
1545,ocus,-1285
1546,▁needs,-1286
1547,▁offic,-1287
1548,▁applic,-1288
1549,▁large,-1289
1550,arent,-1290
1551,▁supp,-1291
1552,ret,-1292
1553,ability,-1293
1554,oci,-1294
1555,▁detail,-1295
1556,▁along,-1296
1557,▁course,-1297
1558,▁news,-1298
1559,▁Christ,-1299
1560,▁Cont,-1300
1561,ec,-1301
1562,vern,-1302
1563,▁la,-1303
1564,part,-1304
1565,▁.,-1305
1566,aster,-1306
1567,▁chang,-1307
1568,▁One,-1308
1569,ider,-1309
1570,▁members,-1310
1571,hor,-1311
1572,▁employ,-1312
1573,ism,-1313
1574,ump,-1314
1575,osed,-1315
1576,room,-1316
1577,▁present,-1317
1578,▁beaut,-1318
1579,yle,-1319
1580,▁name,-1320
1581,atures,-1321
1582,▁expect,-1322
1583,▁air,-1323
1584,▁cap,-1324
1585,mber,-1325
1586,▁Ste,-1326
1587,lish,-1327
1588,augh,-1328
1589,ym,-1329
1590,min,-1330
1591,rap,-1331
1592,the,-1332
1593,▁video,-1333
1594,une,-1334
1595,▁money,-1335
1596,sc,-1336
1597,▁sw,-1337
1598,ift,-1338
1599,Th,-1339
1600,ising,-1340
1601,▁activ,-1341
1602,▁times,-1342
1603,iting,-1343
1604,▁Me,-1344
1605,ffe,-1345
1606,▁fav,-1346
1607,ane,-1347
1608,itions,-1348
1609,▁bas,-1349
1610,▁buy,-1350
1611,by,-1351
1612,enef,-1352
1613,side,-1353
1614,▁Eng,-1354
1615,▁house,-1355
1616,▁pa,-1356
1617,ably,-1357
1618,ries,-1358
1619,▁En,-1359
1620,▁dra,-1360
1621,cl,-1361
1622,▁hist,-1362
1623,▁please,-1363
1624,ify,-1364
1625,▁perfect,-1365
1626,▁ce,-1366
1627,▁opport,-1367
1628,▁left,-1368
1629,▁why,-1369
1630,▁music,-1370
1631,▁beh,-1371
1632,!!,-1372
1633,▁thing,-1373
1634,aff,-1374
1635,▁cond,-1375
1636,rie,-1376
1637,pecial,-1377
1638,ON,-1378
1639,ron,-1379
1640,▁These,-1380
1641,aterial,-1381
1642,veral,-1382
1643,ready,-1383
1644,▁/,-1384
1645,book,-1385
1646,▁govern,-1386
1647,ored,-1387
1648,▁case,-1388
1649,▁dem,-1389
1650,fort,-1390
1651,▁trad,-1391
1652,▁live,-1392
1653,▁dev,-1393
1654,ohn,-1394
1655,ived,-1395
1656,▁Am,-1396
1657,ots,-1397
1658,▁create,-1398
1659,viron,-1399
1660,alf,-1400
1661,▁Do,-1401
1662,▁short,-1402
1663,ten,-1403
1664,son,-1404
1665,▁account,-1405
1666,ization,-1406
1667,▁conne,-1407
1668,▁treat,-1408
1669,▁following,-1409
1670,▁below,-1410
1671,▁million,-1411
1672,▁const,-1412
1673,▁story,-1413
1674,▁side,-1414
1675,▁understand,-1415
1676,▁Che,-1416
1677,itive,-1417
1678,▁having,-1418
1679,▁review,-1419
1680,ention,-1420
1681,▁Med,-1421
1682,▁makes,-1422
1683,ES,-1423
1684,▁hot,-1424
1685,ows,-1425
1686,▁hum,-1426
1687,▁line,-1427
1688,▁research,-1428
1689,▁camp,-1429
1690,▁After,-1430
1691,rop,-1431
1692,▁ever,-1432
1693,▁personal,-1433
1694,▁move,-1434
1695,▁page,-1435
1696,▁across,-1436
1697,▁focus,-1437
1698,▁word,-1438
1699,AT,-1439
1700,▁country,-1440
1701,osp,-1441
1702,▁writ,-1442
1703,▁soft,-1443
1704,uly,-1444
1705,▁kind,-1445
1706,vious,-1446
1707,▁effect,-1447
1708,▁Your,-1448
1709,▁based,-1449
1710,▁record,-1450
1711,ienc,-1451
1712,▁Count,-1452
1713,ajor,-1453
1714,▁link,-1454
1715,▁already,-1455
1716,of,-1456
1717,▁comes,-1457
1718,▁mar,-1458
1719,uture,-1459
1720,▁enough,-1460
1721,▁getting,-1461
1722,ances,-1462
1723,▁Ass,-1463
1724,▁educ,-1464
1725,ured,-1465
1726,ividual,-1466
1727,▁women,-1467
1728,▁possible,-1468
1729,▁cou,-1469
1730,▁done,-1470
1731,▁pot,-1471
1732,uper,-1472
1733,▁benef,-1473
1734,▁elect,-1474
1735,ush,-1475
1736,oice,-1476
1737,▁friends,-1477
1738,▁bit,-1478
1739,▁share,-1479
1740,▁become,-1480
1741,orts,-1481
1742,aces,-1482
1743,ination,-1483
1744,iam,-1484
1745,▁mil,-1485
1746,▁minutes,-1486
1747,▁several,-1487
1748,ones,-1488
1749,iven,-1489
1750,uro,-1490
1751,ead,-1491
1752,▁social,-1492
1753,fer,-1493
1754,ee,-1494
1755,▁John,-1495
1756,▁pack,-1496
1757,▁es,-1497
1758,▁often,-1498
1759,▁quick,-1499
1760,▁men,-1500
1761,▁fund,-1501
1762,▁Please,-1502
1763,wards,-1503
1764,ister,-1504
1765,▁net,-1505
1766,conom,-1506
1767,▁Des,-1507
1768,inc,-1508
1769,▁Serv,-1509
1770,▁tell,-1510
1771,uff,-1511
1772,▁talk,-1512
1773,▁hours,-1513
1774,unch,-1514
1775,▁cut,-1515
1776,▁bring,-1516
1777,▁vers,-1517
1778,▁tre,-1518
1779,aim,-1519
1780,vironment,-1520
1781,▁development,-1521
1782,▁won,-1522
1783,▁return,-1523
1784,▁:,-1524
1785,oose,-1525
1786,▁Comp,-1526
1787,▁Rep,-1527
1788,arl,-1528
1789,▁Inst,-1529
1790,▁city,-1530
1791,yn,-1531
1792,▁body,-1532
1793,▁purch,-1533
1794,AR,-1534
1795,app,-1535
1796,ides,-1536
1797,OR,-1537
1798,iful,-1538
1799,▁Wor,-1539
1800,▁mult,-1540
1801,▁didn,-1541
1802,mend,-1542
1803,ips,-1543
1804,ape,-1544
1805,ograph,-1545
1806,AN,-1546
1807,arr,-1547
1808,▁Tw,-1548
1809,ners,-1549
1810,oon,-1550
1811,reet,-1551
1812,▁deal,-1552
1813,▁Intern,-1553
1814,▁others,-1554
1815,".,",-1555
1816,▁X,-1556
1817,ript,-1557
1818,▁called,-1558
1819,ted,-1559
1820,▁sum,-1560
1821,▁...,-1561
1822,▁hold,-1562
1823,▁individual,-1563
1824,▁started,-1564
1825,▁young,-1565
1826,▁jo,-1566
1827,▁material,-1567
1828,err,-1568
1829,▁Here,-1569
1830,idd,-1570
1831,▁mom,-1571
1832,▁pie,-1572
1833,▁City,-1573
1834,▁compet,-1574
1835,▁non,-1575
1836,▁industry,-1576
1837,ball,-1577
1838,▁ens,-1578
1839,▁orig,-1579
1840,▁American,-1580
1841,▁percent,-1581
1842,▁months,-1582
1843,utions,-1583
1844,▁land,-1584
1845,ights,-1585
1846,▁doing,-1586
1847,▁clean,-1587
1848,ober,-1588
1849,▁future,-1589
1850,▁Gu,-1590
1851,▁term,-1591
1852,▁far,-1592
1853,lished,-1593
1854,▁rele,-1594
1855,ource,-1595
1856,▁Gr,-1596
1857,nder,-1597
1858,ched,-1598
1859,ai,-1599
1860,ateg,-1600
1861,▁major,-1601
1862,▁wa,-1602
1863,lement,-1603
1864,ference,-1604
1865,urity,-1605
1866,▁space,-1606
1867,acy,-1607
1868,ained,-1608
1869,▁store,-1609
1870,▁However,-1610
1871,▁Ab,-1611
1872,▁control,-1612
1873,fact,-1613
1874,▁commun,-1614
1875,ges,-1615
1876,lege,-1616
1877,▁doesn,-1617
1878,▁came,-1618
1879,▁offers,-1619
1880,▁took,-1620
1881,▁Dr,-1621
1882,▁cover,-1622
1883,▁Not,-1623
1884,▁yet,-1624
1885,ford,-1625
1886,▁low,-1626
1887,▁mind,-1627
1888,▁five,-1628
1889,▁blog,-1629
1890,▁chall,-1630
1891,▁means,-1631
1892,▁State,-1632
1893,▁games,-1633
1894,oll,-1634
1895,▁Bro,-1635
1896,▁occ,-1636
1897,▁comb,-1637
1898,anies,-1638
1899,▁heart,-1639
1900,▁School,-1640
1901,▁least,-1641
1902,rodu,-1642
1903,▁series,-1643
1904,▁lim,-1644
1905,ctor,-1645
1906,▁Ke,-1646
1907,▁Min,-1647
1908,▁invol,-1648
1909,ches,-1649
1910,▁pict,-1650
1911,▁Now,-1651
1912,▁*,-1652
1913,most,-1653
1914,ither,-1654
1915,▁strong,-1655
1916,▁step,-1656
1917,ilities,-1657
1918,jects,-1658
1919,▁--,-1659
1920,▁fore,-1660
1921,sel,-1661
1922,▁features,-1662
1923,pos,-1663
1924,▁More,-1664
1925,yl,-1665
1926,▁early,-1666
1927,▁once,-1667
1928,ilt,-1668
1929,urther,-1669
1930,▁range,-1670
1931,▁require,-1671
1932,▁went,-1672
1933,▁Bo,-1673
1934,▁single,-1674
1935,▁specific,-1675
1936,sw,-1676
1937,▁key,-1677
1938,▁ste,-1678
1939,▁customers,-1679
1940,It,-1680
1941,▁price,-1681
1942,▁mean,-1682
1943,▁United,-1683
1944,▁ey,-1684
1945,▁hig,-1685
1946,▁close,-1686
1947,▁main,-1687
1948,▁God,-1688
1949,▁tem,-1689
1950,▁government,-1690
1951,▁told,-1691
1952,▁Jan,-1692
1953,▁Ed,-1693
1954,▁stay,-1694
1955,ille,-1695
1956,▁tool,-1696
1957,▁ago,-1697
1958,illed,-1698
1959,▁discuss,-1699
1960,▁Im,-1700
1961,▁upd,-1701
1962,▁redu,-1702
1963,▁break,-1703
1964,▁hope,-1704
1965,▁appear,-1705
1966,▁charact,-1706
1967,rew,-1707
1968,▁thought,-1708
1969,▁install,-1709
1970,▁priv,-1710
1971,resent,-1711
1972,▁walk,-1712
1973,//,-1713
1974,▁technology,-1714
1975,atic,-1715
1976,hers,-1716
1977,▁Pe,-1717
1978,atural,-1718
1979,▁happen,-1719
1980,aken,-1720
1981,▁tax,-1721
1982,▁By,-1722
1983,▁x,-1723
1984,▁beautiful,-1724
1985,▁wind,-1725
1986,anks,-1726
1987,resh,-1727
1988,▁begin,-1728
1989,▁announ,-1729
1990,▁sn,-1730
1991,ging,-1731
1992,ources,-1732
1993,▁pick,-1733
1994,af,-1734
1995,org,-1735
1996,isk,-1736
1997,▁questions,-1737
1998,▁field,-1738
1999,de,-1739
2000,▁favor,-1740
2001,irm,-1741
2002,eral,-1742
2003,ancial,-1743
2004,come,-1744
2005,▁Pre,-1745
2006,ourn,-1746
2007,://,-1747
2008,itor,-1748
2009,AS,-1749
2010,isc,-1750
2011,▁typ,-1751
2012,▁Em,-1752
2013,▁prep,-1753
2014,ony,-1754
2015,▁Park,-1755
2016,ibr,-1756
2017,▁Cal,-1757
2018,▁everything,-1758
2019,gle,-1759
2020,▁Add,-1760
2021,▁certain,-1761
2022,▁enc,-1762
2023,▁friend,-1763
2024,▁added,-1764
2025,ew,-1765
2026,▁York,-1766
2027,▁environment,-1767
2028,▁Qu,-1768
2029,arning,-1769
2030,▁Sm,-1770
2031,▁building,-1771
2032,ief,-1772
2033,irt,-1773
2034,▁mess,-1774
2035,back,-1775
2036,cle,-1776
2037,aur,-1777
2038,▁content,-1778
2039,ians,-1779
2040,▁recom,-1780
2041,▁known,-1781
2042,ama,-1782
2043,aps,-1783
2044,▁girl,-1784
2045,nes,-1785
2046,▁Mc,-1786
2047,▁later,-1787
2048,▁pub,-1788
2049,▁search,-1789
2050,▁travel,-1790
2051,ests,-1791
2052,▁ener,-1792
2053,raft,-1793
2054,year,-1794
2055,▁actually,-1795
2056,▁companies,-1796
2057,▁sound,-1797
2058,play,-1798
2059,▁problem,-1799
2060,▁address,-1800
2061,ensive,-1801
2062,▁anal,-1802
2063,▁North,-1803
2064,▁media,-1804
2065,▁tot,-1805
2066,▁works,-1806
2067,▁study,-1807
2068,▁press,-1808
2069,▁improve,-1809
2070,▁taking,-1810
2071,ural,-1811
2072,▁manag,-1812
2073,▁vol,-1813
2074,gest,-1814
2075,▁official,-1815
2076,▁County,-1816
2077,▁Per,-1817
2078,▁track,-1818
2079,▁watch,-1819
2080,wh,-1820
2081,ino,-1821
2082,lebr,-1822
2083,▁half,-1823
2084,abor,-1824
2085,▁card,-1825
2086,▁wond,-1826
2087,▁South,-1827
2088,ental,-1828
2089,▁Su,-1829
2090,▁staff,-1830
2091,▁someone,-1831
2092,▁National,-1832
2093,▁training,-1833
2094,▁results,-1834
2095,atest,-1835
2096,icy,-1836
2097,ided,-1837
2098,ster,-1838
2099,opy,-1839
2100,▁provides,-1840
2101,AL,-1841
2102,▁ident,-1842
2103,▁film,-1843
2104,ocu,-1844
2105,▁Gl,-1845
2106,▁professional,-1846
2107,▁Euro,-1847
2108,▁unique,-1848
2109,fully,-1849
2110,▁seen,-1850
2111,RE,-1851
2112,▁econom,-1852
2113,▁Just,-1853
2114,cer,-1854
2115,▁front,-1855
2116,▁maint,-1856
2117,▁sell,-1857
2118,▁z,-1858
2119,▁Center,-1859
2120,▁everyone,-1860
2121,▁port,-1861
2122,▁near,-1862
2123,▁While,-1863
2124,▁host,-1864
2125,▁miss,-1865
2126,▁issues,-1866
2127,▁face,-1867
2128,▁Pres,-1868
2129,▁mor,-1869
2130,▁Some,-1870
2131,rain,-1871
2132,▁Inc,-1872
2133,▁simple,-1873
2134,▁respons,-1874
2135,urch,-1875
2136,ued,-1876
2137,cted,-1877
2138,itted,-1878
2139,roll,-1879
2140,▁web,-1880
2141,go,-1881
2142,▁ant,-1882
2143,▁dig,-1883
2144,▁cook,-1884
2145,▁due,-1885
2146,▁Aust,-1886
2147,▁particular,-1887
2148,▁Don,-1888
2149,not,-1889
2150,time,-1890
2151,▁oil,-1891
2152,▁cred,-1892
2153,▁recommend,-1893
2154,pper,-1894
2155,ibility,-1895
2156,▁Part,-1896
2157,▁whole,-1897
2158,▁Pol,-1898
2159,▁aud,-1899
2160,▁Dep,-1900
2161,▁click,-1901
2162,▁mot,-1902
2163,▁Acc,-1903
2164,▁office,-1904
2165,▁relations,-1905
2166,▁Oct,-1906
2167,▁World,-1907
2168,lex,-1908
2169,▁age,-1909
2170,▁bar,-1910
2171,▁six,-1911
2172,▁performance,-1912
2173,hod,-1913
2174,pecially,-1914
2175,pro,-1915
2176,ators,-1916
2177,▁particip,-1917
2178,▁fall,-1918
2179,▁eff,-1919
2180,imate,-1920
2181,▁given,-1921
2182,obile,-1922
2183,nding,-1923
2184,icult,-1924
2185,▁foot,-1925
2186,▁history,-1926
2187,ison,-1927
2188,▁areas,-1928
2189,▁Stud,-1929
2190,iod,-1930
2191,▁Will,-1931
2192,ply,-1932
2193,place,-1933
2194,▁author,-1934
2195,ites,-1935
2196,▁size,-1936
2197,omes,-1937
2198,▁events,-1938
2199,▁above,-1939
2200,▁among,-1940
2201,aining,-1941
2202,asing,-1942
2203,▁Friday,-1943
2204,▁black,-1944
2205,▁points,-1945
2206,▁ess,-1946
2207,▁Apr,-1947
2208,▁prob,-1948
2209,▁Post,-1949
2210,▁designed,-1950
2211,ables,-1951
2212,▁Reg,-1952
2213,▁red,-1953
2214,ops,-1954
2215,▁bed,-1955
2216,▁believe,-1956
2217,EN,-1957
2218,▁log,-1958
2219,▁htt,-1959
2220,▁mag,-1960
2221,▁print,-1961
2222,▁color,-1962
2223,▁reason,-1963
2224,ED,-1964
2225,IS,-1965
2226,crib,-1966
2227,itch,-1967
2228,▁From,-1968
2229,ogn,-1969
2230,In,-1970
2231,umb,-1971
2232,▁Sec,-1972
2233,▁High,-1973
2234,▁energy,-1974
2235,ili,-1975
2236,▁details,-1976
2237,▁pain,-1977
2238,obal,-1978
2239,▁select,-1979
2240,▁includes,-1980
2241,▁experienc,-1981
2242,ask,-1982
2243,ands,-1983
2244,▁Day,-1984
2245,ulation,-1985
2246,▁assist,-1986
2247,▁sex,-1987
2248,▁management,-1988
2249,▁further,-1989
2250,ety,-1990
2251,▁cult,-1991
2252,▁parent,-1992
2253,▁question,-1993
2254,ledge,-1994
2255,ufact,-1995
2256,▁continue,-1996
2257,▁anything,-1997
2258,aturday,-1998
2259,▁amount,-1999
2260,▁pret,-2000
2261,idence,-2001
2262,▁Bar,-2002
2263,vert,-2003
2264,IT,-2004
2265,▁Aug,-2005
2266,ung,-2006
2267,oved,-2007
2268,itional,-2008
2269,▁according,-2009
2270,▁coming,-2010
2271,▁latest,-2011
2272,▁property,-2012
2273,▁forward,-2013
2274,▁feature,-2014
2275,▁et,-2015
2276,▁fre,-2016
2277,▁text,-2017
2278,ruction,-2018
2279,▁soon,-2019
2280,ole,-2020
2281,▁dou,-2021
2282,▁phys,-2022
2283,▁Europe,-2023
2284,▁various,-2024
2285,nov,-2025
2286,▁phone,-2026
2287,my,-2027
2288,astic,-2028
2289,cript,-2029
2290,ouch,-2030
2291,▁June,-2031
2292,ze,-2032
2293,▁claim,-2033
2294,uation,-2034
2295,▁living,-2035
2296,▁popular,-2036
2297,▁weeks,-2037
2298,itc,-2038
2299,▁entire,-2039
2300,itter,-2040
2301,though,-2041
2302,edd,-2042
2303,▁extra,-2043
2304,aily,-2044
2305,▁type,-2045
2306,▁March,-2046
2307,▁idea,-2047
2308,▁value,-2048
2309,IC,-2049
2310,▁third,-2050
2311,▁white,-2051
2312,▁Sund,-2052
2313,▁Ge,-2053
2314,▁whether,-2054
2315,▁wide,-2055
2316,head,-2056
2317,This,-2057
2318,elt,-2058
2319,▁comput,-2059
2320,new,-2060
2321,▁celebr,-2061
2322,▁sent,-2062
2323,▁pretty,-2063
2324,aching,-2064
2325,▁par,-2065
2326,▁deb,-2066
2327,▁bad,-2067
2328,▁receive,-2068
2329,▁Mr,-2069
2330,▁date,-2070
2331,▁taken,-2071
2332,▁opportunity,-2072
2333,▁El,-2073
2334,icro,-2074
2335,▁safe,-2075
2336,▁final,-2076
2337,▁diff,-2077
2338,AC,-2078
2339,▁kids,-2079
2340,▁required,-2080
2341,ctions,-2081
2342,▁needed,-2082
2343,▁fire,-2083
2344,urance,-2084
2345,▁West,-2085
2346,▁comfort,-2086
2347,▁almost,-2087
2348,onday,-2088
2349,▁potential,-2089
2350,▁skin,-2090
2351,selves,-2091
2352,▁docu,-2092
2353,▁sugg,-2093
2354,▁consider,-2094
2355,val,-2095
2356,▁trying,-2096
2357,▁Bu,-2097
2358,▁example,-2098
2359,▁quite,-2099
2360,▁Us,-2100
2361,▁Saturday,-2101
2362,▁Cor,-2102
2363,▁brand,-2103
2364,▁ready,-2104
2365,▁Health,-2105
2366,....,-2106
2367,▁meas,-2107
2368,▁fit,-2108
2369,ires,-2109
2370,▁Tra,-2110
2371,▁consum,-2111
2372,"▁,",-2112
2373,▁Off,-2113
2374,ees,-2114
2375,▁hon,-2115
2376,▁currently,-2116
2377,ilar,-2117
2378,ival,-2118
2379,▁Sept,-2119
2380,▁sho,-2120
2381,▁financial,-2121
2382,▁ach,-2122
2383,itting,-2123
2384,▁either,-2124
2385,▁items,-2125
2386,▁park,-2126
2387,▁veh,-2127
2388,▁answ,-2128
2389,▁Art,-2129
2390,ises,-2130
2391,ring,-2131
2392,▁Jo,-2132
2393,▁member,-2133
2394,▁road,-2134
2395,uary,-2135
2396,▁wanted,-2136
2397,▁box,-2137
2398,▁human,-2138
2399,▁style,-2139
2400,▁yourself,-2140
2401,▁ensure,-2141
2402,▁His,-2142
2403,▁coll,-2143
2404,▁especially,-2144
2405,▁paper,-2145
2406,amer,-2146
2407,▁provided,-2147
2408,▁period,-2148
2409,▁common,-2149
2410,▁April,-2150
2411,ese,-2151
2412,▁relationship,-2152
2413,▁natural,-2153
2414,▁ways,-2154
2415,▁Read,-2155
2416,▁options,-2156
2417,▁July,-2157
2418,▁summer,-2158
2419,▁Pa,-2159
2420,used,-2160
2421,irc,-2161
2422,▁held,-2162
2423,▁dam,-2163
2424,▁crit,-2164
2425,▁via,-2165
2426,▁users,-2166
2427,arter,-2167
2428,▁attend,-2168
2429,▁happy,-2169
2430,aced,-2170
2431,ively,-2171
2432,▁throughout,-2172
2433,gress,-2173
2434,▁swe,-2174
2435,▁engine,-2175
2436,ek,-2176
2437,ler,-2177
2438,angu,-2178
2439,▁takes,-2179
2440,▁self,-2180
2441,▁recent,-2181
2442,▁players,-2182
2443,▁choose,-2183
2444,▁previous,-2184
2445,▁isn,-2185
2446,▁TH,-2186
2447,▁tit,-2187
2448,▁running,-2188
2449,▁recently,-2189
2450,▁software,-2190
2451,▁created,-2191
2452,▁Dav,-2192
2453,▁seem,-2193
2454,ox,-2194
2455,azing,-2195
2456,verage,-2196
2457,ams,-2197
2458,▁issue,-2198
2459,▁clients,-2199
2460,▁Feb,-2200
2461,ication,-2201
2462,ada,-2202
2463,▁behind,-2203
2464,▁inj,-2204
2465,ana,-2205
2466,▁Aut,-2206
2467,▁clear,-2207
2468,▁network,-2208
2469,--,-2209
2470,▁init,-2210
2471,▁impact,-2211
2472,▁Val,-2212
2473,▁flow,-2213
2474,▁Fin,-2214
2475,▁couple,-2215
2476,▁represent,-2216
2477,▁bott,-2217
2478,▁received,-2218
2479,▁sales,-2219
2480,▁Monday,-2220
2481,▁version,-2221
2482,ux,-2222
2483,▁hol,-2223
2484,itten,-2224
2485,▁super,-2225
2486,▁insp,-2226
2487,oogle,-2227
2488,▁song,-2228
2489,▁education,-2229
2490,oura,-2230
2491,ried,-2231
2492,▁Af,-2232
2493,ades,-2233
2494,▁favorite,-2234
2495,anced,-2235
2496,▁download,-2236
2497,▁Sw,-2237
2498,▁reading,-2238
2499,▁States,-2239
2500,▁role,-2240
2501,cast,-2241
2502,uge,-2242
2503,▁Sunday,-2243
2504,▁stri,-2244
2505,▁else,-2245
2506,apt,-2246
2507,▁Get,-2247
2508,▁nice,-2248
2509,where,-2249
2510,▁security,-2250
2511,▁cup,-2251
2512,St,-2252
2513,▁di,-2253
2514,▁pan,-2254
2515,▁po,-2255
2516,▁problems,-2256
2517,▁probably,-2257
2518,▁regular,-2258
2519,oud,-2259
2520,▁shows,-2260
2521,oid,-2261
2522,▁House,-2262
2523,OU,-2263
2524,▁President,-2264
2525,▁method,-2265
2526,▁Mon,-2266
2527,▁cool,-2267
2528,▁outside,-2268
2529,▁collect,-2269
2530,arth,-2270
2531,▁morning,-2271
2532,atform,-2272
2533,▁Direct,-2273
2534,▁fresh,-2274
2535,reme,-2275
2536,ume,-2276
2537,earch,-2277
2538,idge,-2278
2539,▁increase,-2279
2540,▁action,-2280
2541,▁ele,-2281
2542,.),-2282
2543,▁table,-2283
2544,▁accom,-2284
2545,▁sle,-2285
2546,▁likely,-2286
2547,▁Her,-2287
2548,▁Face,-2288
2549,eth,-2289
2550,amed,-2290
2551,▁fast,-2291
2552,par,-2292
2553,▁asked,-2293
2554,▁dog,-2294
2555,▁simply,-2295
2556,▁position,-2296
2557,ounc,-2297
2558,▁ground,-2298
2559,mit,-2299
2560,▁difficult,-2300
2561,bor,-2301
2562,▁Associ,-2302
2563,▁party,-2303
2564,overed,-2304
2565,▁original,-2305
2566,ification,-2306
2567,▁writing,-2307
2568,▁Int,-2308
2569,▁model,-2309
2570,▁Red,-2310
2571,eter,-2311
2572,▁manufact,-2312
2573,▁Up,-2313
2574,▁customer,-2314
2575,▁signific,-2315
2576,▁wonder,-2316
2577,aving,-2317
2578,ague,-2318
2579,▁inside,-2319
2580,▁skills,-2320
2581,erc,-2321
2582,▁leave,-2322
2583,aging,-2323
2584,▁goal,-2324
2585,aker,-2325
2586,▁board,-2326
2587,istration,-2327
2588,icles,-2328
2589,▁article,-2329
2590,adem,-2330
2591,▁Mich,-2331
2592,▁mix,-2332
2593,▁learning,-2333
2594,▁anim,-2334
2595,▁ful,-2335
2596,▁Black,-2336
2597,hib,-2337
2598,▁changes,-2338
2599,▁necess,-2339
2600,▁America,-2340
2601,ID,-2341
2602,▁risk,-2342
2603,hel,-2343
2604,▁contrib,-2344
2605,aby,-2345
2606,based,-2346
2607,▁recogn,-2347
2608,artment,-2348
2609,▁abs,-2349
2610,▁hit,-2350
2611,▁release,-2351
2612,face,-2352
2613,icated,-2353
2614,▁TV,-2354
2615,▁Are,-2355
2616,right,-2356
2617,▁anyone,-2357
2618,▁lives,-2358
2619,▁polit,-2359
2620,ursday,-2360
2621,▁systems,-2361
2622,▁Soc,-2362
2623,▁town,-2363
2624,▁stra,-2364
2625,▁career,-2365
2626,▁Ser,-2366
2627,ham,-2367
2628,▁books,-2368
2629,uit,-2369
2630,▁former,-2370
2631,▁however,-2371
2632,▁base,-2372
2633,▁knowledge,-2373
2634,rict,-2374
2635,▁application,-2375
2636,ecut,-2376
2637,▁Wed,-2377
2638,medi,-2378
2639,▁tour,-2379
2640,▁mark,-2380
2641,▁stop,-2381
2642,ules,-2382
2643,▁Austral,-2383
2644,iple,-2384
2645,▁located,-2385
2646,▁ball,-2386
2647,lus,-2387
2648,ession,-2388
2649,▁included,-2389
2650,▁Free,-2390
2651,▁sat,-2391
2652,▁accept,-2392
2653,uesday,-2393
2654,ming,-2394
2655,▁lo,-2395
2656,ester,-2396
2657,li,-2397
2658,▁exist,-2398
2659,▁match,-2399
2660,▁private,-2400
2661,▁medical,-2401
2662,OT,-2402
2663,▁additional,-2403
2664,▁ple,-2404
2665,▁fail,-2405
2666,▁cal,-2406
2667,▁Bus,-2407
2668,▁etc,-2408
2669,name,-2409
2670,▁activities,-2410
2671,▁total,-2411
2672,▁meeting,-2412
2673,▁projects,-2413
2674,ST,-2414
2675,izing,-2415
2676,▁words,-2416
2677,arget,-2417
2678,▁squ,-2418
2679,oring,-2419
2680,▁matter,-2420
2681,aign,-2421
2682,▁fig,-2422
2683,▁UK,-2423
2684,▁saf,-2424
2685,▁News,-2425
2686,▁leaders,-2426
2687,ny,-2427
2688,iff,-2428
2689,▁looks,-2429
2690,▁Nove,-2430
2691,ground,-2431
2692,▁variety,-2432
2693,▁longer,-2433
2694,adu,-2434
2695,wood,-2435
2696,▁round,-2436
2697,ville,-2437
2698,▁weeke,-2438
2699,▁playing,-2439
2700,▁January,-2440
2701,ipping,-2441
2702,▁growth,-2442
2703,rug,-2443
2704,▁late,-2444
2705,iol,-2445
2706,ky,-2446
2707,empt,-2447
2708,▁concern,-2448
2709,▁autom,-2449
2710,▁production,-2450
2711,▁hair,-2451
2712,▁practice,-2452
2713,▁worked,-2453
2714,▁character,-2454
2715,▁Act,-2455
2716,ude,-2456
2717,▁Sal,-2457
2718,mon,-2458
2719,▁October,-2459
2720,▁treatment,-2460
2721,▁worth,-2461
2722,▁lay,-2462
2723,▁Of,-2463
2724,irth,-2464
2725,▁Every,-2465
2726,Wh,-2466
2727,na,-2467
2728,▁drive,-2468
2729,▁hy,-2469
2730,▁significant,-2470
2731,▁tal,-2471
2732,▁suggest,-2472
2733,▁defin,-2473
2734,cing,-2474
2735,elcome,-2475
2736,nesday,-2476
2737,▁programs,-2477
2738,▁sun,-2478
2739,▁nothing,-2479
2740,▁screen,-2480
2741,▁Department,-2481
2742,▁wall,-2482
2743,▁determ,-2483
2744,▁September,-2484
2745,▁death,-2485
2746,ipment,-2486
2747,▁mach,-2487
2748,mercial,-2488
2749,iddle,-2489
2750,▁August,-2490
2751,▁cand,-2491
2752,▁Har,-2492
2753,cember,-2493
2754,reg,-2494
2755,▁San,-2495
2756,airs,-2496
2757,▁police,-2497
2758,▁Facebook,-2498
2759,▁general,-2499
2760,▁true,-2500
2761,▁student,-2501
2762,ipe,-2502
2763,▁amazing,-2503
2764,▁deg,-2504
2765,▁purchase,-2505
2766,▁rather,-2506
2767,▁exam,-2507
2768,▁Ac,-2508
2769,▁Thursday,-2509
2770,▁First,-2510
2771,off,-2511
2772,oke,-2512
2773,gar,-2513
2774,imum,-2514
2775,▁function,-2515
2776,che,-2516
2777,▁photos,-2517
2778,▁Let,-2518
2779,eds,-2519
2780,▁Then,-2520
2781,pm,-2521
2782,ouncil,-2522
2783,▁national,-2523
2784,▁leading,-2524
2785,▁image,-2525
2786,▁chance,-2526
2787,▁international,-2527
2788,▁platform,-2528
2789,▁Google,-2529
2790,▁arri,-2530
2791,oom,-2531
2792,▁Tuesday,-2532
2793,▁associ,-2533
2794,▁allows,-2534
2795,▁Sim,-2535
2796,▁teac,-2536
2797,ha,-2537
2798,▁built,-2538
2799,▁seems,-2539
2800,▁loss,-2540
2801,ashing,-2541
2802,▁challeng,-2542
2803,▁clos,-2543
2804,▁plans,-2544
2805,ought,-2545
2806,cy,-2546
2807,▁providing,-2547
2808,▁credit,-2548
2809,lin,-2549
2810,▁stat,-2550
2811,▁draw,-2551
2812,▁Also,-2552
2813,▁quickly,-2553
2814,▁Ag,-2554
2815,▁estab,-2555
2816,▁higher,-2556
2817,ING,-2557
2818,str,-2558
2819,▁hands,-2559
2820,iber,-2560
2821,▁Mus,-2561
2822,▁Street,-2562
2823,▁movie,-2563
2824,▁Pat,-2564
2825,▁November,-2565
2826,oph,-2566
2827,olution,-2567
2828,▁introdu,-2568
2829,▁Dis,-2569
2830,▁similar,-2570
2831,▁touch,-2571
2832,iter,-2572
2833,▁usually,-2573
2834,arden,-2574
2835,▁choice,-2575
2836,▁rad,-2576
2837,▁Net,-2577
2838,▁regard,-2578
2839,▁comment,-2579
2840,▁decision,-2580
2841,▁bud,-2581
2842,▁deep,-2582
2843,itchen,-2583
2844,light,-2584
2845,mas,-2585
2846,▁Group,-2586
2847,AM,-2587
2848,▁moment,-2588
2849,▁prior,-2589
2850,▁tast,-2590
2851,▁ideas,-2591
2852,▁easily,-2592
2853,hern,-2593
2854,▁excell,-2594
2855,▁sil,-2595
2856,▁rate,-2596
2857,▁encoura,-2597
2858,▁collection,-2598
2859,▁attack,-2599
2860,urg,-2600
2861,▁International,-2601
2862,now,-2602
2863,▁infl,-2603
2864,▁Out,-2604
2865,▁commit,-2605
2866,▁inde,-2606
2867,ederal,-2607
2868,▁safety,-2608
2869,▁bal,-2609
2870,▁prevent,-2610
2871,▁cell,-2611
2872,▁Wind,-2612
2873,▁court,-2613
2874,▁apply,-2614
2875,▁reported,-2615
2876,▁af,-2616
2877,▁decided,-2617
2878,▁December,-2618
2879,put,-2619
2880,▁ut,-2620
2881,▁Calif,-2621
2882,▁Wednesday,-2622
2883,ondon,-2623
2884,▁center,-2624
2885,sp,-2625
2886,example,-2626
2887,▁Air,-2627
2888,▁integr,-2628
2889,▁released,-2629
2890,▁dom,-2630
2891,▁ord,-2631
2892,ournal,-2632
2893,▁file,-2633
2894,▁Cons,-2634
2895,ached,-2635
2896,▁location,-2636
2897,▁vict,-2637
2898,amb,-2638
2899,▁club,-2639
2900,▁cannot,-2640
2901,▁cause,-2641
2902,idents,-2642
2903,▁agree,-2643
2904,ma,-2644
2905,▁ill,-2645
2906,▁parents,-2646
2907,▁Cour,-2647
2908,▁La,-2648
2909,▁marketing,-2649
2910,ospital,-2650
2911,▁op,-2651
2912,▁saw,-2652
2913,▁piece,-2653
2914,▁expected,-2654
2915,▁Any,-2655
2916,▁lost,-2656
2917,▁display,-2657
2918,▁digital,-2658
2919,▁iP,-2659
2920,▁investig,-2660
2921,▁Design,-2661
2922,▁weekend,-2662
2923,▁Most,-2663
2924,▁Ang,-2664
2925,▁Well,-2665
2926,▁respect,-2666
2927,▁PM,-2667
2928,▁mass,-2668
2929,▁exact,-2669
2930,eal,-2670
2931,▁Home,-2671
2932,reng,-2672
2933,▁daily,-2673
2934,▁tick,-2674
2935,▁announced,-2675
2936,ructure,-2676
2937,▁norm,-2677
2938,▁ri,-2678
2939,OM,-2679
2940,▁benefits,-2680
2941,▁user,-2681
2942,ishing,-2682
2943,▁protect,-2683
2944,ivery,-2684
2945,▁partners,-2685
2946,ilies,-2686
2947,hood,-2687
2948,▁campaign,-2688
2949,▁Ob,-2689
2950,illing,-2690
2951,▁involved,-2691
2952,▁bra,-2692
2953,▁langu,-2693
2954,▁effic,-2694
2955,ray,-2695
2956,avy,-2696
2957,▁Click,-2697
2958,▁boy,-2698
2959,ples,-2699
2960,▁sche,-2700
2961,▁http,-2701
2962,▁send,-2702
2963,▁drink,-2703
2964,▁aw,-2704
2965,▁sens,-2705
2966,rown,-2706
2967,▁modern,-2707
2968,▁wood,-2708
2969,▁woman,-2709
2970,▁neg,-2710
2971,key,-2711
2972,rec,-2712
2973,ET,-2713
2974,atory,-2714
2975,unities,-2715
2976,▁Sen,-2716
2977,▁bag,-2717
2978,▁dest,-2718
2979,▁related,-2719
2980,ruary,-2720
2981,▁global,-2721
2982,uel,-2722
2983,▁Over,-2723
2984,▁Business,-2724
2985,lim,-2725
2986,▁rout,-2726
2987,just,-2727
2988,▁expert,-2728
2989,▁mobile,-2729
2990,▁save,-2730
2991,▁computer,-2731
2992,▁standard,-2732
2993,oday,-2733
2994,ellow,-2734
2995,▁goes,-2735
2996,▁War,-2736
2997,▁College,-2737
2998,▁restaur,-2738
2999,▁floor,-2739
3000,▁rights,-2740
3001,▁London,-2741
3002,▁pers,-2742
3003,▁circ,-2743
3004,▁ability,-2744
3005,▁mother,-2745
3006,▁corre,-2746
3007,▁green,-2747
3008,▁myself,-2748
3009,▁immedi,-2749
3010,▁ep,-2750
3011,▁option,-2751
3012,board,-2752
3013,▁parts,-2753
3014,▁feed,-2754
3015,ica,-2755
3016,▁ded,-2756
3017,attle,-2757
3018,▁huge,-2758
3019,▁contract,-2759
3020,EC,-2760
3021,zz,-2761
3022,▁Rec,-2762
3023,▁Cr,-2763
3024,▁warm,-2764
3025,▁gra,-2765
3026,ornia,-2766
3027,enge,-2767
3028,▁president,-2768
3029,▁enter,-2769
3030,▁Prof,-2770
3031,▁target,-2771
3032,uk,-2772
3033,▁arch,-2773
3034,ett,-2774
3035,atives,-2775
3036,▁serious,-2776
3037,aves,-2777
3038,▁innov,-2778
3039,iring,-2779
3040,ivity,-2780
3041,▁earn,-2781
3042,ault,-2782
3043,▁emer,-2783
3044,▁English,-2784
3045,asons,-2785
3046,▁surpr,-2786
3047,▁tools,-2787
3048,erve,-2788
3049,▁gen,-2789
3050,band,-2790
3051,▁fight,-2791
3052,▁helps,-2792
3053,▁played,-2793
3054,unt,-2794
3055,iding,-2795
3056,▁weight,-2796
3057,▁dress,-2797
3058,istic,-2798
3059,ibrary,-2799
3060,▁roll,-2800
3061,▁award,-2801
3062,▁gives,-2802
3063,edding,-2803
3064,like,-2804
3065,ara,-2805
3066,▁note,-2806
3067,▁trust,-2807
3068,▁photo,-2808
3069,OS,-2809
3070,▁request,-2810
3071,▁capt,-2811
3072,▁Check,-2812
3073,cription,-2813
3074,partment,-2814
3075,▁legal,-2815
3076,akers,-2816
3077,▁ones,-2817
3078,▁hear,-2818
3079,aught,-2819
3080,▁bank,-2820
3081,▁code,-2821
3082,▁stock,-2822
3083,▁levels,-2823
3084,▁Other,-2824
3085,▁solutions,-2825
3086,pri,-2826
3087,▁costs,-2827
3088,▁Service,-2828
3089,▁patients,-2829
3090,▁sym,-2830
3091,▁door,-2831
3092,▁admin,-2832
3093,▁lab,-2833
3094,▁sus,-2834
3095,▁conditions,-2835
3096,▁February,-2836
3097,ram,-2837
3098,acing,-2838
3099,EO,-2839
3100,▁sense,-2840
3101,▁published,-2841
3102,▁sold,-2842
3103,▁giving,-2843
3104,▁approach,-2844
3105,▁Book,-2845
3106,▁dry,-2846
3107,▁Brit,-2847
3108,ension,-2848
3109,▁opp,-2849
3110,▁remember,-2850
3111,▁Produ,-2851
3112,▁Trans,-2852
3113,erous,-2853
3114,▁attention,-2854
3115,▁interested,-2855
3116,▁Hol,-2856
3117,▁Play,-2857
3118,▁starting,-2858
3119,▁highly,-2859
3120,▁gets,-2860
3121,▁deliver,-2861
3122,pose,-2862
3123,▁Par,-2863
3124,▁prim,-2864
3125,▁Techn,-2865
3126,▁source,-2866
3127,▁sale,-2867
3128,AP,-2868
3129,add,-2869
3130,▁California,-2870
3131,▁resources,-2871
3132,▁instead,-2872
3133,▁qual,-2873
3134,▁subs,-2874
3135,▁sett,-2875
3136,▁heat,-2876
3137,ael,-2877
3138,www,-2878
3139,▁average,-2879
3140,EL,-2880
3141,urt,-2881
3142,izes,-2882
3143,▁AM,-2883
3144,orge,-2884
3145,hold,-2885
3146,iction,-2886
3147,▁reach,-2887
3148,▁themselves,-2888
3149,aged,-2889
3150,▁express,-2890
3151,▁condition,-2891
3152,▁Law,-2892
3153,▁planning,-2893
3154,▁fine,-2894
3155,▁Del,-2895
3156,▁join,-2896
3157,▁Gener,-2897
3158,▁equipment,-2898
3159,▁organization,-2899
3160,▁materials,-2900
3161,▁solution,-2901
3162,▁vac,-2902
3163,▁mid,-2903
3164,▁sites,-2904
3165,▁written,-2905
3166,▁Afric,-2906
3167,▁cases,-2907
3168,▁imm,-2908
3169,irit,-2909
3170,wide,-2910
3171,▁Christmas,-2911
3172,▁streng,-2912
3173,▁lower,-2913
3174,▁Services,-2914
3175,▁firm,-2915
3176,▁upon,-2916
3177,mission,-2917
3178,▁describ,-2918
3179,ening,-2919
3180,apan,-2920
3181,vey,-2921
3182,▁Je,-2922
3183,▁Program,-2923
3184,▁Sch,-2924
3185,ength,-2925
3186,▁www,-2926
3187,▁Thanks,-2927
3188,▁businesses,-2928
3189,▁cat,-2929
3190,▁images,-2930
3191,ule,-2931
3192,▁subject,-2932
3193,▁Rem,-2933
3194,▁effective,-2934
3195,▁healthy,-2935
3196,▁interview,-2936
3197,▁fans,-2937
3198,▁groups,-2938
3199,mm,-2939
3200,▁began,-2940
3201,ashion,-2941
3202,▁multiple,-2942
3203,▁player,-2943
3204,ida,-2944
3205,▁Av,-2945
3206,▁positive,-2946
3207,▁Spe,-2947
3208,▁plant,-2948
3209,▁defe,-2949
3210,▁policy,-2950
3211,▁prem,-2951
3212,▁countries,-2952
3213,rom,-2953
3214,ald,-2954
3215,▁write,-2955
3216,aches,-2956
3217,▁insurance,-2957
3218,▁slow,-2958
3219,▁lif,-2959
3220,▁answer,-2960
3221,king,-2961
3222,arant,-2962
3223,▁Go,-2963
3224,ration,-2964
3225,ysis,-2965
3226,▁viol,-2966
3227,▁item,-2967
3228,▁families,-2968
3229,bum,-2969
3230,▁dise,-2970
3231,ography,-2971
3232,urer,-2972
3233,▁led,-2973
3234,▁Hot,-2974
3235,▁interesting,-2975
3236,▁consult,-2976
3237,rought,-2977
3238,olf,-2978
3239,▁picture,-2979
3240,ocol,-2980
3241,▁Met,-2981
3242,▁completely,-2982
3243,iles,-2983
3244,enty,-2984
3245,▁dream,-2985
3246,urb,-2986
3247,▁message,-2987
3248,▁lic,-2988
3249,▁document,-2989
3250,▁Great,-2990
3251,▁copy,-2991
3252,▁Loc,-2992
3253,sy,-2993
3254,ato,-2994
3255,rup,-2995
3256,▁trip,-2996
3257,ager,-2997
3258,▁types,-2998
3259,▁gift,-2999
3260,bit,-3000
3261,▁employees,-3001
3262,▁Even,-3002
3263,▁hour,-3003
3264,lev,-3004
3265,press,-3005
3266,▁opportunities,-3006
3267,▁David,-3007
3268,▁King,-3008
3269,▁broad,-3009
3270,▁block,-3010
3271,▁directly,-3011
3272,▁Mod,-3012
3273,elling,-3013
3274,erved,-3014
3275,▁Whe,-3015
3276,orage,-3016
3277,▁div,-3017
3278,arlier,-3018
3279,▁Phot,-3019
3280,▁Since,-3020
3281,▁commercial,-3021
3282,iant,-3022
3283,▁eye,-3023
3284,▁Found,-3024
3285,ey,-3025
3286,▁achieve,-3026
3287,▁offe,-3027
3288,▁Why,-3028
3289,oul,-3029
3290,▁Sub,-3030
3291,ffects,-3031
3292,▁camer,-3032
3293,▁gar,-3033
3294,▁pull,-3034
3295,▁rock,-3035
3296,itation,-3036
3297,gu,-3037
3298,▁except,-3038
3299,ffee,-3039
3300,▁hor,-3040
3301,IL,-3041
3302,▁According,-3042
3303,▁East,-3043
3304,▁fully,-3044
3305,▁stru,-3045
3306,▁growing,-3046
3307,▁traditional,-3047
3308,▁band,-3048
3309,▁Many,-3049
3310,▁wasn,-3050
3311,▁Year,-3051
3312,itute,-3052
3313,▁saying,-3053
3314,▁White,-3054
3315,ube,-3055
3316,▁India,-3056
3317,▁paint,-3057
3318,▁stuff,-3058
3319,▁Once,-3059
3320,▁reports,-3060
3321,ares,-3061
3322,▁comments,-3062
3323,itely,-3063
3324,▁fab,-3064
3325,▁promot,-3065
3326,▁successful,-3066
3327,▁cert,-3067
3328,▁stories,-3068
3329,ancy,-3069
3330,▁necessary,-3070
3331,▁Russ,-3071
3332,▁teams,-3072
3333,ecutive,-3073
3334,▁Mag,-3074
3335,▁prices,-3075
3336,▁mount,-3076
3337,▁gold,-3077
3338,▁Hall,-3078
3339,▁cross,-3079
3340,▁hop,-3080
3341,▁shoot,-3081
3342,▁goals,-3082
3343,▁creating,-3083
3344,iable,-3084
3345,▁Green,-3085
3346,onse,-3086
3347,▁neigh,-3087
3348,▁vehicle,-3088
3349,TM,-3089
3350,▁fix,-3090
3351,▁itself,-3091
3352,▁adult,-3092
3353,▁Cle,-3093
3354,▁dead,-3094
3355,ooth,-3095
3356,▁wrong,-3096
3357,▁Spr,-3097
3358,▁dark,-3098
3359,▁excellent,-3099
3360,▁Web,-3100
3361,▁reve,-3101
3362,uses,-3102
3363,tee,-3103
3364,▁cy,-3104
3365,wor,-3105
3366,▁fair,-3106
3367,▁rev,-3107
3368,▁affect,-3108
3369,▁Twitter,-3109
3370,▁applications,-3110
3371,hest,-3111
3372,imately,-3112
3373,▁essential,-3113
3374,▁Work,-3114
3375,▁aim,-3115
3376,▁drug,-3116
3377,urning,-3117
3378,udd,-3118
3379,▁Germ,-3119
3380,mb,-3120
3381,ipped,-3121
3382,▁China,-3122
3383,▁Last,-3123
3384,▁Best,-3124
3385,▁Each,-3125
3386,▁attempt,-3126
3387,iation,-3127
3388,▁extreme,-3128
3389,▁Good,-3129
3390,▁device,-3130
3391,coming,-3131
3392,▁separ,-3132
3393,rote,-3133
3394,▁farm,-3134
3395,▁condu,-3135
3396,▁distrib,-3136
3397,▁birth,-3137
3398,▁Market,-3138
3399,▁Tex,-3139
3400,aughter,-3140
3401,ties,-3141
3402,ashington,-3142
3403,▁gave,-3143
3404,inary,-3144
3405,omen,-3145
3406,ores,-3146
3407,▁wait,-3147
3408,▁glass,-3148
3409,ils,-3149
3410,inner,-3150
3411,▁terms,-3151
3412,▁implement,-3152
3413,OL,-3153
3414,▁kitchen,-3154
3415,rows,-3155
3416,▁blood,-3156
3417,venue,-3157
3418,aries,-3158
3419,▁sen,-3159
3420,▁Association,-3160
3421,▁Port,-3161
3422,▁baby,-3162
3423,▁See,-3163
3424,▁director,-3164
3425,▁Paul,-3165
3426,▁Office,-3166
3427,▁thinking,-3167
3428,BC,-3168
3429,raz,-3169
3430,▁Mem,-3170
3431,▁serve,-3171
3432,▁System,-3172
3433,▁depend,-3173
3434,▁speed,-3174
3435,▁Mor,-3175
3436,▁pictures,-3176
3437,▁vot,-3177
3438,iced,-3178
3439,▁became,-3179
3440,Ch,-3180
3441,▁Jack,-3181
3442,▁wish,-3182
3443,uth,-3183
3444,anch,-3184
3445,pite,-3185
3446,▁schools,-3186
3447,▁obs,-3187
3448,▁smart,-3188
3449,▁spend,-3189
3450,▁budget,-3190
3451,▁Japan,-3191
3452,▁Develop,-3192
3453,▁dro,-3193
3454,▁nation,-3194
3455,field,-3195
3456,▁advice,-3196
3457,▁organiz,-3197
3458,▁profession,-3198
3459,▁effort,-3199
3460,▁places,-3200
3461,yond,-3201
3462,▁section,-3202
3463,▁college,-3203
3464,▁Public,-3204
3465,▁mention,-3205
3466,▁Make,-3206
3467,ications,-3207
3468,▁offering,-3208
3469,duc,-3209
3470,▁sometimes,-3210
3471,▁Vis,-3211
3472,▁coun,-3212
3473,▁bi,-3213
3474,▁Use,-3214
3475,▁aware,-3215
3476,AD,-3216
3477,▁Today,-3217
3478,riend,-3218
3479,▁Mac,-3219
3480,ocr,-3220
3481,▁progress,-3221
3482,▁jud,-3222
3483,▁Bel,-3223
3484,”.,-3224
3485,▁Road,-3225
3486,▁spent,-3226
3487,▁war,-3227
3488,▁limited,-3228
3489,▁son,-3229
3490,vest,-3230
3491,▁developed,-3231
3492,▁ble,-3232
3493,▁Sol,-3233
3494,▁carry,-3234
3495,▁shot,-3235
3496,▁mat,-3236
3497,▁Pri,-3237
3498,▁Sk,-3238
3499,ibly,-3239
3500,▁Washington,-3240
3501,▁enh,-3241
3502,▁impress,-3242
3503,US,-3243
3504,▁IN,-3244
3505,▁feet,-3245
3506,▁moving,-3246
3507,▁quarter,-3247
3508,▁rent,-3248
3509,▁Inter,-3249
3510,▁emb,-3250
3511,▁title,-3251
3512,▁eat,-3252
3513,▁connect,-3253
3514,▁About,-3254
3515,ological,-3255
3516,▁race,-3256
3517,▁AN,-3257
3518,▁felt,-3258
3519,itary,-3259
3520,haps,-3260
3521,▁dating,-3261
3522,▁Gold,-3262
3523,unte,-3263
3524,▁suit,-3264
3525,pects,-3265
3526,overn,-3266
3527,▁feeling,-3267
3528,rench,-3268
3529,▁requirements,-3269
3530,▁avoid,-3270
3531,▁statement,-3271
3532,▁situation,-3272
3533,▁complex,-3273
3534,▁wants,-3274
3535,useum,-3275
3536,idered,-3276
3537,▁Dem,-3277
3538,ceed,-3278
3539,istry,-3279
3540,▁THE,-3280
3541,▁towards,-3281
3542,▁individuals,-3282
3543,▁region,-3283
3544,▁billion,-3284
3545,asc,-3285
3546,▁path,-3286
3547,▁Canada,-3287
3548,down,-3288
3549,▁respond,-3289
3550,▁delivery,-3290
3551,▁bath,-3291
3552,▁spot,-3292
3553,▁heard,-3293
3554,rel,-3294
3555,▁finish,-3295
3556,▁album,-3296
3557,ancing,-3297
3558,ari,-3298
3559,▁language,-3299
3560,▁physical,-3300
3561,house,-3301
3562,▁construction,-3302
3563,▁aff,-3303
3564,▁Class,-3304
3565,isions,-3305
3566,unk,-3306
3567,▁Director,-3307
3568,▁sleep,-3308
3569,▁ing,-3309
3570,▁stress,-3310
3571,▁Educ,-3311
3572,▁Open,-3312
3573,▁straight,-3313
3574,▁Flor,-3314
3575,▁Down,-3315
3576,▁owners,-3316
3577,▁nearly,-3317
3578,ocks,-3318
3579,▁shop,-3319
3580,▁lik,-3320
3581,▁nut,-3321
3582,▁advant,-3322
3583,▁Council,-3323
3584,▁ver,-3324
3585,hips,-3325
3586,▁Find,-3326
3587,porate,-3327
3588,▁brought,-3328
3589,▁finally,-3329
3590,▁Pal,-3330
3591,▁stage,-3331
3592,He,-3332
3593,▁convers,-3333
3594,▁pet,-3334
3595,▁sweet,-3335
3596,▁hotel,-3336
3597,▁Board,-3337
3598,▁Apple,-3338
3599,▁wonderful,-3339
3600,word,-3340
3601,▁charge,-3341
3602,▁temper,-3342
3603,▁consist,-3343
3604,▁pattern,-3344
3605,▁ten,-3345
3606,▁loved,-3346
3607,▁seven,-3347
3608,▁Hel,-3348
3609,▁Tom,-3349
3610,▁hous,-3350
3611,owl,-3351
3612,▁ge,-3352
3613,▁Lear,-3353
3614,▁annual,-3354
3615,▁Bre,-3355
3616,ION,-3356
3617,▁weather,-3357
3618,rast,-3358
3619,▁Top,-3359
3620,▁blue,-3360
3621,▁inform,-3361
3622,▁Texas,-3362
3623,▁strateg,-3363
3624,▁Oh,-3364
3625,▁nature,-3365
3626,▁Ann,-3366
3627,▁load,-3367
3628,▁star,-3368
3629,fl,-3369
3630,ports,-3370
3631,▁largest,-3371
3632,▁double,-3372
3633,▁interact,-3373
3634,▁tried,-3374
3635,mitted,-3375
3636,▁Dan,-3376
3637,▁cold,-3377
3638,PS,-3378
3639,ament,-3379
3640,▁attract,-3380
3641,▁overall,-3381
3642,▁ult,-3382
3643,▁wrote,-3383
3644,▁sports,-3384
3645,pre,-3385
3646,▁investment,-3386
3647,▁eyes,-3387
3648,▁William,-3388
3649,▁Sur,-3389
3650,▁Club,-3390
3651,dule,-3391
3652,▁cas,-3392
3653,▁candid,-3393
3654,roud,-3394
3655,▁max,-3395
3656,▁wife,-3396
3657,uted,-3397
3658,▁Indian,-3398
3659,ago,-3399
3660,▁exerc,-3400
3661,▁wear,-3401
3662,""".",-3402
3663,▁guide,-3403
3664,▁partner,-3404
3665,▁helping,-3405
3666,oming,-3406
3667,▁independ,-3407
3668,▁turned,-3408
3669,ened,-3409
3670,rences,-3410
3671,▁Time,-3411
3672,▁ahead,-3412
3673,▁collabor,-3413
3674,arc,-3414
3675,▁Michael,-3415
3676,▁repl,-3416
3677,▁Care,-3417
3678,change,-3418
3679,estern,-3419
3680,▁offered,-3420
3681,▁pow,-3421
3682,▁Windows,-3422
3683,▁response,-3423
3684,▁grand,-3424
3685,nded,-3425
3686,▁definitely,-3426
3687,▁homes,-3427
3688,▁difference,-3428
3689,▁advert,-3429
3690,▁concept,-3430
3691,▁uses,-3431
3692,▁finished,-3432
3693,aly,-3433
3694,▁retail,-3434
3695,▁imag,-3435
3696,▁internet,-3436
3697,▁IT,-3437
3698,▁pieces,-3438
3699,estival,-3439
3700,rig,-3440
3701,ampions,-3441
3702,ulations,-3442
3703,▁served,-3443
3704,▁Internet,-3444
3705,▁activity,-3445
3706,▁categ,-3446
3707,▁stick,-3447
3708,▁benefit,-3448
3709,▁devices,-3449
3710,▁Court,-3450
3711,▁James,-3451
3712,▁gas,-3452
3713,▁doll,-3453
3714,▁beginning,-3454
3715,▁wedding,-3455
3716,inger,-3456
3717,▁bottom,-3457
3718,roid,-3458
3719,▁challenge,-3459
3720,▁Ant,-3460
3721,▁earlier,-3461
3722,▁Review,-3462
3723,▁appoint,-3463
3724,ounds,-3464
3725,▁thous,-3465
3726,last,-3466
3727,▁Adv,-3467
3728,ned,-3468
3729,▁apprec,-3469
3730,▁active,-3470
3731,▁political,-3471
3732,wise,-3472
3733,▁prec,-3473
3734,▁View,-3474
3735,▁paid,-3475
3736,▁altern,-3476
3737,▁pred,-3477
3738,▁eight,-3478
3739,more,-3479
3740,ourney,-3480
3741,▁Life,-3481
3742,▁Fam,-3482
3743,▁transport,-3483
3744,▁belie,-3484
3745,▁acqu,-3485
3746,▁Australia,-3486
3747,▁client,-3487
3748,net,-3488
3749,olute,-3489
3750,You,-3490
3751,▁miles,-3491
3752,▁Ir,-3492
3753,▁Rich,-3493
3754,▁culture,-3494
3755,▁Micro,-3495
3756,ying,-3496
3757,▁reduce,-3497
3758,iate,-3498
3759,ustain,-3499
3760,▁influ,-3500
3761,▁demand,-3501
3762,▁entertain,-3502
3763,▁creative,-3503
3764,▁maybe,-3504
3765,▁understanding,-3505
3766,▁Research,-3506
3767,yd,-3507
3768,▁exactly,-3508
3769,bon,-3509
3770,▁named,-3510
3771,▁exhib,-3511
3772,▁states,-3512
3773,▁considered,-3513
3774,▁Thank,-3514
3775,▁girls,-3515
3776,box,-3516
3777,▁correct,-3517
3778,▁Mark,-3518
3779,ails,-3519
3780,▁hus,-3520
3781,▁histor,-3521
3782,▁easier,-3522
3783,ston,-3523
3784,▁cho,-3524
3785,▁replace,-3525
3786,▁Big,-3526
3787,vin,-3527
3788,▁Look,-3528
3789,cause,-3529
3790,▁Call,-3530
3791,antly,-3531
3792,icate,-3532
3793,▁surround,-3533
3794,▁Super,-3534
3795,LE,-3535
3796,▁ST,-3536
3797,▁Ty,-3537
3798,sec,-3538
3799,▁Char,-3539
3800,hens,-3540
3801,icious,-3541
3802,▁economic,-3542
3803,▁afford,-3543
3804,▁Have,-3544
3805,▁Bay,-3545
3806,▁pages,-3546
3807,bl,-3547
3808,dd,-3548
3809,▁flav,-3549
3810,error,-3550
3811,▁father,-3551
3812,erry,-3552
3813,▁Angel,-3553
3814,orrow,-3554
3815,ales,-3555
3816,▁Rel,-3556
3817,icip,-3557
3818,oves,-3558
3819,▁guarant,-3559
3820,umn,-3560
3821,▁posted,-3561
3822,Re,-3562
3823,▁European,-3563
3824,▁cash,-3564
3825,▁numbers,-3565
3826,▁Republic,-3566
3827,ategy,-3567
3828,OV,-3568
3829,iny,-3569
3830,inated,-3570
3831,force,-3571
3832,▁Sl,-3572
3833,▁prot,-3573
3834,rial,-3574
3835,▁rates,-3575
3836,▁gradu,-3576
3837,▁experienced,-3577
3838,▁Child,-3578
3839,▁expand,-3579
3840,▁opening,-3580
3841,raw,-3581
3842,▁fat,-3582
3843,lying,-3583
3844,▁assess,-3584
3845,▁Govern,-3585
3846,mod,-3586
3847,amic,-3587
3848,▁tom,-3588
3849,▁knew,-3589
3850,asy,-3590
3851,IP,-3591
3852,oly,-3592
3853,alt,-3593
3854,▁lots,-3594
3855,het,-3595
3856,▁demon,-3596
3857,▁damage,-3597
3858,▁contain,-3598
3859,▁Cur,-3599
3860,set,-3600
3861,▁Det,-3601
3862,▁comfortable,-3602
3863,▁Ve,-3603
3864,▁remain,-3604
3865,sych,-3605
3866,▁Mart,-3606
3867,▁satis,-3607
3868,▁truly,-3608
3869,aled,-3609
3870,▁helped,-3610
3871,▁thank,-3611
3872,▁immediately,-3612
3873,▁pressure,-3613
3874,▁PC,-3614
3875,▁degree,-3615
3876,▁decor,-3616
3877,▁cancer,-3617
3878,▁threat,-3618
3879,▁Ev,-3619
3880,▁II,-3620
3881,▁Rob,-3621
3882,▁emot,-3622
3883,▁jobs,-3623
3884,▁beyond,-3624
3885,▁trade,-3625
3886,ico,-3626
3887,chan,-3627
3888,▁cards,-3628
3889,▁outd,-3629
3890,▁completed,-3630
3891,▁IS,-3631
3892,▁prop,-3632
3893,undred,-3633
3894,ses,-3634
3895,▁pool,-3635
3896,▁storage,-3636
3897,▁bill,-3637
3898,rem,-3638
3899,order,-3639
3900,ado,-3640
3901,anging,-3641
3902,leg,-3642
3903,ivil,-3643
3904,ona,-3644
3905,▁obt,-3645
3906,nown,-3646
3907,rey,-3647
3908,▁speak,-3648
3909,atever,-3649
3910,▁responsible,-3650
3911,▁Company,-3651
3912,▁lack,-3652
3913,If,-3653
3914,dom,-3654
3915,tion,-3655
3916,▁Plan,-3656
3917,:||,-3657
3918,▁Ret,-3658
3919,▁highest,-3659
3920,▁craft,-3660
3921,▁analysis,-3661
3922,▁Island,-3662
3923,▁Bank,-3663
3924,phone,-3664
3925,ronic,-3665
3926,▁conference,-3666
3927,▁coffee,-3667
3928,▁estate,-3668
3929,▁machine,-3669
3930,▁proud,-3670
3931,isl,-3671
3932,▁accur,-3672
3933,▁tips,-3673
3934,▁Management,-3674
3935,▁purpose,-3675
3936,▁Florida,-3676
3937,care,-3677
3938,▁setting,-3678
3939,arily,-3679
3940,aith,-3680
3941,▁Although,-3681
3942,▁fem,-3682
3943,▁sty,-3683
3944,met,-3684
3945,▁adjust,-3685
3946,▁fashion,-3686
3947,▁spread,-3687
3948,▁subst,-3688
3949,▁Sum,-3689
3950,▁guys,-3690
3951,orial,-3691
3952,▁excited,-3692
3953,▁Church,-3693
3954,▁efforts,-3694
3955,▁normal,-3695
3956,anta,-3696
3957,cel,-3697
3958,iling,-3698
3959,soft,-3699
3960,▁appropri,-3700
3961,que,-3701
3962,▁wild,-3702
3963,▁fant,-3703
3964,▁plus,-3704
3965,▁ingred,-3705
3966,▁videos,-3706
3967,▁Water,-3707
3968,▁garden,-3708
3969,▁General,-3709
3970,body,-3710
3971,▁length,-3711
3972,agn,-3712
3973,▁Cong,-3713
3974,▁husband,-3714
3975,▁button,-3715
3976,▁pen,-3716
3977,▁cast,-3717
3978,▁frame,-3718
3979,▁disease,-3719
3980,▁existing,-3720
3981,illa,-3721
3982,▁Mary,-3722
3983,▁Contact,-3723
3984,▁reviews,-3724
3985,▁Back,-3725
3986,▁During,-3726
3987,▁er,-3727
3988,▁Camp,-3728
3989,▁launch,-3729
3990,▁himself,-3730
3991,aper,-3731
3992,▁allowed,-3732
3993,▁Rober,-3733
3994,As,-3734
3995,▁thanks,-3735
3996,oe,-3736
3997,▁Community,-3737
3998,▁Dec,-3738
3999,▁middle,-3739
4000,▁strugg,-3740
4001,▁proced,-3741
4002,aling,-3742
4003,▁holiday,-3743
4004,▁looked,-3744
4005,▁welcome,-3745
4006,▁Sing,-3746
4007,▁driving,-3747
4008,▁Sun,-3748
4009,icken,-3749
4010,▁Win,-3750
4011,ken,-3751
4012,▁initial,-3752
4013,▁prefer,-3753
4014,rapy,-3754
4015,▁effects,-3755
4016,▁haven,-3756
4017,▁certainly,-3757
4018,▁lines,-3758
4019,oving,-3759
4020,▁increased,-3760
4021,▁increasing,-3761
4022,▁changed,-3762
4023,▁Jes,-3763
4024,▁Pet,-3764
4025,▁surv,-3765
4026,▁shopping,-3766
4027,▁train,-3767
4028,▁Love,-3768
4029,▁federal,-3769
4030,▁camera,-3770
4031,▁born,-3771
4032,▁behav,-3772
4033,ences,-3773
4034,▁background,-3774
4035,▁cru,-3775
4036,▁incred,-3776
4037,▁Two,-3777
4038,▁spirit,-3778
4039,ipp,-3779
4040,▁object,-3780
4041,▁batter,-3781
4042,aming,-3782
4043,amm,-3783
4044,lied,-3784
4045,▁runs,-3785
4046,▁mission,-3786
4047,▁passion,-3787
4048,):,-3788
4049,▁files,-3789
4050,▁evening,-3790
4051,▁clin,-3791
4052,▁secure,-3792
4053,▁Custom,-3793
4054,OW,-3794
4055,ota,-3795
4056,▁moved,-3796
4057,ously,-3797
4058,▁Ins,-3798
4059,▁Special,-3799
4060,▁Sa,-3800
4061,▁transfer,-3801
4062,▁frequ,-3802
4063,▁selection,-3803
4064,imal,-3804
4065,▁wine,-3805
4066,▁Take,-3806
4067,itect,-3807
4068,▁rules,-3808
4069,▁People,-3809
4070,▁Thom,-3810
4071,▁extend,-3811
4072,▁protection,-3812
4073,friend,-3813
4074,istrict,-3814
4075,▁Like,-3815
4076,▁Rock,-3816
4077,▁journey,-3817
4078,esome,-3818
4079,free,-3819
4080,▁talking,-3820
4081,▁Under,-3821
4082,hone,-3822
4083,▁volunte,-3823
4084,ady,-3824
4085,oms,-3825
4086,▁coach,-3826
4087,IV,-3827
4088,▁artist,-3828
4089,▁winter,-3829
4090,see,-3830
4091,▁stream,-3831
4092,▁demonstr,-3832
4093,▁dedicated,-3833
4094,istics,-3834
4095,▁furn,-3835
4096,▁whose,-3836
4097,▁measure,-3837
4098,▁challenges,-3838
4099,▁doub,-3839
4100,▁spring,-3840
4101,▁cream,-3841
4102,▁particularly,-3842
4103,za,-3843
4104,ios,-3844
4105,▁relax,-3845
4106,▁Power,-3846
4107,▁steps,-3847
4108,oma,-3848
4109,▁powerful,-3849
4110,▁Information,-3850
4111,▁sugar,-3851
4112,▁session,-3852
4113,▁USA,-3853
4114,▁alone,-3854
4115,▁Education,-3855
4116,▁Show,-3856
4117,▁owner,-3857
4118,oos,-3858
4119,▁Phil,-3859
4120,▁French,-3860
4121,▁occas,-3861
4122,▁science,-3862
4123,▁couldn,-3863
4124,▁links,-3864
4125,itiz,-3865
4126,▁bur,-3866
4127,ologies,-3867
4128,▁produce,-3868
4129,▁basic,-3869
4130,reed,-3870
4131,▁fan,-3871
4132,▁slight,-3872
4133,fit,-3873
4134,porary,-3874
4135,DA,-3875
4136,azine,-3876
4137,IM,-3877
4138,▁egg,-3878
4139,icing,-3879
4140,▁communities,-3880
4141,▁leader,-3881
4142,▁Cap,-3882
4143,othing,-3883
4144,▁River,-3884
4145,▁residents,-3885
4146,▁Sil,-3886
4147,lies,-3887
4148,▁liter,-3888
4149,▁fill,-3889
4150,▁occur,-3890
4151,istered,-3891
4152,uing,-3892
4153,▁update,-3893
4154,▁meaning,-3894
4155,▁biggest,-3895
4156,▁instruct,-3896
4157,▁Food,-3897
4158,▁Lake,-3898
4159,▁aren,-3899
4160,EM,-3900
4161,▁onto,-3901
4162,▁patient,-3902
4163,▁supply,-3903
4164,▁Police,-3904
4165,▁daughter,-3905
4166,▁Lou,-3906
4167,▁shared,-3907
4168,▁drop,-3908
4169,▁PR,-3909
4170,▁letter,-3910
4171,▁absolute,-3911
4172,▁colors,-3912
4173,rian,-3913
4174,▁adding,-3914
4175,▁guests,-3915
4176,▁Who,-3916
4177,▁Matt,-3917
4178,▁manager,-3918
4179,▁electric,-3919
4180,annel,-3920
4181,▁Miss,-3921
4182,uled,-3922
4183,gency,-3923
4184,▁schedule,-3924
4185,▁mis,-3925
4186,▁views,-3926
4187,▁models,-3927
4188,▁organizations,-3928
4189,▁shipping,-3929
4190,ocolate,-3930
4191,▁opin,-3931
4192,▁Blue,-3932
4193,esterday,-3933
4194,▁Yes,-3934
4195,▁Enter,-3935
4196,▁strength,-3936
4197,▁Because,-3937
4198,▁shown,-3938
4199,ij,-3939
4200,▁competition,-3940
4201,▁Follow,-3941
4202,▁peace,-3942
4203,▁Star,-3943
4204,▁brother,-3944
4205,uce,-3945
4206,omb,-3946
4207,▁unit,-3947
4208,icks,-3948
4209,UR,-3949
4210,▁district,-3950
4211,osing,-3951
4212,umber,-3952
4213,▁sort,-3953
4214,▁conven,-3954
4215,▁Mil,-3955
4216,oyal,-3956
4217,▁heavy,-3957
4218,▁hundred,-3958
4219,▁reb,-3959
4220,iture,-3960
4221,acity,-3961
4222,▁extremely,-3962
4223,▁seeing,-3963
4224,rief,-3964
4225,▁score,-3965
4226,▁District,-3966
4227,▁British,-3967
4228,▁ton,-3968
4229,ads,-3969
4230,▁hom,-3970
4231,▁chem,-3971
4232,▁exclus,-3972
4233,▁Fire,-3973
4234,▁Sam,-3974
4235,▁Obama,-3975
4236,▁basis,-3976
4237,▁Music,-3977
4238,▁reasons,-3978
4239,▁scient,-3979
4240,▁Fore,-3980
4241,enance,-3981
4242,▁instit,-3982
4243,▁taste,-3983
4244,asp,-3984
4245,▁trou,-3985
4246,range,-3986
4247,term,-3987
4248,▁Mount,-3988
4249,ags,-3989
4250,ulated,-3990
4251,▁payment,-3991
4252,▁hospital,-3992
4253,▁church,-3993
4254,▁gone,-3994
4255,works,-3995
4256,▁smooth,-3996
4257,▁Dri,-3997
4258,▁guy,-3998
4259,▁traffic,-3999
4260,TS,-4000
4261,▁Profess,-4001
4262,▁AP,-4002
4263,apter,-4003
4264,▁capital,-4004
4265,▁academ,-4005
4266,icine,-4006
4267,▁Online,-4007
4268,▁beg,-4008
4269,ustr,-4009
4270,▁characters,-4010
4271,▁breat,-4011
4272,▁Wood,-4012
4273,▁senior,-4013
4274,oman,-4014
4275,▁window,-4015
4276,fast,-4016
4277,Sh,-4017
4278,▁surface,-4018
4279,rab,-4019
4280,▁Real,-4020
4281,eria,-4021
4282,iques,-4022
4283,▁passed,-4023
4284,▁followed,-4024
4285,▁voice,-4025
4286,▁graph,-4026
4287,▁Att,-4027
4288,mark,-4028
4289,▁regarding,-4029
4290,▁fra,-4030
4291,▁standards,-4031
4292,▁bul,-4032
4293,▁Institute,-4033
4294,▁u,-4034
4295,bed,-4035
4296,▁compon,-4036
4297,▁pair,-4037
4298,▁snow,-4038
4299,▁officials,-4039
4300,▁guid,-4040
4301,▁although,-4041
4302,CC,-4042
4303,▁sched,-4043
4304,▁Mal,-4044
4305,▁mail,-4045
4306,▁Mot,-4046
4307,▁notice,-4047
4308,▁ideal,-4048
4309,itude,-4049
4310,ette,-4050
4311,BS,-4051
4312,iverse,-4052
4313,▁happened,-4053
4314,rael,-4054
4315,▁names,-4055
4316,▁Team,-4056
4317,▁advantage,-4057
4318,▁classic,-4058
4319,ovel,-4059
4320,▁Smith,-4060
4321,▁Press,-4061
4322,ixt,-4062
4323,olic,-4063
4324,▁covered,-4064
4325,▁dang,-4065
4326,▁experiences,-4066
4327,ula,-4067
4328,▁luck,-4068
4329,▁strategy,-4069
4330,gn,-4070
4331,▁cars,-4071
4332,▁manage,-4072
4333,standing,-4073
4334,▁Hist,-4074
4335,▁Step,-4075
4336,▁cry,-4076
4337,▁Ben,-4077
4338,▁Chic,-4078
4339,encies,-4079
4340,▁professionals,-4080
4341,tr,-4081
4342,la,-4082
4343,▁approx,-4083
4344,ctors,-4084
4345,ga,-4085
4346,▁shape,-4086
4347,▁League,-4087
4348,▁beauty,-4088
4349,inese,-4089
4350,▁continues,-4090
4351,mail,-4091
4352,▁ice,-4092
4353,▁Sign,-4093
4354,▁Foundation,-4094
4355,▁fear,-4095
4356,▁efficient,-4096
4357,icon,-4097
4358,ech,-4098
4359,ifying,-4099
4360,▁waiting,-4100
4361,▁experts,-4101
4362,▁master,-4102
4363,▁laws,-4103
4364,▁solid,-4104
4365,▁Vol,-4105
4366,▁Science,-4106
4367,rowd,-4107
4368,▁den,-4108
4369,rees,-4109
4370,oop,-4110
4371,end,-4111
4372,▁military,-4112
4373,▁Color,-4113
4374,osh,-4114
4375,ero,-4115
4376,azon,-4116
4377,ka,-4117
4378,▁List,-4118
4379,▁forget,-4119
4380,▁truck,-4120
4381,▁beat,-4121
4382,▁Development,-4122
4383,▁calls,-4123
4384,orney,-4124
4385,▁income,-4125
4386,▁football,-4126
4387,▁gun,-4127
4388,▁scene,-4128
4389,vant,-4129
4390,incip,-4130
4391,rooms,-4131
4392,▁wat,-4132
4393,▁recipe,-4133
4394,▁minute,-4134
4395,▁Exper,-4135
4396,▁compared,-4136
4397,inate,-4137
4398,▁remind,-4138
4399,▁Commission,-4139
4400,ading,-4140
4401,▁virt,-4141
4402,▁Elect,-4142
4403,▁TO,-4143
4404,inn,-4144
4405,▁winning,-4145
4406,▁Pay,-4146
4407,▁England,-4147
4408,▁finding,-4148
4409,▁larger,-4149
4410,▁placed,-4150
4411,▁sand,-4151
4412,▁artists,-4152
4413,▁trail,-4153
4414,acks,-4154
4415,▁keeping,-4155
4416,▁audience,-4156
4417,▁Brown,-4157
4418,▁greater,-4158
4419,▁workers,-4159
4420,▁ter,-4160
4421,▁friendly,-4161
4422,▁closed,-4162
4423,▁eval,-4163
4424,▁rich,-4164
4425,▁exciting,-4165
4426,▁talent,-4166
4427,▁figure,-4167
4428,▁restaurant,-4168
4429,▁reflect,-4169
4430,▁sy,-4170
4431,▁posts,-4171
4432,▁continued,-4172
4433,▁classes,-4173
4434,▁sustain,-4174
4435,gal,-4175
4436,▁Hum,-4176
4437,▁disapp,-4177
4438,▁laun,-4178
4439,▁driver,-4179
4440,▁package,-4180
4441,▁learned,-4181
4442,▁Family,-4182
4443,iller,-4183
4444,rd,-4184
4445,▁critical,-4185
4446,▁fish,-4186
4447,▁knows,-4187
4448,atically,-4188
4449,unning,-4189
4450,▁Alex,-4190
4451,▁boo,-4191
4452,using,-4192
4453,▁technical,-4193
4454,▁mer,-4194
4455,▁Est,-4195
4456,▁listed,-4196
4457,▁developing,-4197
4458,unately,-4198
4459,▁station,-4199
4460,▁facilities,-4200
4461,▁Start,-4201
4462,What,-4202
4463,▁rob,-4203
4464,▁died,-4204
4465,▁bright,-4205
4466,▁connection,-4206
4467,yer,-4207
4468,▁tim,-4208
4469,▁established,-4209
4470,▁appropriate,-4210
4471,▁explore,-4211
4472,▁handle,-4212
4473,▁force,-4213
4474,gen,-4214
4475,▁Engine,-4215
4476,▁Franc,-4216
4477,▁plenty,-4217
4478,▁advent,-4218
4479,ervation,-4219
4480,▁older,-4220
4481,▁Offic,-4221
4482,▁Central,-4222
4483,▁announce,-4223
4484,▁flex,-4224
4485,▁motor,-4225
4486,▁medium,-4226
4487,well,-4227
4488,▁Arch,-4228
4489,▁Vir,-4229
4490,▁decl,-4230
4491,▁maintain,-4231
4492,▁associated,-4232
4493,sequ,-4233
4494,▁salt,-4234
4495,▁studies,-4235
4496,▁Whether,-4236
4497,illage,-4237
4498,▁opened,-4238
4499,▁monitor,-4239
4500,itors,-4240
4501,▁Carol,-4241
4502,▁Str,-4242
4503,iment,-4243
4504,ipes,-4244
4505,▁pros,-4245
4506,▁Jesus,-4246
4507,▁kept,-4247
4508,▁ingredients,-4248
4509,▁cab,-4249
4510,win,-4250
4511,▁thousands,-4251
4512,ander,-4252
4513,▁produced,-4253
4514,▁rooms,-4254
4515,There,-4255
4516,▁vision,-4256
4517,▁economy,-4257
4518,night,-4258
4519,▁testing,-4259
4520,▁origin,-4260
4521,▁presented,-4261
4522,gery,-4262
4523,▁Mex,-4263
4524,arge,-4264
4525,▁epis,-4265
4526,▁lock,-4266
4527,▁arrest,-4267
4528,▁useful,-4268
4529,▁Beach,-4269
4530,▁Build,-4270
4531,▁compl,-4271
4532,enses,-4272
4533,atab,-4273
4534,▁Social,-4274
4535,▁watching,-4275
4536,▁primary,-4276
4537,▁micro,-4277
4538,▁sup,-4278
4539,▁Bet,-4279
4540,▁Hill,-4280
4541,irection,-4281
4542,▁status,-4282
4543,ros,-4283
4544,overy,-4284
4545,▁contains,-4285
4546,▁initi,-4286
4547,▁neighbor,-4287
4548,▁Another,-4288
4549,▁brings,-4289
4550,▁Media,-4290
4551,▁Israel,-4291
4552,▁butter,-4292
4553,▁novel,-4293
4554,men,-4294
4555,ulate,-4295
4556,outhern,-4296
4557,▁dinner,-4297
4558,▁doctor,-4298
4559,▁remove,-4299
4560,▁dep,-4300
4561,▁util,-4301
4562,▁Grand,-4302
4563,▁shall,-4303
4564,▁requires,-4304
4565,▁Bill,-4305
4566,semb,-4306
4567,▁injury,-4307
4568,okes,-4308
4569,▁CEO,-4309
4570,look,-4310
4571,▁ship,-4311
4572,rehens,-4312
4573,vention,-4313
4574,▁Award,-4314
4575,▁evidence,-4315
4576,▁department,-4316
4577,▁teaching,-4317
4578,▁manufacturer,-4318
4579,▁Full,-4319
4580,▁starts,-4320
4581,▁repair,-4321
4582,▁harm,-4322
4583,▁catch,-4323
4584,▁guess,-4324
4585,▁Valley,-4325
4586,BA,-4326
4587,IG,-4327
4588,▁street,-4328
4589,▁Cup,-4329
4590,iled,-4330
4591,▁adop,-4331
4592,▁scen,-4332
4593,▁Dig,-4333
4594,▁pm,-4334
4595,apers,-4335
4596,▁selected,-4336
4597,▁brain,-4337
4598,▁Chicago,-4338
4599,▁iPhone,-4339
4600,▁bought,-4340
4601,▁Stand,-4341
4602,▁Ber,-4342
4603,▁structure,-4343
4604,lor,-4344
4605,idential,-4345
4606,▁serving,-4346
4607,allery,-4347
4608,▁famous,-4348
4609,iers,-4349
4610,▁funds,-4350
4611,▁Light,-4351
4612,▁remains,-4352
4613,▁fol,-4353
4614,▁advance,-4354
4615,▁facility,-4355
4616,mp,-4356
4617,▁victim,-4357
4618,▁Disc,-4358
4619,▁poor,-4359
4620,▁veget,-4360
4621,▁Their,-4361
4622,▁operations,-4362
4623,odes,-4363
4624,▁Project,-4364
4625,▁gain,-4365
4626,▁balance,-4366
4627,▁Scott,-4367
4628,berg,-4368
4629,▁Support,-4369
4630,ishes,-4370
4631,▁sto,-4371
4632,▁jump,-4372
4633,▁OF,-4373
4634,imb,-4374
4635,pective,-4375
4636,▁Christian,-4376
4637,▁discover,-4377
4638,atively,-4378
4639,noon,-4379
4640,▁vote,-4380
4641,action,-4381
4642,itz,-4382
4643,▁prepared,-4383
4644,itar,-4384
4645,▁leaving,-4385
4646,ograp,-4386
4647,ideo,-4387
4648,▁Chinese,-4388
4649,LC,-4389
4650,▁esc,-4390
4651,asure,-4391
4652,▁tree,-4392
4653,ption,-4393
4654,▁spons,-4394
4655,▁methods,-4395
4656,▁mo,-4396
4657,▁rank,-4397
4658,▁journal,-4398
4659,▁updated,-4399
4660,ooper,-4400
4661,ifts,-4401
4662,▁buying,-4402
4663,▁discount,-4403
4664,uries,-4404
4665,▁resist,-4405
4666,▁sharing,-4406
4667,▁stores,-4407
4668,▁movement,-4408
4669,RA,-4409
4670,going,-4410
4671,▁designs,-4411
4672,▁Mad,-4412
4673,▁showing,-4413
4674,▁Rad,-4414
4675,▁happens,-4415
4676,▁suff,-4416
4677,edy,-4417
4678,aked,-4418
4679,eless,-4419
4680,▁secret,-4420
4681,ki,-4421
4682,▁sem,-4422
4683,▁cloud,-4423
4684,cell,-4424
4685,ror,-4425
4686,CH,-4426
4687,▁wouldn,-4427
4688,▁communication,-4428
4689,▁Keep,-4429
4690,itness,-4430
4691,▁Tor,-4431
4692,▁chair,-4432
4693,hem,-4433
4694,▁beach,-4434
4695,▁reality,-4435
4696,▁Download,-4436
4697,▁Microsoft,-4437
4698,CA,-4438
4699,▁spending,-4439
4700,▁Card,-4440
4701,▁agency,-4441
4702,▁ride,-4442
4703,iency,-4443
4704,▁anti,-4444
4705,antic,-4445
4706,▁brows,-4446
4707,▁signed,-4447
4708,▁properties,-4448
4709,▁mechan,-4449
4710,aven,-4450
4711,PA,-4451
4712,▁Commit,-4452
4713,"”,",-4453
4714,▁rain,-4454
4715,▁entry,-4455
4716,▁crowd,-4456
4717,iance,-4457
4718,alls,-4458
4719,▁becoming,-4459
4720,osure,-4460
4721,▁bird,-4461
4722,isher,-4462
4723,▁plants,-4463
4724,▁grant,-4464
4725,▁perhaps,-4465
4726,▁rare,-4466
4727,▁leaves,-4467
4728,lands,-4468
4729,ini,-4469
4730,▁Times,-4470
4731,outs,-4471
4732,▁Long,-4472
4733,▁records,-4473
4734,▁cleaning,-4474
4735,▁Los,-4475
4736,▁legisl,-4476
4737,▁Que,-4477
4738,▁whatever,-4478
4739,▁independent,-4479
4740,▁Date,-4480
4741,▁NY,-4481
4742,▁encourage,-4482
4743,lastname,-4483
4744,▁sector,-4484
4745,▁pray,-4485
4746,▁unc,-4486
4747,▁upgr,-4487
4748,iences,-4488
4749,MS,-4489
4750,**,-4490
4751,▁Mel,-4491
4752,▁obvious,-4492
4753,riage,-4493
4754,▁cris,-4494
4755,▁advanced,-4495
4756,▁ID,-4496
4757,life,-4497
4758,▁sport,-4498
4759,▁Div,-4499
4760,▁Nov,-4500
4761,▁Academ,-4501
4762,▁relig,-4502
4763,▁meant,-4503
4764,fin,-4504
4765,▁corner,-4505
4766,essions,-4506
4767,▁actual,-4507
4768,▁Pub,-4508
4769,▁animals,-4509
4770,▁cart,-4510
4771,▁mill,-4511
4772,▁kick,-4512
4773,▁Women,-4513
4774,▁Both,-4514
4775,▁Where,-4515
4776,▁Ma,-4516
4777,top,-4517
4778,▁leadership,-4518
4779,▁fabric,-4519
4780,▁committed,-4520
4781,abilities,-4521
4782,▁Tri,-4522
4783,▁Tim,-4523
4784,▁tables,-4524
4785,▁Head,-4525
4786,▁faith,-4526
4787,▁tickets,-4527
4788,▁Organ,-4528
4789,For,-4529
4790,eared,-4530
4791,▁forms,-4531
4792,▁focused,-4532
4793,▁fell,-4533
4794,▁multi,-4534
4795,▁Word,-4535
4796,reek,-4536
4797,Cl,-4537
4798,▁fee,-4538
4799,▁diet,-4539
4800,▁Note,-4540
4801,▁locations,-4541
4802,▁map,-4542
4803,▁elements,-4543
4804,igan,-4544
4805,vere,-4545
4806,▁selling,-4546
4807,▁Copy,-4547
4808,▁Amazon,-4548
4809,▁funding,-4549
4810,▁thr,-4550
4811,▁memory,-4551
4812,IA,-4552
4813,craft,-4553
4814,▁loan,-4554
4815,▁Next,-4555
4816,▁ir,-4556
4817,▁markets,-4557
4818,▁exercise,-4558
4819,isco,-4559
4820,▁Democr,-4560
4821,▁visitors,-4561
4822,miss,-4562
4823,▁claims,-4563
4824,ellig,-4564
4825,▁worksh,-4565
4826,amin,-4566
4827,▁operating,-4567
4828,iest,-4568
4829,▁numerous,-4569
4830,▁bowl,-4570
4831,▁Set,-4571
4832,aturing,-4572
4833,▁awesome,-4573
4834,point,-4574
4835,arrant,-4575
4836,▁parking,-4576
4837,▁Fil,-4577
4838,▁Wil,-4578
4839,fr,-4579
4840,▁listen,-4580
4841,▁visual,-4581
4842,igation,-4582
4843,▁population,-4583
4844,▁RE,-4584
4845,▁determine,-4585
4846,yr,-4586
4847,▁ended,-4587
4848,▁incor,-4588
4849,▁Fort,-4589
4850,ception,-4590
4851,▁allowing,-4591
4852,▁uns,-4592
4853,pan,-4593
4854,▁menu,-4594
4855,estic,-4595
4856,▁joined,-4596
4857,▁limit,-4597
4858,▁refer,-4598
4859,fol,-4599
4860,▁mist,-4600
4861,▁dete,-4601
4862,??,-4602
4863,▁theme,-4603
4864,▁raised,-4604
4865,▁capacity,-4605
4866,▁maintenance,-4606
4867,▁transl,-4607
4868,▁ju,-4608
4869,▁appears,-4609
4870,▁steel,-4610
4871,▁caused,-4611
4872,▁showed,-4612
4873,▁Medical,-4613
4874,▁George,-4614
4875,▁changing,-4615
4876,""",",-4616
4877,▁Sand,-4617
4878,▁propos,-4618
4879,▁Chris,-4619
4880,▁Atl,-4620
4881,▁Its,-4621
4882,uty,-4622
4883,▁busy,-4623
4884,▁articles,-4624
4885,▁afternoon,-4625
4886,▁practices,-4626
4887,▁Nor,-4627
4888,▁yesterday,-4628
4889,▁estim,-4629
4890,▁songs,-4630
4891,▁assistance,-4631
4892,▁Bur,-4632
4893,▁forum,-4633
4894,▁diagn,-4634
4895,▁establish,-4635
4896,▁colour,-4636
4897,▁flat,-4637
4898,iliar,-4638
4899,rim,-4639
4900,▁wire,-4640
4901,▁Android,-4641
4902,▁https,-4642
4903,▁temperature,-4643
4904,▁Africa,-4644
4905,ferences,-4645
4906,ola,-4646
4907,▁core,-4647
4908,gl,-4648
4909,▁decide,-4649
4910,▁society,-4650
4911,▁managed,-4651
4912,▁Before,-4652
4913,▁Watch,-4653
4914,▁combination,-4654
4915,gers,-4655
4916,▁coverage,-4656
4917,▁updates,-4657
4918,isation,-4658
4919,▁metal,-4659
4920,▁sources,-4660
4921,DF,-4661
4922,▁accommod,-4662
4923,▁rap,-4663
4924,levision,-4664
4925,▁central,-4665
4926,▁lux,-4666
4927,▁putting,-4667
4928,▁ban,-4668
4929,▁Town,-4669
4930,▁direction,-4670
4931,!!!,-4671
4932,▁charges,-4672
4933,▁profile,-4673
4934,▁Jim,-4674
4935,▁worry,-4675
4936,ivered,-4676
4937,▁teachers,-4677
4938,▁Jew,-4678
4939,▁Society,-4679
4940,▁parties,-4680
4941,▁previously,-4681
4942,rehensive,-4682
4943,▁brown,-4683
4944,▁analy,-4684
4945,▁youth,-4685
4946,▁Mass,-4686
4947,obe,-4687
4948,▁plastic,-4688
4949,▁Week,-4689
4950,▁Game,-4690
4951,▁throw,-4691
4952,OP,-4692
4953,▁sea,-4693
4954,ownt,-4694
4955,igned,-4695
4956,▁toward,-4696
4957,▁thoughts,-4697
4958,▁CD,-4698
4959,▁Congress,-4699
4960,▁Mike,-4700
4961,▁orders,-4701
4962,▁repe,-4702
4963,▁eating,-4703
4964,▁lose,-4704
4965,▁Cre,-4705
4966,▁century,-4706
4967,▁enjoyed,-4707
4968,▁teacher,-4708
4969,▁slightly,-4709
4970,▁citiz,-4710
4971,▁Only,-4711
4972,▁Hotel,-4712
4973,▁Posted,-4713
4974,▁panel,-4714
4975,▁shel,-4715
4976,▁survey,-4716
4977,▁sch,-4717
4978,▁relationships,-4718
4979,▁shut,-4719
4980,▁AL,-4720
4981,▁walking,-4721
4982,eed,-4722
4983,▁Arts,-4723
4984,while,-4724
4985,▁Louis,-4725
4986,oors,-4726
4987,▁Tre,-4727
4988,▁spl,-4728
4989,een,-4729
4990,▁psych,-4730
4991,▁Author,-4731
4992,▁courses,-4732
4993,▁Security,-4733
4994,▁Trump,-4734
4995,oles,-4735
4996,▁AS,-4736
4997,▁Ham,-4737
4998,▁Centre,-4738
4999,▁filled,-4739
5000,▁earth,-4740
5001,▁Log,-4741
5002,▁environmental,-4742
5003,▁chocolate,-4743
5004,▁fourth,-4744
5005,agram,-4745
5006,New,-4746
5007,▁documents,-4747
5008,▁Frank,-4748
5009,▁optim,-4749
5010,▁colle,-4750
5011,▁notes,-4751
5012,ya,-4752
5013,▁vehicles,-4753
5014,orthern,-4754
5015,▁counter,-4755
5016,yan,-4756
5017,▁Main,-4757
5018,▁innovative,-4758
5019,▁Old,-4759
5020,▁ath,-4760
5021,▁Mont,-4761
5022,▁corporate,-4762
5023,▁Robert,-4763
5024,▁generally,-4764
5025,▁hearing,-4765
5026,▁smaller,-4766
5027,▁Technology,-4767
5028,coh,-4768
5029,▁bon,-4769
5030,▁vs,-4770
5031,olars,-4771
5032,▁landsc,-4772
5033,▁concerns,-4773
5034,kin,-4774
5035,▁honest,-4775
5036,▁becomes,-4776
5037,▁techniques,-4777
5038,orter,-4778
5039,▁adapt,-4779
5040,▁accident,-4780
5041,▁roof,-4781
5042,▁swim,-4782
5043,▁values,-4783
5044,▁library,-4784
5045,▁dur,-4785
5046,▁launched,-4786
5047,▁polic,-4787
5048,▁Dou,-4788
5049,▁Committee,-4789
5050,▁Learn,-4790
5051,rist,-4791
5052,bert,-4792
5053,▁Prov,-4793
5054,no,-4794
5055,▁Conne,-4795
5056,▁enhance,-4796
5057,▁task,-4797
5058,▁helpful,-4798
5059,▁commitment,-4799
5060,▁architect,-4800
5061,▁spect,-4801
5062,▁format,-4802
5063,▁Vict,-4803
5064,▁Series,-4804
5065,▁AND,-4805
5066,▁sav,-4806
5067,▁calc,-4807
5068,▁executive,-4808
5069,▁tend,-4809
5070,▁installation,-4810
5071,▁ur,-4811
5072,▁firstname,-4812
5073,▁tow,-4813
5074,▁fold,-4814
5075,On,-4815
5076,cher,-4816
5077,OD,-4817
5078,▁kid,-4818
5079,▁factors,-4819
5080,▁fuel,-4820
5081,ano,-4821
5082,▁Network,-4822
5083,▁purs,-4823
5084,▁Union,-4824
5085,▁Museum,-4825
5086,azz,-4826
5087,▁south,-4827
5088,▁Virgin,-4828
5089,▁situ,-4829
5090,▁van,-4830
5091,▁matt,-4831
5092,▁north,-4832
5093,▁dance,-4833
5094,osition,-4834
5095,▁UN,-4835
5096,▁flu,-4836
5097,iration,-4837
5098,▁sounds,-4838
5099,▁willing,-4839
5100,▁asking,-4840
5101,▁Land,-4841
5102,ena,-4842
5103,▁Ext,-4843
5104,▁missing,-4844
5105,▁cheese,-4845
5106,po,-4846
5107,bour,-4847
5108,ita,-4848
5109,▁Jul,-4849
5110,▁decisions,-4850
5111,▁agreement,-4851
5112,▁plays,-4852
5113,▁Lord,-4853
5114,▁desk,-4854
5115,▁apart,-4855
5116,▁despite,-4856
5117,▁favour,-4857
5118,▁Wall,-4858
5119,ef,-4859
5120,▁mental,-4860
5121,▁milk,-4861
5122,▁lunch,-4862
5123,▁outdoor,-4863
5124,▁Angeles,-4864
5125,▁truth,-4865
5126,pet,-4866
5127,▁Fun,-4867
5128,ups,-4868
5129,▁Tur,-4869
5130,▁Somet,-4870
5131,▁relevant,-4871
5132,▁absolutely,-4872
5133,▁YOU,-4873
5134,ensions,-4874
5135,▁Ol,-4875
5136,▁identify,-4876
5137,▁expertise,-4877
5138,▁mort,-4878
5139,▁Report,-4879
5140,▁separate,-4880
5141,SA,-4881
5142,▁Den,-4882
5143,▁Place,-4883
5144,usion,-4884
5145,▁joint,-4885
5146,Com,-4886
5147,▁neck,-4887
5148,▁transform,-4888
5149,▁movies,-4889
5150,▁civil,-4890
5151,▁discussion,-4891
5152,▁inspired,-4892
5153,▁Data,-4893
5154,▁thick,-4894
5155,▁Lead,-4895
5156,▁delicious,-4896
5157,▁NOT,-4897
5158,nergy,-4898
5159,▁rid,-4899
5160,▁extensive,-4900
5161,▁consumers,-4901
5162,▁Jun,-4902
5163,▁promote,-4903
5164,▁upcoming,-4904
5165,▁seconds,-4905
5166,▁Ill,-4906
5167,▁register,-4907
5168,▁emergency,-4908
5169,bre,-4909
5170,▁AC,-4910
5171,osen,-4911
5172,gage,-4912
5173,▁photograph,-4913
5174,▁Government,-4914
5175,?”,-4915
5176,▁pal,-4916
5177,▁Aud,-4917
5178,▁delivered,-4918
5179,▁raise,-4919
5180,▁Through,-4920
5181,eline,-4921
5182,▁Pack,-4922
5183,▁bask,-4923
5184,▁controll,-4924
5185,TH,-4925
5186,▁fantastic,-4926
5187,istan,-4927
5188,▁appeal,-4928
5189,▁seeking,-4929
5190,▁chicken,-4930
5191,ipl,-4931
5192,▁Plus,-4932
5193,▁eth,-4933
5194,▁reached,-4934
5195,▁jew,-4935
5196,▁expensive,-4936
5197,▁approximately,-4937
5198,hab,-4938
5199,▁returned,-4939
5200,▁tea,-4940
5201,▁sauce,-4941
5202,REE,-4942
5203,▁connected,-4943
5204,▁winner,-4944
5205,▁waste,-4945
5206,▁stret,-4946
5207,▁academic,-4947
5208,▁seat,-4948
5209,▁radio,-4949
5210,▁Gal,-4950
5211,ternal,-4951
5212,▁datab,-4952
5213,▁fees,-4953
5214,▁brief,-4954
5215,▁combined,-4955
5216,known,-4956
5217,▁chat,-4957
5218,▁registered,-4958
5219,▁Invest,-4959
5220,▁Manager,-4960
5221,▁sets,-4961
5222,▁generation,-4962
5223,atin,-4963
5224,zen,-4964
5225,▁har,-4965
5226,aser,-4966
5227,▁Lim,-4967
5228,▁mostly,-4968
5229,▁poll,-4969
5230,ears,-4970
5231,▁nine,-4971
5232,▁educational,-4972
5233,▁achie,-4973
5234,▁Join,-4974
5235,▁Oper,-4975
5236,▁units,-4976
5237,▁cities,-4977
5238,▁sexual,-4978
5239,uable,-4979
5240,!),-4980
5241,water,-4981
5242,▁topic,-4982
5243,▁adults,-4983
5244,▁Admin,-4984
5245,umin,-4985
5246,cean,-4986
5247,rag,-4987
5248,▁Chief,-4988
5249,▁Children,-4989
5250,▁restrict,-4990
5251,▁feels,-4991
5252,▁tight,-4992
5253,▁edge,-4993
5254,ye,-4994
5255,list,-4995
5256,▁Way,-4996
5257,▁Spring,-4997
5258,▁researc,-4998
5259,▁Contin,-4999
5260,▁square,-5000
5261,▁Mer,-5001
5262,▁Sup,-5002
5263,▁seek,-5003
5264,▁trial,-5004
5265,▁France,-5005
5266,▁confidence,-5006
5267,text,-5007
5268,prise,-5008
5269,▁signs,-5009
5270,▁Const,-5010
5271,▁bringing,-5011
5272,▁Hand,-5012
5273,▁lovely,-5013
5274,▁McC,-5014
5275,▁vir,-5015
5276,▁guest,-5016
5277,▁readers,-5017
5278,▁exchange,-5018
5279,▁NE,-5019
5280,fortunately,-5020
5281,▁defense,-5021
5282,▁Library,-5022
5283,▁presence,-5023
5284,▁dogs,-5024
5285,▁Journal,-5025
5286,kins,-5026
5287,▁centre,-5027
5288,▁operation,-5028
5289,▁ang,-5029
5290,▁recommended,-5030
5291,▁princip,-5031
5292,▁ON,-5032
5293,My,-5033
5294,▁wel,-5034
5295,ae,-5035
5296,▁killed,-5036
5297,▁fruit,-5037
5298,▁rat,-5038
5299,▁foreign,-5039
5300,▁mentioned,-5040
5301,▁Peter,-5041
5302,▁processes,-5042
5303,▁websites,-5043
5304,aks,-5044
5305,▁Upd,-5045
5306,▁tun,-5046
5307,▁Prote,-5047
5308,▁furniture,-5048
5309,▁calling,-5049
5310,▁scr,-5050
5311,▁stars,-5051
5312,reens,-5052
5313,▁struct,-5053
5314,▁switch,-5054
5315,▁tough,-5055
5316,▁majority,-5056
5317,▁Earth,-5057
5318,▁Johnson,-5058
5319,emporary,-5059
5320,▁brands,-5060
5321,▁anywhere,-5061
5322,how,-5062
5323,▁Fund,-5063
5324,▁HD,-5064
5325,burg,-5065
5326,▁prepare,-5066
5327,▁Access,-5067
5328,▁alternative,-5068
5329,▁trees,-5069
5330,irmed,-5070
5331,An,-5071
5332,▁crim,-5072
5333,▁consid,-5073
5334,▁female,-5074
5335,▁Indust,-5075
5336,icians,-5076
5337,When,-5077
5338,othes,-5078
5339,▁distance,-5079
5340,▁disp,-5080
5341,▁Test,-5081
5342,▁ring,-5082
5343,▁Jud,-5083
5344,▁Di,-5084
5345,▁approved,-5085
5346,bu,-5086
5347,rs,-5087
5348,▁stre,-5088
5349,▁instru,-5089
5350,IR,-5090
5351,▁responsibility,-5091
5352,▁surgery,-5092
5353,appy,-5093
5354,atre,-5094
5355,FL,-5095
5356,▁chief,-5096
5357,ulty,-5097
5358,ruit,-5098
5359,▁Cook,-5099
5360,▁rise,-5100
5361,▁married,-5101
5362,▁minimum,-5102
5363,▁battle,-5103
5364,▁satisf,-5104
5365,▁server,-5105
5366,SP,-5106
5367,▁ven,-5107
5368,inch,-5108
5369,ifications,-5109
5370,elines,-5110
5371,▁provider,-5111
5372,▁Master,-5112
5373,▁Sy,-5113
5374,▁Conference,-5114
5375,▁pump,-5115
5376,▁Creat,-5116
5377,▁Mo,-5117
5378,▁dyn,-5118
5379,ius,-5119
5380,▁appearance,-5120
5381,▁feedback,-5121
5382,▁accompl,-5122
5383,▁Cat,-5123
5384,▁Thomas,-5124
5385,▁Rest,-5125
5386,▁Person,-5126
5387,ait,-5127
5388,osis,-5128
5389,van,-5129
5390,▁Link,-5130
5391,ker,-5131
5392,▁conv,-5132
5393,▁Copyright,-5133
5394,▁Those,-5134
5395,▁Western,-5135
5396,otten,-5136
5397,▁cooking,-5137
5398,▁worldwide,-5138
5399,▁Inte,-5139
5400,urd,-5140
5401,▁battery,-5141
5402,▁Er,-5142
5403,▁comprehensive,-5143
5404,▁Canad,-5144
5405,inct,-5145
5406,▁CA,-5146
5407,▁nom,-5147
5408,▁info,-5148
5409,▁Jeff,-5149
5410,▁impl,-5150
5411,▁Price,-5151
5412,▁ment,-5152
5413,oston,-5153
5414,▁teen,-5154
5415,▁highlight,-5155
5416,lets,-5156
5417,IF,-5157
5418,▁wearing,-5158
5419,asks,-5159
5420,▁Cam,-5160
5421,inations,-5161
5422,▁installed,-5162
5423,OC,-5163
5424,alog,-5164
5425,ship,-5165
5426,alend,-5166
5427,▁Squ,-5167
5428,▁maximum,-5168
5429,▁category,-5169
5430,ocket,-5170
5431,▁veter,-5171
5432,▁Bob,-5172
5433,▁Lab,-5173
5434,PR,-5174
5435,▁Ok,-5175
5436,▁apps,-5176
5437,▁purchased,-5177
5438,orry,-5178
5439,▁climate,-5179
5440,▁bike,-5180
5441,▁gather,-5181
5442,▁supporting,-5182
5443,iser,-5183
5444,▁Wal,-5184
5445,▁therefore,-5185
5446,▁Max,-5186
5447,▁scheduled,-5187
5448,itable,-5188
5449,▁chemical,-5189
5450,▁Martin,-5190
5451,▁detailed,-5191
5452,arsh,-5192
5453,▁boost,-5193
5454,nel,-5194
5455,estyle,-5195
5456,▁motiv,-5196
5457,▁audio,-5197
5458,▁Men,-5198
5459,rical,-5199
5460,▁charged,-5200
5461,AY,-5201
5462,▁Sports,-5202
5463,▁sitting,-5203
5464,▁policies,-5204
5465,▁supported,-5205
5466,mond,-5206
5467,west,-5207
5468,▁studio,-5208
5469,▁windows,-5209
5470,▁otherwise,-5210
5471,▁familiar,-5211
5472,▁coast,-5212
5473,▁importance,-5213
5474,▁plug,-5214
5475,▁measures,-5215
5476,cohol,-5216
5477,▁editor,-5217
5478,uts,-5218
5479,▁Saf,-5219
5480,▁properly,-5220
5481,▁featured,-5221
5482,▁Party,-5222
5483,▁appeared,-5223
5484,▁Dev,-5224
5485,▁election,-5225
5486,▁doors,-5226
5487,gment,-5227
5488,▁Live,-5228
5489,▁clearly,-5229
5490,▁Ver,-5230
5491,▁Video,-5231
5492,▁mouth,-5232
5493,▁meal,-5233
5494,ersey,-5234
5495,ENT,-5235
5496,col,-5236
5497,▁Jose,-5237
5498,▁scored,-5238
5499,▁tele,-5239
5500,▁minor,-5240
5501,▁arm,-5241
5502,▁Minister,-5242
5503,▁push,-5243
5504,▁Help,-5244
5505,▁arrange,-5245
5506,▁Festival,-5246
5507,▁Bas,-5247
5508,▁joy,-5248
5509,weight,-5249
5510,▁pregn,-5250
5511,alian,-5251
5512,▁topics,-5252
5513,▁totally,-5253
5514,▁faster,-5254
5515,▁cro,-5255
5516,▁Wild,-5256
5517,▁label,-5257
5518,▁sympt,-5258
5519,▁IP,-5259
5520,▁entertainment,-5260
5521,idden,-5261
5522,rastructure,-5262
5523,roy,-5263
5524,▁predict,-5264
5525,ushed,-5265
5526,▁fif,-5266
5527,but,-5267
5528,▁advertising,-5268
5529,UT,-5269
5530,▁caught,-5270
5531,anda,-5271
5532,▁leads,-5272
5533,▁Soft,-5273
5534,▁Prem,-5274
5535,▁Search,-5275
5536,▁Using,-5276
5537,▁Energy,-5277
5538,▁animal,-5278
5539,▁begins,-5279
5540,▁removed,-5280
5541,▁Champions,-5281
5542,▁Cost,-5282
5543,▁Charl,-5283
5544,▁participate,-5284
5545,▁campus,-5285
5546,▁holding,-5286
5547,▁Americans,-5287
5548,▁coord,-5288
5549,▁Room,-5289
5550,▁cheap,-5290
5551,▁Tour,-5291
5552,▁officer,-5292
5553,▁affordable,-5293
5554,▁ourselves,-5294
5555,▁participants,-5295
5556,▁Kore,-5296
5557,ters,-5297
5558,▁Global,-5298
5559,▁Bi,-5299
5560,erts,-5300
5561,▁tail,-5301
5562,▁Penn,-5302
5563,igr,-5303
5564,ician,-5304
5565,▁quiet,-5305
5566,▁Australian,-5306
5567,▁breakfast,-5307
5568,pected,-5308
5569,▁competitive,-5309
5570,▁valid,-5310
5571,aid,-5311
5572,▁Ul,-5312
5573,▁vent,-5313
5574,▁revenue,-5314
5575,▁performed,-5315
5576,▁sides,-5316
5577,▁Walk,-5317
5578,▁described,-5318
5579,▁teach,-5319
5580,▁ap,-5320
5581,▁rub,-5321
5582,oga,-5322
5583,otic,-5323
5584,▁writer,-5324
5585,ste,-5325
5586,▁university,-5326
5587,prene,-5327
5588,▁featuring,-5328
5589,erg,-5329
5590,▁Pan,-5330
5591,▁sister,-5331
5592,▁technologies,-5332
5593,▁monthly,-5333
5594,vis,-5334
5595,▁birthday,-5335
5596,eries,-5336
5597,▁applied,-5337
5598,▁conduct,-5338
5599,▁Qual,-5339
5600,ournament,-5340
5601,▁victory,-5341
5602,UN,-5342
5603,▁Form,-5343
5604,▁Digital,-5344
5605,▁Joe,-5345
5606,▁African,-5346
5607,▁actions,-5347
5608,▁restaurants,-5348
5609,▁visiting,-5349
5610,▁pu,-5350
5611,▁confirm,-5351
5612,▁Jones,-5352
5613,hus,-5353
5614,▁Germany,-5354
5615,▁Hospital,-5355
5616,▁emp,-5356
5617,▁edition,-5357
5618,▁employee,-5358
5619,▁television,-5359
5620,▁meat,-5360
5621,▁labor,-5361
5622,▁elim,-5362
5623,razy,-5363
5624,▁Fair,-5364
5625,reprene,-5365
5626,▁hundreds,-5366
5627,▁Haw,-5367
5628,▁CH,-5368
5629,▁shoes,-5369
5630,▁dish,-5370
5631,ighter,-5371
5632,▁unless,-5372
5633,hew,-5373
5634,paper,-5374
5635,▁scale,-5375
5636,tered,-5376
5637,▁conversation,-5377
5638,mosp,-5378
5639,verse,-5379
5640,ulous,-5380
5641,ixture,-5381
5642,orough,-5382
5643,▁eventually,-5383
5644,▁strategies,-5384
5645,▁icon,-5385
5646,▁depending,-5386
5647,▁intended,-5387
5648,▁nav,-5388
5649,▁bond,-5389
5650,▁mel,-5390
5651,arp,-5391
5652,▁opinion,-5392
5653,aded,-5393
5654,▁county,-5394
5655,▁rom,-5395
5656,▁housing,-5396
5657,GB,-5397
5658,▁shap,-5398
5659,▁ign,-5399
5660,ario,-5400
5661,▁Young,-5401
5662,yc,-5402
5663,▁dim,-5403
5664,▁compar,-5404
5665,▁Maybe,-5405
5666,▁reliable,-5406
5667,▁neighborhood,-5407
5668,▁Ce,-5408
5669,den,-5409
5670,with,-5410
5671,▁episode,-5411
5672,▁investigation,-5412
5673,▁inches,-5413
5674,▁lights,-5414
5675,▁corn,-5415
5676,▁Boston,-5416
5677,▁behavior,-5417
5678,▁flowers,-5418
5679,▁AT,-5419
5680,▁nor,-5420
5681,▁marriage,-5421
5682,inating,-5422
5683,▁Id,-5423
5684,▁planned,-5424
5685,▁boys,-5425
5686,ht,-5426
5687,▁seemed,-5427
5688,Our,-5428
5689,▁Ari,-5429
5690,▁Opt,-5430
5691,▁occasion,-5431
5692,▁resource,-5432
5693,bol,-5433
5694,▁Mid,-5434
5695,merce,-5435
5696,▁Commun,-5436
5697,NA,-5437
5698,▁celebrate,-5438
5699,▁indic,-5439
5700,▁vary,-5440
5701,▁cutting,-5441
5702,hi,-5442
5703,▁Hy,-5443
5704,▁amb,-5444
5705,berry,-5445
5706,▁interior,-5446
5707,▁alle,-5447
5708,MA,-5448
5709,▁deals,-5449
5710,▁consumer,-5450
5711,▁German,-5451
5712,▁depos,-5452
5713,achel,-5453
5714,▁internal,-5454
5715,▁Cert,-5455
5716,▁essay,-5456
5717,▁dollars,-5457
5718,▁Meet,-5458
5719,▁sessions,-5459
5720,▁wal,-5460
5721,▁chart,-5461
5722,▁introduced,-5462
5723,▁administration,-5463
5724,▁cells,-5464
5725,▁delight,-5465
5726,▁Carolina,-5466
5727,▁improved,-5467
5728,▁remaining,-5468
5729,▁mir,-5469
5730,▁remote,-5470
5731,uke,-5471
5732,▁Academy,-5472
5733,▁covers,-5473
5734,▁noted,-5474
5735,▁Secret,-5475
5736,);,-5476
5737,▁twe,-5477
5738,hent,-5478
5739,lock,-5479
5740,odies,-5480
5741,▁basket,-5481
5742,▁appointment,-5482
5743,ushing,-5483
5744,▁accounts,-5484
5745,▁exclusive,-5485
5746,▁Orig,-5486
5747,iat,-5487
5748,▁concent,-5488
5749,▁liqu,-5489
5750,▁boat,-5490
5751,▁bread,-5491
5752,▁Pac,-5492
5753,▁manufacturing,-5493
5754,▁Boy,-5494
5755,▁cultural,-5495
5756,lymp,-5496
5757,▁Girl,-5497
5758,▁Tit,-5498
5759,▁species,-5499
5760,▁fly,-5500
5761,otton,-5501
5762,oration,-5502
5763,gas,-5503
5764,inter,-5504
5765,▁Hope,-5505
5766,▁breast,-5506
5767,abet,-5507
5768,▁fle,-5508
5769,▁warrant,-5509
5770,▁Jon,-5510
5771,owntown,-5511
5772,▁argu,-5512
5773,▁anc,-5513
5774,▁perfectly,-5514
5775,ala,-5515
5776,▁recovery,-5516
5777,▁fields,-5517
5778,▁Mic,-5518
5779,▁incredible,-5519
5780,▁typically,-5520
5781,▁guarantee,-5521
5782,▁freed,-5522
5783,▁broken,-5523
5784,▁flight,-5524
5785,▁aspects,-5525
5786,▁discovered,-5526
5787,elly,-5527
5788,▁MP,-5528
5789,▁commission,-5529
5790,▁rule,-5530
5791,▁honor,-5531
5792,▁Coast,-5532
5793,▁negative,-5533
5794,tters,-5534
5795,ias,-5535
5796,▁Victor,-5536
5797,▁specifically,-5537
5798,▁Japanese,-5538
5799,▁MS,-5539
5800,▁volume,-5540
5801,mes,-5541
5802,▁Lee,-5542
5803,cm,-5543
5804,▁depart,-5544
5805,▁shares,-5545
5806,▁magazine,-5546
5807,▁Gen,-5547
5808,▁cop,-5548
5809,▁Steve,-5549
5810,How,-5550
5811,eper,-5551
5812,ris,-5552
5813,▁components,-5553
5814,▁shooting,-5554
5815,▁possibly,-5555
5816,unting,-5556
5817,▁Federal,-5557
5818,▁hyd,-5558
5819,Pro,-5559
5820,ords,-5560
5821,▁invent,-5561
5822,▁missed,-5562
5823,▁cake,-5563
5824,▁automatically,-5564
5825,▁revealed,-5565
5826,▁picked,-5566
5827,▁bedroom,-5567
5828,▁oven,-5568
5829,▁Assist,-5569
5830,▁industrial,-5570
5831,▁AR,-5571
5832,▁Human,-5572
5833,▁quot,-5573
5834,cont,-5574
5835,▁Kn,-5575
5836,away,-5576
5837,poses,-5577
5838,▁forg,-5578
5839,▁Box,-5579
5840,▁moments,-5580
5841,edia,-5581
5842,▁issued,-5582
5843,▁golf,-5583
5844,CE,-5584
5845,ora,-5585
5846,▁league,-5586
5847,arks,-5587
5848,▁crew,-5588
5849,▁contest,-5589
5850,▁Def,-5590
5851,▁Sar,-5591
5852,▁Mexico,-5592
5853,▁twice,-5593
5854,aren,-5594
5855,▁Lt,-5595
5856,▁Ohio,-5596
5857,hand,-5597
5858,weet,-5598
5859,▁End,-5599
5860,▁doubt,-5600
5861,▁Second,-5601
5862,▁decades,-5602
5863,▁painting,-5603
5864,▁aid,-5604
5865,▁debt,-5605
5866,▁weap,-5606
5867,VD,-5607
5868,▁burn,-5608
5869,bur,-5609
5870,▁practical,-5610
5871,▁Brand,-5611
5872,▁chain,-5612
5873,▁Type,-5613
5874,▁engineering,-5614
5875,▁Virginia,-5615
5876,▁Know,-5616
5877,▁draft,-5617
5878,▁answers,-5618
5879,▁Night,-5619
5880,▁partnership,-5620
5881,▁choices,-5621
5882,▁buildings,-5622
5883,▁confirmed,-5623
5884,ailability,-5624
5885,▁drivers,-5625
5886,▁FREE,-5626
5887,eler,-5627
5888,iors,-5628
5889,▁Cast,-5629
5890,▁Instead,-5630
5891,▁arrived,-5631
5892,▁spr,-5632
5893,▁trading,-5633
5894,Ex,-5634
5895,which,-5635
5896,▁premium,-5636
5897,▁sizes,-5637
5898,▁earned,-5638
5899,▁Williams,-5639
5900,▁ends,-5640
5901,▁evalu,-5641
5902,oking,-5642
5903,▁Students,-5643
5904,▁paying,-5644
5905,▁athlet,-5645
5906,▁Gar,-5646
5907,▁foods,-5647
5908,▁Applic,-5648
5909,▁Little,-5649
5910,Al,-5650
5911,▁Tem,-5651
5912,▁grade,-5652
5913,▁ticket,-5653
5914,▁keeps,-5654
5915,▁bigger,-5655
5916,iability,-5656
5917,▁beer,-5657
5918,▁teeth,-5658
5919,▁candidates,-5659
5920,▁ris,-5660
5921,▁elig,-5661
5922,▁turns,-5662
5923,▁Executive,-5663
5924,idays,-5664
5925,▁Equ,-5665
5926,▁chosen,-5666
5927,mar,-5667
5928,▁films,-5668
5929,▁organic,-5669
5930,wing,-5670
5931,flow,-5671
5932,▁Olymp,-5672
5933,rier,-5673
5934,▁sequ,-5674
5935,▁tests,-5675
5936,▁tomorrow,-5676
5937,lywood,-5677
5938,▁license,-5678
5939,TC,-5679
5940,▁thus,-5680
5941,▁Does,-5681
5942,iamond,-5682
5943,▁citizens,-5683
5944,▁regularly,-5684
5945,itionally,-5685
5946,▁ec,-5686
5947,urban,-5687
5948,▁tells,-5688
5949,▁Michigan,-5689
5950,cious,-5690
5951,▁bathroom,-5691
5952,▁nurs,-5692
5953,gend,-5693
5954,▁apparent,-5694
5955,SS,-5695
5956,ien,-5696
5957,▁Hard,-5697
5958,▁Mult,-5698
5959,▁desire,-5699
5960,▁Italian,-5700
5961,▁pepper,-5701
5962,▁island,-5702
5963,▁agent,-5703
5964,atoes,-5704
5965,▁suitable,-5705
5966,gs,-5706
5967,▁Games,-5707
5968,▁lived,-5708
5969,▁considering,-5709
5970,▁ran,-5710
5971,▁atmosp,-5711
5972,uits,-5712
5973,▁Control,-5713
5974,▁Trust,-5714
5975,▁Farm,-5715
5976,▁Key,-5716
5977,▁symptoms,-5717
5978,▁database,-5718
5979,road,-5719
5980,▁whom,-5720
5981,▁realize,-5721
5982,zy,-5722
5983,▁attorney,-5723
5984,▁dining,-5724
5985,▁mine,-5725
5986,▁appreciate,-5726
5987,▁instructions,-5727
5988,▁failed,-5728
5989,▁purposes,-5729
5990,No,-5730
5991,▁Econom,-5731
5992,▁dates,-5732
5993,ibilities,-5733
5994,▁injuries,-5734
5995,▁Quest,-5735
5996,ilit,-5736
5997,rupt,-5737
5998,ua,-5738
5999,▁fro,-5739
6000,▁inn,-5740
6001,▁Cath,-5741
6002,tra,-5742
6003,▁Product,-5743
6004,▁processing,-5744
6005,▁registration,-5745
6006,▁mode,-5746
6007,TA,-5747
6008,▁circum,-5748
6009,▁element,-5749
6010,▁Ut,-5750
6011,▁stated,-5751
6012,▁Did,-5752
6013,▁researchers,-5753
6014,▁degrees,-5754
6015,▁returns,-5755
6016,▁messages,-5756
6017,▁protected,-5757
6018,▁ages,-5758
6019,▁loves,-5759
6020,▁forced,-5760
6021,▁rapid,-5761
6022,▁affected,-5762
6023,▁valuable,-5763
6024,hetic,-5764
6025,fection,-5765
6026,▁yes,-5766
6027,▁Pass,-5767
6028,▁submit,-5768
6029,▁Code,-5769
6030,pass,-5770
6031,▁Bal,-5771
6032,▁reference,-5772
6033,▁presentation,-5773
6034,▁settings,-5774
6035,▁Bra,-5775
6036,▁Sher,-5776
6037,ria,-5777
6038,▁pure,-5778
6039,▁incident,-5779
6040,!”,-5780
6041,▁Mur,-5781
6042,▁musical,-5782
6043,▁soul,-5783
6044,▁distribution,-5784
6045,abled,-5785
6046,▁renew,-5786
6047,▁History,-5787
6048,▁gro,-5788
6049,uous,-5789
6050,▁resol,-5790
6051,▁thread,-5791
6052,▁cabin,-5792
6053,▁SP,-5793
6054,▁supports,-5794
6055,▁accurate,-5795
6056,acle,-5796
6057,▁Rev,-5797
6058,TV,-5798
6059,irms,-5799
6060,rick,-5800
6061,lights,-5801
6062,▁Cross,-5802
6063,▁greatest,-5803
6064,▁Middle,-5804
6065,▁Page,-5805
6066,▁belong,-5806
6067,▁providers,-5807
6068,▁Expl,-5808
6069,▁Point,-5809
6070,▁recorded,-5810
6071,▁goods,-5811
6072,alendar,-5812
6073,otal,-5813
6074,▁surrounding,-5814
6075,▁owned,-5815
6076,▁surf,-5816
6077,vy,-5817
6078,▁Three,-5818
6079,▁trend,-5819
6080,▁surprise,-5820
6081,fficient,-5821
6082,▁apartment,-5822
6083,▁Enjoy,-5823
6084,▁Canadian,-5824
6085,oosing,-5825
6086,▁Ire,-5826
6087,▁explain,-5827
6088,spe,-5828
6089,▁agencies,-5829
6090,▁hero,-5830
6091,▁error,-5831
6092,▁Travel,-5832
6093,vell,-5833
6094,what,-5834
6095,▁reserved,-5835
6096,▁tack,-5836
6097,▁fellow,-5837
6098,▁die,-5838
6099,▁enable,-5839
6100,▁Current,-5840
6101,▁intellig,-5841
6102,phas,-5842
6103,anche,-5843
6104,▁dial,-5844
6105,▁reput,-5845
6106,ansas,-5846
6107,▁infrastructure,-5847
6108,▁route,-5848
6109,▁therapy,-5849
6110,▁investors,-5850
6111,▁script,-5851
6112,▁receiving,-5852
6113,▁proposed,-5853
6114,LA,-5854
6115,cles,-5855
6116,made,-5856
6117,ennis,-5857
6118,▁Sn,-5858
6119,kes,-5859
6120,▁convenient,-5860
6121,▁quant,-5861
6122,▁perman,-5862
6123,▁sad,-5863
6124,▁Kh,-5864
6125,▁config,-5865
6126,▁holds,-5866
6127,ribe,-5867
6128,▁ped,-5868
6129,▁Made,-5869
6130,▁grown,-5870
6131,related,-5871
6132,▁standing,-5872
6133,ocal,-5873
6134,▁FOR,-5874
6135,▁arts,-5875
6136,real,-5876
6137,▁Georg,-5877
6138,itage,-5878
6139,▁jack,-5879
6140,▁spokes,-5880
6141,▁Mat,-5881
6142,▁Comple,-5882
6143,▁Richard,-5883
6144,▁pleased,-5884
6145,▁usual,-5885
6146,▁crime,-5886
6147,▁influence,-5887
6148,rete,-5888
6149,▁wid,-5889
6150,intage,-5890
6151,luding,-5891
6152,anish,-5892
6153,lyn,-5893
6154,▁Requ,-5894
6155,SE,-5895
6156,▁grad,-5896
6157,▁ongoing,-5897
6158,▁supposed,-5898
6159,▁diverse,-5899
6160,▁sam,-5900
6161,▁trouble,-5901
6162,▁Instagram,-5902
6163,iated,-5903
6164,▁Chair,-5904
6165,▁awareness,-5905
6166,EST,-5906
6167,▁creation,-5907
6168,astern,-5908
6169,▁Columb,-5909
6170,▁plate,-5910
6171,▁mini,-5911
6172,PM,-5912
6173,oup,-5913
6174,yers,-5914
6175,▁Gra,-5915
6176,▁stopped,-5916
6177,▁Royal,-5917
6178,erves,-5918
6179,▁effectively,-5919
6180,▁Inf,-5920
6181,BI,-5921
6182,hors,-5922
6183,▁Cas,-5923
6184,▁moist,-5924
6185,▁everyday,-5925
6186,▁wheel,-5926
6187,They,-5927
6188,▁Paris,-5928
6189,▁affili,-5929
6190,▁prison,-5930
6191,▁electronic,-5931
6192,▁Need,-5932
6193,▁closer,-5933
6194,All,-5934
6195,▁designer,-5935
6196,▁efficiency,-5936
6197,▁disappoint,-5937
6198,▁rot,-5938
6199,iner,-5939
6200,▁enthus,-5940
6201,▁obtain,-5941
6202,▁violence,-5942
6203,.|,-5943
6204,▁bound,-5944
6205,▁Share,-5945
6206,▁administr,-5946
6207,▁flour,-5947
6208,print,-5948
6209,▁Asia,-5949
6210,person,-5950
6211,▁silver,-5951
6212,▁WH,-5952
6213,▁Cred,-5953
6214,▁Jackson,-5954
6215,▁forces,-5955
6216,cue,-5956
6217,▁judge,-5957
6218,▁officers,-5958
6219,▁poly,-5959
6220,▁facing,-5960
6221,ev,-5961
6222,▁interests,-5962
6223,▁yellow,-5963
6224,ache,-5964
6225,▁lit,-5965
6226,▁concerned,-5966
6227,▁knowing,-5967
6228,profit,-5968
6229,▁rough,-5969
6230,anger,-5970
6231,isters,-5971
6232,▁photograp,-5972
6233,ums,-5973
6234,▁subscrib,-5974
6235,ella,-5975
6236,▁Four,-5976
6237,▁stone,-5977
6238,▁Ken,-5978
6239,oes,-5979
6240,▁Ell,-5980
6241,ani,-5981
6242,▁Wr,-5982
6243,ospit,-5983
6244,▁occup,-5984
6245,▁meetings,-5985
6246,▁Rose,-5986
6247,▁pun,-5987
6248,▁causes,-5988
6249,▁fort,-5989
6250,▁Santa,-5990
6251,▁pod,-5991
6252,▁tro,-5992
6253,And,-5993
6254,▁Dom,-5994
6255,orable,-5995
6256,▁Visit,-5996
6257,poration,-5997
6258,▁agreed,-5998
6259,▁Try,-5999
6260,udden,-6000
6261,▁advoc,-6001
6262,▁Daniel,-6002
6263,▁Francisco,-6003
6264,sembly,-6004
6265,igration,-6005
6266,▁leather,-6006
6267,▁collaboration,-6007
6268,▁der,-6008
6269,▁manner,-6009
6270,▁Store,-6010
6271,umes,-6011
6272,▁logo,-6012
6273,▁treated,-6013
6274,▁channel,-6014
6275,▁native,-6015
6276,▁criminal,-6016
6277,▁hook,-6017
6278,▁licens,-6018
6279,▁virtual,-6019
6280,▁Colorado,-6020
6281,▁favourite,-6021
6282,DS,-6022
6283,under,-6023
6284,▁Right,-6024
6285,▁mur,-6025
6286,▁Size,-6026
6287,▁shock,-6027
6288,Con,-6028
6289,never,-6029
6290,▁Blog,-6030
6291,irty,-6031
6292,yard,-6032
6293,▁extended,-6033
6294,Be,-6034
6295,▁spaces,-6035
6296,▁stretch,-6036
6297,▁styles,-6037
6298,▁row,-6038
6299,▁emotional,-6039
6300,▁cute,-6040
6301,▁Rights,-6041
6302,▁recognized,-6042
6303,uction,-6043
6304,▁Daily,-6044
6305,▁stands,-6045
6306,▁Van,-6046
6307,ucle,-6047
6308,oses,-6048
6309,▁lighting,-6049
6310,▁determined,-6050
6311,▁Perform,-6051
6312,▁challenging,-6052
6313,anges,-6053
6314,OVID,-6054
6315,▁iron,-6055
6316,▁successfully,-6056
6317,ansion,-6057
6318,aration,-6058
6319,▁witness,-6059
6320,▁simpl,-6060
6321,▁follows,-6061
6322,▁speech,-6062
6323,▁complic,-6063
6324,arian,-6064
6325,▁alcohol,-6065
6326,ployment,-6066
6327,▁dangerous,-6067
6328,▁talks,-6068
6329,ench,-6069
6330,FC,-6070
6331,alled,-6071
6332,▁debut,-6072
6333,quality,-6073
6334,EE,-6074
6335,▁phil,-6075
6336,▁Photo,-6076
6337,anged,-6077
6338,▁drugs,-6078
6339,▁identified,-6079
6340,ello,-6080
6341,▁crisis,-6081
6342,▁Andrew,-6082
6343,▁height,-6083
6344,▁SH,-6084
6345,etime,-6085
6346,ppers,-6086
6347,▁Lo,-6087
6348,actions,-6088
6349,▁candidate,-6089
6350,▁serves,-6090
6351,▁Ro,-6091
6352,▁clothes,-6092
6353,▁accessible,-6093
6354,▁Southern,-6094
6355,▁powder,-6095
6356,▁syn,-6096
6357,▁grab,-6097
6358,pond,-6098
6359,▁vacation,-6099
6360,▁conflic,-6100
6361,▁du,-6101
6362,▁Low,-6102
6363,iveness,-6103
6364,▁walls,-6104
6365,lo,-6105
6366,▁Summer,-6106
6367,▁Russian,-6107
6368,▁weekly,-6108
6369,▁mixture,-6109
6370,▁household,-6110
6371,▁tut,-6111
6372,case,-6112
6373,▁involve,-6113
6374,▁payments,-6114
6375,▁conducted,-6115
6376,▁Mean,-6116
6377,▁inspiration,-6117
6378,Un,-6118
6379,▁hardware,-6119
6380,ancer,-6120
6381,▁functions,-6121
6382,Ar,-6122
6383,▁male,-6123
6384,▁Cy,-6124
6385,▁Ryan,-6125
6386,▁cock,-6126
6387,▁mixed,-6127
6388,▁browser,-6128
6389,▁graduate,-6129
6390,utch,-6130
6391,▁likes,-6131
6392,▁Die,-6132
6393,▁Hor,-6133
6394,▁imagine,-6134
6395,▁Ep,-6135
6396,▁horse,-6136
6397,▁Guide,-6137
6398,▁turning,-6138
6399,▁reduced,-6139
6400,▁kinds,-6140
6401,▁stunning,-6141
6402,▁assets,-6142
6403,▁freedom,-6143
6404,▁tur,-6144
6405,▁healthcare,-6145
6406,illy,-6146
6407,adium,-6147
6408,▁ok,-6148
6409,rition,-6149
6410,▁sample,-6150
6411,▁gear,-6151
6412,▁matters,-6152
6413,▁clinical,-6153
6414,▁Ltd,-6154
6415,▁worse,-6155
6416,▁Hen,-6156
6417,folio,-6157
6418,▁Number,-6158
6419,▁Marketing,-6159
6420,can,-6160
6421,tle,-6161
6422,▁Local,-6162
6423,▁massive,-6163
6424,▁construct,-6164
6425,Don,-6165
6426,▁tou,-6166
6427,▁happening,-6167
6428,▁cable,-6168
6429,▁password,-6169
6430,▁constantly,-6170
6431,secut,-6171
6432,acking,-6172
6433,ington,-6173
6434,▁expectations,-6174
6435,▁Wi,-6175
6436,▁Turn,-6176
6437,writ,-6177
6438,▁Ireland,-6178
6439,iece,-6179
6440,▁odd,-6180
6441,▁univers,-6181
6442,▁explained,-6182
6443,GE,-6183
6444,▁advis,-6184
6445,▁prompt,-6185
6446,▁factor,-6186
6447,▁fitness,-6187
6448,▁gifts,-6188
6449,▁Senate,-6189
6450,▁accepted,-6190
6451,▁millions,-6191
6452,▁nearby,-6192
6453,▁Area,-6193
6454,▁Hon,-6194
6455,▁fixed,-6195
6456,▁Sometimes,-6196
6457,▁Coll,-6197
6458,▁crazy,-6198
6459,▁Scot,-6199
6460,▁innovation,-6200
6461,▁bless,-6201
6462,▁champions,-6202
6463,▁procedures,-6203
6464,hy,-6204
6465,▁forest,-6205
6466,izz,-6206
6467,▁perspective,-6207
6468,▁patterns,-6208
6469,▁employment,-6209
6470,liance,-6210
6471,▁impressive,-6211
6472,▁Lin,-6212
6473,▁shots,-6213
6474,▁taught,-6214
6475,rip,-6215
6476,▁funny,-6216
6477,▁Small,-6217
6478,▁rand,-6218
6479,▁telling,-6219
6480,▁positions,-6220
6481,letter,-6221
6482,▁Ash,-6222
6483,▁Division,-6223
6484,▁improvement,-6224
6485,▁confident,-6225
6486,▁committee,-6226
6487,▁sustainable,-6227
6488,▁emphas,-6228
6489,▁context,-6229
6490,▁regional,-6230
6491,▁tag,-6231
6492,▁hoping,-6232
6493,▁lift,-6233
6494,▁mal,-6234
6495,▁outstanding,-6235
6496,▁speaking,-6236
6497,xy,-6237
6498,▁auto,-6238
6499,forcement,-6239
6500,▁Run,-6240
6501,▁Print,-6241
6502,lines,-6242
6503,▁negot,-6243
6504,▁recipes,-6244
6505,▁folks,-6245
6506,bal,-6246
6507,▁lifestyle,-6247
6508,▁luxury,-6248
6509,▁Pot,-6249
6510,▁Tay,-6250
6511,▁Which,-6251
6512,ban,-6252
6513,ampion,-6253
6514,unction,-6254
6515,▁Available,-6255
6516,▁adventure,-6256
6517,▁grew,-6257
6518,Bl,-6258
6519,▁Despite,-6259
6520,▁alleged,-6260
6521,▁Nick,-6261
6522,▁village,-6262
6523,▁flavor,-6263
6524,▁Jersey,-6264
6525,▁publish,-6265
6526,▁resolution,-6266
6527,▁contemporary,-6267
6528,▁losing,-6268
6529,▁guard,-6269
6530,▁Though,-6270
6531,▁figures,-6271
6532,▁Financial,-6272
6533,orgeous,-6273
6534,▁Bon,-6274
6535,▁Cond,-6275
6536,▁Russia,-6276
6537,▁excess,-6277
6538,▁replacement,-6278
6539,▁adds,-6279
6540,▁upper,-6280
6541,ERS,-6281
6542,▁vit,-6282
6543,▁Training,-6283
6544,▁originally,-6284
6545,▁hits,-6285
6546,▁kill,-6286
6547,▁Building,-6287
6548,▁carefully,-6288
6549,Tube,-6289
6550,aduate,-6290
6551,mary,-6291
6552,▁abuse,-6292
6553,▁ol,-6293
6554,▁guitar,-6294
6555,▁severe,-6295
6556,▁scholars,-6296
6557,▁tab,-6297
6558,▁Connect,-6298
6559,▁programme,-6299
6560,▁Name,-6300
6561,▁decre,-6301
6562,▁taxes,-6302
6563,ml,-6303
6564,▁eleg,-6304
6565,▁Heart,-6305
6566,▁MA,-6306
6567,▁examples,-6307
6568,▁Works,-6308
6569,So,-6309
6570,iversary,-6310
6571,▁noticed,-6311
6572,▁Oil,-6312
6573,▁illustr,-6313
6574,▁awards,-6314
6575,▁solar,-6315
6576,ikes,-6316
6577,▁yards,-6317
6578,▁carried,-6318
6579,▁significantly,-6319
6580,eller,-6320
6581,ulture,-6321
6582,▁Drive,-6322
6583,▁tonight,-6323
6584,iami,-6324
6585,▁arrested,-6325
6586,▁attended,-6326
6587,▁Country,-6327
6588,▁Environment,-6328
6589,rics,-6329
6590,▁Dog,-6330
6591,▁Awards,-6331
6592,racts,-6332
6593,▁supplies,-6333
6594,rid,-6334
6595,▁fulf,-6335
6596,▁Clean,-6336
6597,▁Rom,-6337
6598,lete,-6338
6599,▁bottle,-6339
6600,▁houses,-6340
6601,LY,-6341
6602,▁Italy,-6342
6603,▁procedure,-6343
6604,▁dram,-6344
6605,▁wash,-6345
6606,▁output,-6346
6607,▁clothing,-6347
6608,anna,-6348
6609,▁coc,-6349
6610,▁reporting,-6350
6611,▁Fed,-6351
6612,enced,-6352
6613,▁wealth,-6353
6614,▁Writ,-6354
6615,▁rear,-6355
6616,▁Mobile,-6356
6617,front,-6357
6618,hered,-6358
6619,▁Senior,-6359
6620,▁domestic,-6360
6621,▁transportation,-6361
6622,▁random,-6362
6623,eration,-6363
6624,▁Avenue,-6364
6625,▁circumst,-6365
6626,▁dropped,-6366
6627,▁ease,-6367
6628,▁invited,-6368
6629,rad,-6369
6630,state,-6370
6631,▁atmosphere,-6371
6632,▁entreprene,-6372
6633,ATE,-6373
6634,Is,-6374
6635,▁depth,-6375
6636,obs,-6376
6637,rum,-6377
6638,▁regul,-6378
6639,▁Garden,-6379
6640,▁Select,-6380
6641,▁trained,-6381
6642,▁Bul,-6382
6643,oral,-6383
6644,ca,-6384
6645,▁root,-6385
6646,▁upload,-6386
6647,▁bags,-6387
6648,▁command,-6388
6649,▁integrated,-6389
6650,emic,-6390
6651,LS,-6391
6652,▁eggs,-6392
6653,▁Further,-6393
6654,▁Luc,-6394
6655,pret,-6395
6656,▁council,-6396
6657,▁Kim,-6397
6658,▁laugh,-6398
6659,▁baking,-6399
6660,▁thin,-6400
6661,▁festival,-6401
6662,ether,-6402
6663,▁Ca,-6403
6664,▁Spanish,-6404
6665,▁Sky,-6405
6666,▁authent,-6406
6667,▁OS,-6407
6668,▁Tech,-6408
6669,▁ordered,-6409
6670,ayer,-6410
6671,irts,-6411
6672,▁cycle,-6412
6673,▁Having,-6413
6674,▁Ha,-6414
6675,▁Buy,-6415
6676,▁trends,-6416
6677,▁broadcast,-6417
6678,▁foundation,-6418
6679,▁Harr,-6419
6680,▁identity,-6420
6681,iana,-6421
6682,hire,-6422
6683,▁sole,-6423
6684,▁blow,-6424
6685,▁Ref,-6425
6686,▁tall,-6426
6687,▁tech,-6427
6688,acked,-6428
6689,▁tiny,-6429
6690,▁medicine,-6430
6691,▁pil,-6431
6692,▁shift,-6432
6693,▁museum,-6433
6694,▁fishing,-6434
6695,▁Professor,-6435
6696,▁cups,-6436
6697,▁smile,-6437
6698,▁herself,-6438
6699,▁Safety,-6439
6700,luded,-6440
6701,▁reward,-6441
6702,sm,-6442
6703,▁lad,-6443
6704,ificate,-6444
6705,▁casino,-6445
6706,▁tested,-6446
6707,▁Proper,-6447
6708,oster,-6448
6709,▁tap,-6449
6710,▁sheet,-6450
6711,▁?,-6451
6712,▁carbon,-6452
6713,stone,-6453
6714,inem,-6454
6715,host,-6455
6716,asts,-6456
6717,▁vibr,-6457
6718,▁tasks,-6458
6719,▁entirely,-6459
6720,ossible,-6460
6721,▁spin,-6461
6722,▁Dub,-6462
6723,▁Account,-6463
6724,va,-6464
6725,osite,-6465
6726,▁landscape,-6466
6727,▁pink,-6467
6728,▁photography,-6468
6729,▁Members,-6469
6730,▁protein,-6470
6731,▁routine,-6471
6732,▁Ent,-6472
6733,AA,-6473
6734,▁anx,-6474
6735,▁symbol,-6475
6736,"?""",-6476
6737,▁AD,-6477
6738,▁rose,-6478
6739,▁rating,-6479
6740,▁retire,-6480
6741,▁failure,-6481
6742,awn,-6482
6743,▁Ford,-6483
6744,▁input,-6484
6745,▁qualified,-6485
6746,▁offices,-6486
6747,▁san,-6487
6748,comes,-6488
6749,▁profit,-6489
6750,▁printed,-6490
6751,inder,-6491
6752,▁weak,-6492
6753,remony,-6493
6754,▁fo,-6494
6755,▁Georgia,-6495
6756,▁engage,-6496
6757,▁DC,-6497
6758,▁PS,-6498
6759,▁Never,-6499
6760,▁glad,-6500
6761,▁description,-6501
6762,rate,-6502
6763,▁historical,-6503
6764,▁unf,-6504
6765,▁wet,-6505
6766,▁Silver,-6506
6767,agues,-6507
6768,ATION,-6508
6769,▁Jenn,-6509
6770,▁Want,-6510
6771,▁assessment,-6511
6772,iano,-6512
6773,▁Shop,-6513
6774,▁chapter,-6514
6775,▁singles,-6515
6776,▁mountain,-6516
6777,ERE,-6517
6778,pat,-6518
6779,▁authorities,-6519
6780,▁searching,-6520
6781,▁machines,-6521
6782,uting,-6522
6783,▁guidance,-6523
6784,▁SU,-6524
6785,▁hang,-6525
6786,▁EU,-6526
6787,▁Phone,-6527
6788,sen,-6528
6789,▁Fre,-6529
6790,riends,-6530
6791,enger,-6531
6792,▁COVID,-6532
6793,▁Still,-6533
6794,▁scientific,-6534
6795,▁critic,-6535
6796,▁vital,-6536
6797,.’,-6537
6798,eding,-6538
6799,▁residential,-6539
6800,▁Pop,-6540
6801,▁Mach,-6541
6802,▁bonus,-6542
6803,▁column,-6543
6804,zer,-6544
6805,▁Non,-6545
6806,▁river,-6546
6807,▁Fac,-6547
6808,▁Tax,-6548
6809,▁faculty,-6549
6810,▁Republican,-6550
6811,ogue,-6551
6812,vate,-6552
6813,▁layer,-6553
6814,With,-6554
6815,▁none,-6555
6816,▁bear,-6556
6817,▁thorough,-6557
6818,▁kne,-6558
6819,▁Disney,-6559
6820,▁airport,-6560
6821,▁Zeal,-6561
6822,▁believes,-6562
6823,▁rail,-6563
6824,▁certified,-6564
6825,"!""",-6565
6826,osoph,-6566
6827,▁hasn,-6567
6828,▁assign,-6568
6829,ially,-6569
6830,▁Beaut,-6570
6831,’.,-6571
6832,▁Ariz,-6572
6833,▁filed,-6573
6834,bi,-6574
6835,▁Field,-6575
6836,▁equal,-6576
6837,▁hosting,-6577
6838,▁platforms,-6578
6839,▁YouTube,-6579
6840,▁Aff,-6580
6841,Le,-6581
6842,▁founded,-6582
6843,▁improving,-6583
6844,▁Far,-6584
6845,friendly,-6585
6846,▁Looking,-6586
6847,PC,-6587
6848,▁rac,-6588
6849,▁attacks,-6589
6850,▁Mountain,-6590
6851,▁accessories,-6591
6852,▁skill,-6592
6853,▁entered,-6593
6854,▁entr,-6594
6855,▁dental,-6595
6856,▁unlike,-6596
6857,▁versions,-6597
6858,▁Son,-6598
6859,▁letters,-6599
6860,oval,-6600
6861,▁awarded,-6601
6862,▁sac,-6602
6863,▁Sus,-6603
6864,▁sick,-6604
6865,▁tournament,-6605
6866,cers,-6606
6867,long,-6607
6868,▁Leg,-6608
6869,▁terror,-6609
6870,▁Space,-6610
6871,▁Put,-6611
6872,▁Braz,-6612
6873,▁conver,-6613
6874,▁informed,-6614
6875,▁Systems,-6615
6876,▁hopes,-6616
6877,▁Kent,-6617
6878,▁vend,-6618
6879,erse,-6619
6880,▁Supp,-6620
6881,▁cooper,-6621
6882,▁Easy,-6622
6883,▁DVD,-6623
6884,▁delay,-6624
6885,▁Charles,-6625
6886,Se,-6626
6887,▁managing,-6627
6888,▁ille,-6628
6889,▁Fox,-6629
6890,▁Should,-6630
6891,▁seriously,-6631
6892,▁west,-6632
6893,▁institutions,-6633
6894,asters,-6634
6895,▁pounds,-6635
6896,▁Zealand,-6636
6897,worth,-6637
6898,▁Email,-6638
6899,▁sudden,-6639
6900,▁destination,-6640
6901,▁shower,-6641
6902,▁networks,-6642
6903,▁regulations,-6643
6904,▁instance,-6644
6905,▁distinct,-6645
6906,ba,-6646
6907,▁Dist,-6647
6908,▁external,-6648
6909,▁Foot,-6649
6910,▁unable,-6650
6911,icial,-6651
6912,▁Tick,-6652
6913,obby,-6653
6914,quir,-6654
6915,▁Smart,-6655
6916,▁creates,-6656
6917,▁situations,-6657
6918,uling,-6658
6919,▁Miami,-6659
6920,▁CO,-6660
6921,▁infect,-6661
6922,ilst,-6662
6923,▁empt,-6663
6924,▁arg,-6664
6925,HS,-6665
6926,ican,-6666
6927,▁historic,-6667
6928,arrow,-6668
6929,orders,-6669
6930,To,-6670
6931,foot,-6671
6932,▁tracks,-6672
6933,▁eligible,-6673
6934,class,-6674
6935,ircle,-6675
6936,▁),-6676
6937,▁motion,-6677
6938,inos,-6678
6939,▁frequently,-6679
6940,ras,-6680
6941,oker,-6681
6942,▁capture,-6682
6943,▁Pacific,-6683
6944,MP,-6684
6945,▁Broad,-6685
6946,▁PDF,-6686
6947,▁bab,-6687
6948,▁drawing,-6688
6949,agon,-6689
6950,▁vul,-6690
6951,▁Ask,-6691
6952,▁hire,-6692
6953,▁proven,-6693
6954,▁contribute,-6694
6955,bury,-6695
6956,▁alongside,-6696
6957,▁recording,-6697
6958,amps,-6698
6959,plate,-6699
6960,▁transition,-6700
6961,▁Engineering,-6701
6962,ashed,-6702
6963,▁Pract,-6703
6964,▁Unfortunately,-6704
6965,▁exhibition,-6705
6966,aze,-6706
6967,▁Stat,-6707
6968,earing,-6708
6969,One,-6709
6970,▁Northern,-6710
6971,▁Ray,-6711
6972,▁developers,-6712
6973,umps,-6713
6974,▁membership,-6714
6975,▁Come,-6715
6976,▁Fall,-6716
6977,▁surprised,-6717
6978,elry,-6718
6979,▁Very,-6719
6980,▁availability,-6720
6981,▁rein,-6721
6982,▁streets,-6722
6983,▁soph,-6723
6984,▁lucky,-6724
6985,▁submitted,-6725
6986,oured,-6726
6987,▁lessons,-6727
6988,star,-6728
6989,▁flood,-6729
6990,▁grass,-6730
6991,nam,-6731
6992,ulf,-6732
6993,▁savings,-6733
6994,ucky,-6734
6995,▁bat,-6735
6996,▁typical,-6736
6997,▁km,-6737
6998,▁tip,-6738
6999,▁deck,-6739
7000,▁worst,-6740
7001,▁religious,-6741
7002,▁Term,-6742
7003,▁risks,-6743
7004,De,-6744
7005,▁vacc,-6745
7006,ented,-6746
7007,▁liquid,-6747
7008,▁:),-6748
7009,ounter,-6749
7010,equ,-6750
7011,uter,-6751
7012,▁blend,-6752
7013,▁Po,-6753
7014,▁diss,-6754
7015,▁quote,-6755
7016,neys,-6756
7017,▁inch,-6757
7018,▁Sales,-6758
7019,▁hate,-6759
7020,▁hurt,-6760
7021,▁filter,-6761
7022,▁crucial,-6762
7023,adow,-6763
7024,onto,-6764
7025,▁Hou,-6765
7026,▁stir,-6766
7027,▁anticip,-6767
7028,▁wra,-6768
7029,born,-6769
7030,▁Finally,-6770
7031,▁papers,-6771
7032,rowse,-6772
7033,▁Taylor,-6773
7034,.',-6774
7035,onym,-6775
7036,▁rental,-6776
7037,▁younger,-6777
7038,aints,-6778
7039,▁fighting,-6779
7040,do,-6780
7041,▁decade,-6781
7042,active,-6782
7043,▁joining,-6783
7044,▁Carl,-6784
7045,▁sky,-6785
7046,▁gorgeous,-6786
7047,▁performing,-6787
7048,tain,-6788
7049,you,-6789
7050,erman,-6790
7051,aturally,-6791
7052,II,-6792
7053,▁closely,-6793
7054,▁pitch,-6794
7055,At,-6795
7056,▁OR,-6796
7057,▁Ball,-6797
7058,▁strategic,-6798
7059,▁spark,-6799
7060,▁workshop,-6800
7061,▁cm,-6801
7062,icit,-6802
7063,▁Sat,-6803
7064,▁facilit,-6804
7065,athan,-6805
7066,▁banks,-6806
7067,▁defend,-6807
7068,▁flexible,-6808
7069,▁terr,-6809
7070,nic,-6810
7071,▁listening,-6811
7072,uine,-6812
7073,▁capable,-6813
7074,▁legislation,-6814
7075,▁index,-6815
7076,ingly,-6816
7077,▁operate,-6817
7078,▁organized,-6818
7079,▁kit,-6819
7080,UL,-6820
7081,▁choosing,-6821
7082,▁hall,-6822
7083,▁liked,-6823
7084,▁Jac,-6824
7085,▁Kat,-6825
7086,▁Radio,-6826
7087,xx,-6827
7088,▁Ron,-6828
7089,rell,-6829
7090,▁soil,-6830
7091,resents,-6831
7092,▁legs,-6832
7093,▁Standard,-6833
7094,▁cos,-6834
7095,ographic,-6835
7096,▁compens,-6836
7097,▁volunteers,-6837
7098,▁pin,-6838
7099,▁meals,-6839
7100,▁Professional,-6840
7101,ava,-6841
7102,Read,-6842
7103,▁Cut,-6843
7104,▁Cab,-6844
7105,▁adm,-6845
7106,arters,-6846
7107,▁privacy,-6847
7108,▁increases,-6848
7109,▁injured,-6849
7110,▁engagement,-6850
7111,▁arrive,-6851
7112,car,-6852
7113,▁reputation,-6853
7114,▁counsel,-6854
7115,▁aside,-6855
7116,▁suggested,-6856
7117,▁relief,-6857
7118,▁Brazil,-6858
7119,odd,-6859
7120,pes,-6860
7121,Ad,-6861
7122,▁juice,-6862
7123,▁pulled,-6863
7124,▁tank,-6864
7125,▁debate,-6865
7126,▁arms,-6866
7127,law,-6867
7128,▁obl,-6868
7129,hot,-6869
7130,▁concert,-6870
7131,ura,-6871
7132,entle,-6872
7133,▁Es,-6873
7134,▁SC,-6874
7135,stal,-6875
7136,▁Mom,-6876
7137,illiant,-6877
7138,▁Arizona,-6878
7139,▁moves,-6879
7140,▁Credit,-6880
7141,▁belief,-6881
7142,▁proceed,-6882
7143,▁Sea,-6883
7144,▁garage,-6884
7145,▁dynamic,-6885
7146,uis,-6886
7147,adel,-6887
7148,▁immediate,-6888
7149,▁Bible,-6889
7150,▁estimated,-6890
7151,But,-6891
7152,▁mm,-6892
7153,▁matches,-6893
7154,ppy,-6894
7155,▁approval,-6895
7156,▁believed,-6896
7157,pons,-6897
7158,▁LED,-6898
7159,▁Ra,-6899
7160,▁warn,-6900
7161,▁spoke,-6901
7162,▁Source,-6902
7163,▁jun,-6903
7164,uclear,-6904
7165,▁Ms,-6905
7166,▁LLC,-6906
7167,▁attached,-6907
7168,▁enjoying,-6908
7169,faction,-6909
7170,▁downtown,-6910
7171,▁exposure,-6911
7172,▁relatively,-6912
7173,▁Order,-6913
7174,▁monitoring,-6914
7175,▁shops,-6915
7176,▁storm,-6916
7177,▁spiritual,-6917
7178,▁Phys,-6918
7179,▁buck,-6919
7180,▁listing,-6920
7181,▁portfolio,-6921
7182,bar,-6922
7183,▁manual,-6923
7184,▁visited,-6924
7185,▁contrast,-6925
7186,▁continuing,-6926
7187,▁Ide,-6927
7188,▁||,-6928
7189,▁Lind,-6929
7190,Fi,-6930
7191,▁rice,-6931
7192,▁chose,-6932
7193,▁Ram,-6933
7194,▁ast,-6934
7195,By,-6935
7196,▁Brian,-6936
7197,▁normally,-6937
7198,phy,-6938
7199,▁charm,-6939
7200,▁seed,-6940
7201,▁chances,-6941
7202,▁Arab,-6942
7203,▁circumstances,-6943
7204,▁newly,-6944
7205,▁promise,-6945
7206,ati,-6946
7207,▁Stock,-6947
7208,▁agents,-6948
7209,▁justice,-6949
7210,ingu,-6950
7211,▁Event,-6951
7212,▁directed,-6952
7213,▁sending,-6953
7214,▁represents,-6954
7215,ardens,-6955
7216,cknow,-6956
7217,▁sight,-6957
7218,rich,-6958
7219,amsung,-6959
7220,▁bes,-6960
7221,▁Think,-6961
7222,▁ultimate,-6962
7223,▁Las,-6963
7224,▁Site,-6964
7225,▁teasp,-6965
7226,▁hosted,-6966
7227,acon,-6967
7228,▁Bed,-6968
7229,▁Prom,-6969
7230,▁guidelines,-6970
7231,bles,-6971
7232,▁ads,-6972
7233,▁Cru,-6973
7234,▁acid,-6974
7235,▁penal,-6975
7236,▁Line,-6976
7237,▁Being,-6977
7238,▁firms,-6978
7239,▁border,-6979
7240,▁Pow,-6980
7241,osc,-6981
7242,▁Mir,-6982
7243,inois,-6983
7244,▁Conc,-6984
7245,▁Medicine,-6985
7246,▁interface,-6986
7247,boy,-6987
7248,aters,-6988
7249,▁planet,-6989
7250,bing,-6990
7251,izza,-6991
7252,site,-6992
7253,▁loans,-6993
7254,▁($,-6994
7255,▁faces,-6995
7256,aste,-6996
7257,▁Kenn,-6997
7258,▁consequ,-6998
7259,RS,-6999
7260,sey,-7000
7261,▁Student,-7001
7262,▁Welcome,-7002
7263,▁phase,-7003
7264,▁liber,-7004
7265,▁dreams,-7005
7266,▁division,-7006
7267,▁tradition,-7007
7268,▁passing,-7008
7269,▁technique,-7009
7270,season,-7010
7271,▁iPad,-7011
7272,▁zone,-7012
7273,▁Choose,-7013
7274,▁reform,-7014
7275,▁Catholic,-7015
7276,AB,-7016
7277,▁urban,-7017
7278,▁domain,-7018
7279,▁breath,-7019
7280,ta,-7020
7281,alle,-7021
7282,hell,-7022
7283,asant,-7023
7284,▁discl,-7024
7285,▁fasc,-7025
7286,▁depress,-7026
7287,▁execut,-7027
7288,▁equipped,-7028
7289,▁hospit,-7029
7290,etic,-7030
7291,▁fuck,-7031
7292,oty,-7032
7293,▁USB,-7033
7294,▁linked,-7034
7295,Americ,-7035
7296,▁portion,-7036
7297,parent,-7037
7298,▁lapt,-7038
7299,▁Officer,-7039
7300,▁phones,-7040
7301,▁authors,-7041
7302,▁Webs,-7042
7303,▁vast,-7043
7304,▁dust,-7044
7305,▁collected,-7045
7306,Sc,-7046
7307,▁pleasure,-7047
7308,▁Again,-7048
7309,▁garlic,-7049
7310,▁objects,-7050
7311,▁posting,-7051
7312,▁Kevin,-7052
7313,▁forever,-7053
7314,▁tub,-7054
7315,▁Brad,-7055
7316,▁refund,-7056
7317,anny,-7057
7318,▁Give,-7058
7319,▁ancient,-7059
7320,▁capabilities,-7060
7321,bro,-7061
7322,▁Conf,-7062
7323,▁pharm,-7063
7324,▁drinking,-7064
7325,▁trig,-7065
7326,GA,-7066
7327,▁proof,-7067
7328,▁finance,-7068
7329,▁suc,-7069
7330,▁gallery,-7070
7331,ffered,-7071
7332,▁permanent,-7072
7333,days,-7073
7334,▁Continue,-7074
7335,inson,-7075
7336,▁Dun,-7076
7337,▁treatments,-7077
7338,▁consistent,-7078
7339,▁trick,-7079
7340,ulpt,-7080
7341,▁boxes,-7081
7342,▁merch,-7082
7343,▁saving,-7083
7344,▁fairly,-7084
7345,ih,-7085
7346,▁holidays,-7086
7347,rm,-7087
7348,iki,-7088
7349,▁stake,-7089
7350,▁Rod,-7090
7351,▁Living,-7091
7352,▁butt,-7092
7353,▁fifth,-7093
7354,omy,-7094
7355,ogether,-7095
7356,▁memories,-7096
7357,lusion,-7097
7358,▁implementation,-7098
7359,▁cotton,-7099
7360,▁formed,-7100
7361,▁PA,-7101
7362,▁Army,-7102
7363,▁Queen,-7103
7364,iations,-7104
7365,whel,-7105
7366,amber,-7106
7367,ults,-7107
7368,ounce,-7108
7369,▁Happy,-7109
7370,▁organis,-7110
7371,phones,-7111
7372,▁Asian,-7112
7373,▁Natural,-7113
7374,▁illness,-7114
7375,▁permission,-7115
7376,annels,-7116
7377,ensity,-7117
7378,▁flash,-7118
7379,▁Quality,-7119
7380,▁constit,-7120
7381,▁ceremony,-7121
7382,EA,-7122
7383,▁prove,-7123
7384,▁mortgage,-7124
7385,▁incredibly,-7125
7386,▁tie,-7126
7387,▁east,-7127
7388,▁ensuring,-7128
7389,▁tiss,-7129
7390,▁Sav,-7130
7391,bridge,-7131
7392,▁bodies,-7132
7393,▁Insurance,-7133
7394,▁initiative,-7134
7395,▁vulner,-7135
7396,▁possibility,-7136
7397,That,-7137
7398,▁Remember,-7138
7399,▁recommendations,-7139
7400,▁facts,-7140
7401,▁tooth,-7141
7402,▁Ur,-7142
7403,▁heads,-7143
7404,▁Studies,-7144
7405,CT,-7145
7406,▁discussed,-7146
7407,Book,-7147
7408,▁upgrade,-7148
7409,ultural,-7149
7410,▁SS,-7150
7411,▁susp,-7151
7412,isa,-7152
7413,▁mand,-7153
7414,▁hur,-7154
7415,▁cuts,-7155
7416,▁Hollywood,-7156
7417,▁stim,-7157
7418,missions,-7158
7419,▁volunteer,-7159
7420,holders,-7160
7421,ership,-7161
7422,)|,-7162
7423,▁wireless,-7163
7424,abetes,-7164
7425,respond,-7165
7426,▁trib,-7166
7427,▁Administration,-7167
7428,▁Ros,-7168
7429,▁theory,-7169
7430,▁vegetables,-7170
7431,rible,-7171
7432,▁id,-7172
7433,anes,-7173
7434,▁pit,-7174
7435,▁smell,-7175
7436,▁priority,-7176
7437,ctive,-7177
7438,▁reader,-7178
7439,▁superv,-7179
7440,▁walked,-7180
7441,onna,-7181
7442,allas,-7182
7443,▁Cand,-7183
7444,▁roles,-7184
7445,▁suggestions,-7185
7446,▁bench,-7186
7447,uration,-7187
7448,▁Express,-7188
7449,▁acknow,-7189
7450,▁victims,-7190
7451,▁Oak,-7191
7452,▁Chall,-7192
7453,anned,-7193
7454,▁mile,-7194
7455,▁Software,-7195
7456,▁pra,-7196
7457,%.,-7197
7458,▁lawyer,-7198
7459,aron,-7199
7460,▁solve,-7200
7461,zes,-7201
7462,▁Emer,-7202
7463,▁magic,-7203
7464,▁Mill,-7204
7465,▁Houston,-7205
7466,▁attractive,-7206
7467,bell,-7207
7468,▁gaming,-7208
7469,▁realized,-7209
7470,▁industries,-7210
7471,▁communications,-7211
7472,▁hole,-7212
7473,▁blocks,-7213
7474,▁encouraged,-7214
7475,Pl,-7215
7476,▁Ira,-7216
7477,▁Personal,-7217
7478,▁presents,-7218
7479,▁absor,-7219
7480,▁bars,-7220
7481,▁recognize,-7221
7482,▁basketball,-7222
7483,tw,-7223
7484,olis,-7224
7485,▁dent,-7225
7486,▁hidden,-7226
7487,▁causing,-7227
7488,uls,-7228
7489,▁Iran,-7229
7490,▁publ,-7230
7491,eling,-7231
7492,▁Secretary,-7232
7493,▁Justice,-7233
7494,esy,-7234
7495,▁titles,-7235
7496,ione,-7236
7497,▁magn,-7237
7498,▁Pu,-7238
7499,▁Meanwhile,-7239
7500,iger,-7240
7501,▁NFL,-7241
7502,▁celebration,-7242
7503,▁seasons,-7243
7504,axy,-7244
7505,uster,-7245
7506,▁embr,-7246
7507,▁Joseph,-7247
7508,▁loving,-7248
7509,▁Pak,-7249
7510,▁Illinois,-7250
7511,▁personally,-7251
7512,▁evol,-7252
7513,acious,-7253
7514,▁Airport,-7254
7515,▁Experience,-7255
7516,▁Jr,-7256
7517,▁Fact,-7257
7518,▁claimed,-7258
7519,▁instrument,-7259
7520,▁cookies,-7260
7521,▁enem,-7261
7522,▁mainly,-7262
7523,▁dealing,-7263
7524,ylvan,-7264
7525,▁aspect,-7265
7526,App,-7266
7527,izer,-7267
7528,▁Policy,-7268
7529,▁Therefore,-7269
7530,iking,-7270
7531,▁Learning,-7271
7532,▁Clin,-7272
7533,▁Kids,-7273
7534,ainless,-7274
7535,▁requests,-7275
7536,▁scheme,-7276
7537,▁broke,-7277
7538,▁finds,-7278
7539,▁spots,-7279
7540,▁marked,-7280
7541,nesota,-7281
7542,▁venue,-7282
7543,▁murder,-7283
7544,▁buyers,-7284
7545,▁calendar,-7285
7546,▁rig,-7286
7547,▁bridge,-7287
7548,▁habit,-7288
7549,gypt,-7289
7550,▁raw,-7290
7551,RI,-7291
7552,▁enroll,-7292
7553,▁Estate,-7293
7554,▁publication,-7294
7555,▁Base,-7295
7556,da,-7296
7557,then,-7297
7558,▁FL,-7298
7559,▁split,-7299
7560,▁Band,-7300
7561,▁swimming,-7301
7562,uan,-7302
7563,▁Fred,-7303
7564,▁Stay,-7304
7565,▁Vegas,-7305
7566,▁EV,-7306
7567,level,-7307
7568,▁Case,-7308
7569,▁Tool,-7309
7570,wear,-7310
7571,▁bow,-7311
7572,inton,-7312
7573,▁Ba,-7313
7574,▁Lew,-7314
7575,▁Mix,-7315
7576,▁expansion,-7316
7577,▁categories,-7317
7578,ials,-7318
7579,▁handling,-7319
7580,▁Film,-7320
7581,▁meets,-7321
7582,▁Motor,-7322
7583,▁climb,-7323
7584,imize,-7324
7585,▁Create,-7325
7586,▁achieved,-7326
7587,burgh,-7327
7588,urse,-7328
7589,▁Toronto,-7329
7590,▁mut,-7330
7591,▁saved,-7331
7592,▁slowly,-7332
7593,▁talked,-7333
7594,▁programming,-7334
7595,▁travell,-7335
7596,inator,-7336
7597,▁Story,-7337
7598,▁forth,-7338
7599,▁giant,-7339
7600,▁architecture,-7340
7601,page,-7341
7602,ateful,-7342
7603,▁seats,-7343
7604,▁Season,-7344
7605,▁Yet,-7345
7606,▁extension,-7346
7607,▁porn,-7347
7608,▁empty,-7348
7609,Tr,-7349
7610,▁covering,-7350
7611,▁Mov,-7351
7612,▁Rub,-7352
7613,apore,-7353
7614,▁driven,-7354
7615,▁explains,-7355
7616,▁Material,-7356
7617,▁marks,-7357
7618,▁copyright,-7358
7619,▁exec,-7359
7620,▁somewhere,-7360
7621,ifer,-7361
7622,▁proposal,-7362
7623,stra,-7363
7624,▁unw,-7364
7625,▁GM,-7365
7626,▁Dar,-7366
7627,eah,-7367
7628,TER,-7368
7629,wan,-7369
7630,wich,-7370
7631,▁noise,-7371
7632,▁Dam,-7372
7633,▁packages,-7373
7634,cons,-7374
7635,▁describe,-7375
7636,▁Davis,-7376
7637,▁desired,-7377
7638,▁wins,-7378
7639,CD,-7379
7640,books,-7380
7641,▁orange,-7381
7642,FA,-7382
7643,RL,-7383
7644,▁Member,-7384
7645,▁Stan,-7385
7646,▁blank,-7386
7647,▁anyway,-7387
7648,▁pricing,-7388
7649,▁singer,-7389
7650,OO,-7390
7651,▁surprising,-7391
7652,▁Save,-7392
7653,▁widely,-7393
7654,▁recognition,-7394
7655,▁birds,-7395
7656,▁generate,-7396
7657,▁lets,-7397
7658,▁pocket,-7398
7659,▁CN,-7399
7660,▁stuck,-7400
7661,▁replaced,-7401
7662,▁Prime,-7402
7663,▁clicking,-7403
7664,▁gall,-7404
7665,▁Gallery,-7405
7666,▁Mess,-7406
7667,▁doctors,-7407
7668,▁gay,-7408
7669,▁substant,-7409
7670,▁suffering,-7410
7671,▁Own,-7411
7672,▁fest,-7412
7673,▁hell,-7413
7674,ja,-7414
7675,▁Would,-7415
7676,rage,-7416
7677,▁err,-7417
7678,▁bare,-7418
7679,▁Miller,-7419
7680,▁interactive,-7420
7681,lers,-7421
7682,▁Isl,-7422
7683,▁clar,-7423
7684,▁accomplish,-7424
7685,▁combine,-7425
7686,▁Shipping,-7426
7687,▁Hold,-7427
7688,▁Jord,-7428
7689,▁nights,-7429
7690,▁Bang,-7430
7691,▁purchasing,-7431
7692,▁exceptional,-7432
7693,▁Capital,-7433
7694,▁expressed,-7434
7695,▁Brook,-7435
7696,▁muscle,-7436
7697,▁Pict,-7437
7698,▁insight,-7438
7699,▁Memorial,-7439
7700,ding,-7440
7701,▁bunch,-7441
7702,▁mood,-7442
7703,▁percentage,-7443
7704,▁Bell,-7444
7705,▁Table,-7445
7706,bel,-7446
7707,rency,-7447
7708,▁suggests,-7448
7709,▁Cro,-7449
7710,▁Force,-7450
7711,▁basically,-7451
7712,▁Additionally,-7452
7713,▁hat,-7453
7714,▁staying,-7454
7715,▁breaking,-7455
7716,▁slic,-7456
7717,▁ski,-7457
7718,▁compat,-7458
7719,▁engaged,-7459
7720,▁announcement,-7460
7721,run,-7461
7722,▁Ess,-7462
7723,▁Adam,-7463
7724,▁Auto,-7464
7725,▁Samsung,-7465
7726,▁Sep,-7466
7727,▁writers,-7467
7728,▁manufacturers,-7468
7729,zing,-7469
7730,ludes,-7470
7731,otted,-7471
7732,▁remark,-7472
7733,▁destroy,-7473
7734,▁Irish,-7474
7735,alo,-7475
7736,▁interpret,-7476
7737,▁specialist,-7477
7738,igate,-7478
7739,▁Forest,-7479
7740,▁Theatre,-7480
7741,▁Minnesota,-7481
7742,CS,-7482
7743,lessly,-7483
7744,▁feelings,-7484
7745,▁compliance,-7485
7746,alse,-7486
7747,▁Labor,-7487
7748,▁printing,-7488
7749,lements,-7489
7750,▁coat,-7490
7751,▁scenes,-7491
7752,▁performances,-7492
7753,odge,-7493
7754,esh,-7494
7755,▁Liber,-7495
7756,▁graphics,-7496
7757,▁Pin,-7497
7758,▁overwhel,-7498
7759,▁Rand,-7499
7760,▁vice,-7500
7761,▁apparently,-7501
7762,▁heav,-7502
7763,▁king,-7503
7764,rome,-7504
7765,▁resistance,-7505
7766,▁ultimately,-7506
7767,▁professor,-7507
7768,▁MD,-7508
7769,▁Recent,-7509
7770,▁narr,-7510
7771,▁pride,-7511
7772,▁producing,-7512
7773,▁mere,-7513
7774,▁Mrs,-7514
7775,inals,-7515
7776,▁headed,-7516
7777,▁consists,-7517
7778,▁Treat,-7518
7779,▁Annual,-7519
7780,iot,-7520
7781,▁shell,-7521
7782,▁riding,-7522
7783,▁agric,-7523
7784,▁LA,-7524
7785,▁Tenn,-7525
7786,▁Diego,-7526
7787,▁drinks,-7527
7788,▁inner,-7528
7789,▁classroom,-7529
7790,AND,-7530
7791,▁Square,-7531
7792,▁Pen,-7532
7793,▁impossible,-7533
7794,▁CR,-7534
7795,▁Cover,-7535
7796,▁Seattle,-7536
7797,EP,-7537
7798,▁Studio,-7538
7799,▁shouldn,-7539
7800,child,-7540
7801,▁charity,-7541
7802,▁preparation,-7542
7803,▁Agency,-7543
7804,▁formal,-7544
7805,HA,-7545
7806,▁Iraq,-7546
7807,ureau,-7547
7808,▁founder,-7548
7809,▁concrete,-7549
7810,ns,-7550
7811,och,-7551
7812,▁genuine,-7552
7813,▁Gro,-7553
7814,▁Location,-7554
7815,ls,-7555
7816,ylvania,-7556
7817,▁Eastern,-7557
7818,▁anniversary,-7558
7819,▁casual,-7559
7820,stream,-7560
7821,▁yard,-7561
7822,▁dishes,-7562
7823,▁Anth,-7563
7824,ologist,-7564
7825,▁recover,-7565
7826,stein,-7566
7827,▁strike,-7567
7828,▁acts,-7568
7829,ocation,-7569
7830,ilton,-7570
7831,▁Egypt,-7571
7832,▁Jewish,-7572
7833,▁Golden,-7573
7834,▁incorpor,-7574
7835,▁pic,-7575
7836,▁bills,-7576
7837,▁seeds,-7577
7838,▁packaging,-7578
7839,▁Map,-7579
7840,▁differences,-7580
7841,▁Vers,-7581
7842,icted,-7582
7843,▁Camer,-7583
7844,hour,-7584
7845,unes,-7585
7846,▁FA,-7586
7847,▁hotels,-7587
7848,▁fits,-7588
7849,▁brilliant,-7589
7850,▁Talk,-7590
7851,▁pace,-7591
7852,▁rum,-7592
7853,▁rug,-7593
7854,▁authority,-7594
7855,heast,-7595
7856,▁default,-7596
7857,▁reducing,-7597
7858,▁consultation,-7598
7859,acc,-7599
7860,▁succeed,-7600
7861,▁resulting,-7601
7862,▁hel,-7602
7863,▁duty,-7603
7864,▁healing,-7604
7865,ingers,-7605
7866,▁defined,-7606
7867,▁Following,-7607
7868,iler,-7608
7869,▁Anal,-7609
7870,▁Level,-7610
7871,phia,-7611
7872,▁centers,-7612
7873,▁enthusi,-7613
7874,ESS,-7614
7875,▁compr,-7615
7876,des,-7616
7877,▁Spec,-7617
7878,▁Sound,-7618
7879,▁actor,-7619
7880,▁Dark,-7620
7881,▁Working,-7621
7882,▁precise,-7622
7883,▁Customer,-7623
7884,ghan,-7624
7885,▁Nic,-7625
7886,▁forecast,-7626
7887,▁connections,-7627
7888,lee,-7628
7889,▁enterprise,-7629
7890,▁constant,-7630
7891,ila,-7631
7892,ifies,-7632
7893,▁packed,-7633
7894,being,-7634
7895,▁alive,-7635
7896,▁assault,-7636
7897,ucks,-7637
7898,▁complim,-7638
7899,▁OK,-7639
7900,----,-7640
7901,aska,-7641
7902,▁enables,-7642
7903,▁Solutions,-7643
7904,▁lists,-7644
7905,▁assum,-7645
7906,▁colours,-7646
7907,▁officially,-7647
7908,▁Wilson,-7648
7909,▁obviously,-7649
7910,rive,-7650
7911,Fr,-7651
7912,▁gym,-7652
7913,etry,-7653
7914,▁traveling,-7654
7915,▁Swed,-7655
7916,adelphia,-7656
7917,▁Consult,-7657
7918,▁dad,-7658
7919,usive,-7659
7920,▁boss,-7660
7921,asted,-7661
7922,▁Common,-7662
7923,▁extract,-7663
7924,▁Toy,-7664
7925,▁Ter,-7665
7926,ambling,-7666
7927,▁Collection,-7667
7928,▁Short,-7668
7929,▁ending,-7669
7930,▁clubs,-7670
7931,▁ocean,-7671
7932,▁flo,-7672
7933,owa,-7673
7934,▁Age,-7674
7935,▁Hun,-7675
7936,ashes,-7676
7937,▁Eric,-7677
7938,▁Dallas,-7678
7939,▁delivering,-7679
7940,ulating,-7680
7941,▁Perhaps,-7681
7942,▁vintage,-7682
7943,proof,-7683
7944,▁indeed,-7684
7945,▁watched,-7685
7946,▁resident,-7686
7947,▁unus,-7687
7948,▁legend,-7688
7949,▁experiment,-7689
7950,▁enforcement,-7690
7951,▁Autom,-7691
7952,▁Cloud,-7692
7953,▁Products,-7693
7954,)||,-7694
7955,▁deposit,-7695
7956,regon,-7696
7957,▁Bru,-7697
7958,anchester,-7698
7959,▁batt,-7699
7960,▁opens,-7700
7961,▁closing,-7701
7962,Sp,-7702
7963,▁Sym,-7703
7964,▁Golf,-7704
7965,▁Atlanta,-7705
7966,▁Things,-7706
7967,▁baseball,-7707
7968,▁pill,-7708
7969,▁designers,-7709
7970,utional,-7710
7971,▁Guard,-7711
7972,pson,-7712
7973,▁Tony,-7713
7974,ockey,-7714
7975,makers,-7715
7976,iac,-7716
7977,▁aims,-7717
7978,▁acting,-7718
7979,▁protest,-7719
7980,ela,-7720
7981,▁Ven,-7721
7982,▁franch,-7722
7983,▁massage,-7723
7984,raid,-7724
7985,ulum,-7725
7986,▁trim,-7726
7987,▁spray,-7727
7988,▁scan,-7728
7989,scribe,-7729
7990,▁Jay,-7730
7991,▁Jason,-7731
7992,▁Return,-7732
7993,▁involves,-7733
7994,▁obtained,-7734
7995,▁Lar,-7735
7996,▁Based,-7736
7997,rovers,-7737
7998,▁Month,-7738
7999,pends,-7739
8000,▁illegal,-7740
8001,nda,-7741
8002,inding,-7742
8003,▁chopped,-7743
8004,▁falling,-7744
8005,osophy,-7745
8006,▁suffered,-7746
8007,▁Roman,-7747
8008,▁narrow,-7748
8009,▁Jam,-7749
8010,▁Everyone,-7750
8011,▁Books,-7751
8012,▁attrib,-7752
8013,rated,-7753
8014,▁Mother,-7754
8015,vas,-7755
8016,▁speaker,-7756
8017,▁shoulder,-7757
8018,bits,-7758
8019,abeth,-7759
8020,▁CON,-7760
8021,▁Rog,-7761
8022,▁Change,-7762
8023,onut,-7763
8024,▁guaranteed,-7764
8025,una,-7765
8026,▁Uk,-7766
8027,▁trips,-7767
8028,▁improvements,-7768
8029,▁Vice,-7769
8030,issions,-7770
8031,▁sensitive,-7771
8032,▁CP,-7772
8033,▁Marc,-7773
8034,▁intent,-7774
8035,▁increasingly,-7775
8036,▁Among,-7776
8037,▁aggress,-7777
8038,▁struggle,-7778
8039,Cont,-7779
8040,▁primarily,-7780
8041,▁Pur,-7781
8042,▁politics,-7782
8043,▁whenever,-7783
8044,avor,-7784
8045,▁Cub,-7785
8046,▁solo,-7786
8047,making,-7787
8048,▁reasonable,-7788
8049,▁Partners,-7789
8050,▁Bad,-7790
8051,▁Paper,-7791
8052,▁lin,-7792
8053,▁tired,-7793
8054,▁DO,-7794
8055,▁plot,-7795
8056,▁prize,-7796
8057,leep,-7797
8058,▁anymore,-7798
8059,▁channels,-7799
8060,▁Station,-7800
8061,▁crash,-7801
8062,▁scientists,-7802
8063,▁displayed,-7803
8064,▁everywhere,-7804
8065,▁Korea,-7805
8066,greg,-7806
8067,▁knock,-7807
8068,▁Limited,-7808
8069,▁analyst,-7809
8070,▁winners,-7810
8071,▁carrying,-7811
8072,▁Has,-7812
8073,▁Model,-7813
8074,▁recre,-7814
8075,▁elev,-7815
8076,nders,-7816
8077,▁highlights,-7817
8078,▁recyc,-7818
8079,andemic,-7819
8080,sylvania,-7820
8081,▁Transport,-7821
8082,▁statements,-7822
8083,wart,-7823
8084,▁Josh,-7824
8085,terior,-7825
8086,▁oppon,-7826
8087,▁dollar,-7827
8088,▁warranty,-7828
8089,▁Weight,-7829
8090,▁attending,-7830
8091,▁expenses,-7831
8092,ORE,-7832
8093,zzle,-7833
8094,▁slot,-7834
8095,▁filling,-7835
8096,▁maintaining,-7836
8097,acher,-7837
8098,ilty,-7838
8099,▁Roll,-7839
8100,▁talented,-7840
8101,▁mob,-7841
8102,▁Dead,-7842
8103,▁Must,-7843
8104,▁chips,-7844
8105,▁recip,-7845
8106,▁lifetime,-7846
8107,▁,-7847
8108,e,-7848
8109,t,-7849
8110,a,-7850
8111,o,-7851
8112,i,-7852
8113,n,-7853
8114,s,-7854
8115,r,-7855
8116,h,-7856
8117,l,-7857
8118,d,-7858
8119,c,-7859
8120,u,-7860
8121,m,-7861
8122,p,-7862
8123,g,-7863
8124,f,-7864
8125,y,-7865
8126,w,-7866
8127,b,-7867
8128,.,-7868
8129,v,-7869
8130,",",-7870
8131,k,-7871
8132,T,-7872
8133,S,-7873
8134,I,-7874
8135,A,-7875
8136,-,-7876
8137,C,-7877
8138,0,-7878
8139,M,-7879
8140,1,-7880
8141,P,-7881
8142,x,-7882
8143,B,-7883
8144,2,-7884
8145,W,-7885
8146,D,-7886
8147,R,-7887
8148,E,-7888
8149,H,-7889
8150,F,-7890
8151,’,-7891
8152,L,-7892
8153,N,-7893
8154,O,-7894
8155,',-7895
8156,:,-7896
8157,G,-7897
8158,j,-7898
8159,),-7899
8160,(,-7900
8161,z,-7901
8162,3,-7902
8163,5,-7903
8164,q,-7904
8165,U,-7905
8166,4,-7906
8167,"""",-7907
8168,J,-7908
8169,9,-7909
8170,8,-7910
8171,6,-7911
8172,V,-7912
8173,Y,-7913
8174,K,-7914
8175,7,-7915
8176,!,-7916
8177,|,-7917
8178,/,-7918
8179,“,-7919
8180,”,-7920
8181,?,-7921
8182,–,-7922
8183,;,-7923
8184,&,-7924
8185,$,-7925
8186,Q,-7926
8187,—,-7927
8188,%,-7928
8189,X,-7929
8190,Z,-7930
8191,*,-7931
